<?xml version="1.0" encoding="utf-8"?><?xml-model  href="https://TU-plogan.github.io/code/odd/tei_kp1.rng" type="application/xml" schematypens="http://relaxng.org/ns/structure/1.0"?>
<TEI xml:id="kp-eb0702-0342-0041-05" xml:lang="en" xmlns="http://www.tei-c.org/ns/1.0">
    <teiHeader>
        <fileDesc>
            <titleStmt xml:id="eb07_v3.0">
                <title level="a" type="main">ABRAHAM</title>
                <title level="m" type="main">Encyclopaedia Britannica: A machine-readable
                    transcription</title>
                <title level="m" type="sub">7th edition, volume 2, page 41</title>
                <editor>Edited by <persName ref="https://orcid.org/0000-0003-2362-8282"
                    role="editor" xml:id="pml">Peter Melville Logan</persName></editor>
                <respStmt>
                    <orgName xml:id="kp">Nineteenth-Century Knowledge Project Staff,
                        <affiliation>Temple University</affiliation></orgName>
                    <resp>OCR transcription and data management</resp>
                </respStmt>
                <respStmt>
                    <persName ref="https://orcid.org/0000-0001-7819-5360" xml:id="jg">Jane
                        Greenberg, <affiliation>Metadata Research Center, Drexel
                        University</affiliation></persName>
                    <resp>metadata development</resp>
                </respStmt>
                <respStmt>
                    <persName xml:id="dk">Don Kretz, <affiliation>Distributed
                        Proofreading</affiliation></persName>
                    <resp>data management</resp>
                </respStmt>
                <funder><orgName ref="http://viaf.org/viaf/137796012" xml:id="neh">National
                    Endowment for the Humanities</orgName></funder>
                <funder><orgName ref="http://viaf.org/viaf/121974598" xml:id="imls">Institute of
                    Museum and Library Services</orgName></funder>
                <funder><orgName ref="http://viaf.org/viaf/127396206" xml:id="tu">Temple
                    University</orgName></funder>
                <sponsor><orgName ref="http://viaf.org/viaf/3653147665869560670009" xml:id="cci"
                    >Drexel University, College of Computing &amp; Informatics</orgName></sponsor>
            </titleStmt>
            <editionStmt>
                <edition n="3.0">Version 3.0<date when="2024">2024</date></edition>
            </editionStmt>
            <extent>464 MB; 21,116 XML files </extent>
            <publicationStmt>
                <publisher corresp="kp"><orgName corresp="kp">Nineteenth-Century Knowledge
                    Project</orgName><email>nckp@temple.edu</email><link
                    target="https://github.com/TU-plogan/KnowledgeProject"/></publisher>
                <availability status="free">
                    <p>Licensed under a Creative Commons Attribution 4.0 International License.</p>
                    <licence target="https://creativecommons.org/licenses/by/4.0/"> CC BY 4.0
                    </licence>
                </availability>
                <date when="2024">2024</date>
            </publicationStmt>
            <seriesStmt>
                <title level="s">Encyclopaedia Britannica: A machine-readable transcription</title>
                <editor corresp="pml">Peter Melville Logan</editor>
            </seriesStmt>
            <sourceDesc>
                <biblFull xml:lang="en">
                    <titleStmt>
                        <title level="m">Encyclopaedia Britannica</title>
                        <editor><persName ref="http://viaf.org/viaf/79392506" xml:id="mn">Napier,
                            Macvey, 1776-1847</persName></editor>
                    </titleStmt>
                    <editionStmt>
                        <edition>Seventh Edition</edition>
                    </editionStmt>
                    <extent><measure quantity="21" unit="vol">21 volumes</measure></extent>
                    <publicationStmt>
                        <publisher>Adam and Charles Black</publisher>
                        <pubPlace>Edinburgh</pubPlace>
                        <date from="1830" to="1842">1830-1842</date>
                    </publicationStmt>
                    <sourceDesc>
                        <bibl xml:id="NLS"><title>Seventh edition - Encyclopaedia Britannica
                            [190218838]</title><publisher><orgName
                            ref="https://digital.nls.uk/encyclopaedia-britannica/archive/190218838"
                            >National Library of Scotland</orgName></publisher><date when="2019"
                            >2019</date><idno type="DOI">https://doi.org/10.34812/cg4r-dn40</idno><availability>
                            <p>National Library of Scotland License: CC BY 4.0</p>
                            <licence target="https://creativecommons.org/licenses/by/4.0/">CC BY 4.0
                            </licence>
                            </availability></bibl>
                    </sourceDesc>
                </biblFull>
                <listBibl>
                    <head>Alternate image sources for this edition:</head>
                    <bibl xml:id="UW-HT">Hathi Trust, from print source at the University of
                        Wisconsin: vol. 9, pp. 29, 31, 32, 36, 37, 39, 41, 48, 50-55, 57, 59, 62,
                        63, 66, 67, 69-71, 76, 88; vol. 19 (all).</bibl>
                    <bibl xml:id="UCH-HT">Hathi Trust, from print source at the University of
                        Chicago: vol. 10, pp. 7-10; vols. 20, 21 (all).</bibl>
                </listBibl>
            </sourceDesc>
        </fileDesc>
        <encodingDesc>
            <editorialDecl>
                <ab><list rend="bulleted" type="basic">
                    <item>Encoding has been done using the recommendations for Level 3 of the "TEI
                        in Libraries Guidelines."</item>
                    <item>Individual entries and page-breaks are encoded, but column breaks are
                        omitted.</item>
                    <item>Print page headers and side descriptions are not included.</item>
                    <item>OCR successfully reproduced simple tables, but complex tabular data is not
                        captured dependably and the results should not be relied upon.</item>
                    <item>OCR was not able to successfully reproduce math and chemical formulas. The
                        uncorrected results remain in the text.</item>
                    <item>Some font formatting is preserved: <val>italic</val>,
                        <val>smallcaps</val>, <val>strikethrough</val>, <val>subscript</val>,
                        <val>superscript</val>, <val>underline</val>. The following print styles are
                        ignored: bold, font size, typeface.</item>
                    </list></ab>
                <correction method="markup" status="low">
                    <p>This electronic text file was created by optical character recognition (OCR).
                        Some OCR errors have been corrected.</p>
                    <p>Illegible text in the original is indicated using <gi>unclear</gi> or
                        <gi>gap</gi>, as appropriate. If corrected, the reference source is
                        indicated with <gi>supplied</gi>.</p>
                    <p>Some volumes of the print edition substituted "c" for "e" letters across
                        multiple pages. These are silently corrected.</p>
                </correction>
                <normalization method="silent">
                    <p>Original spelling is preserved. When noticed, obvious misspellings are
                        combined with the correct spelling as <gi>choice</gi> in the TEI. Ligatures
                        are reproduced as multiple letters. Original footnote and marginal note
                        sigla are replaced with sequential numbers for each entry.</p>
                </normalization>
                <punctuation marks="some">
                    <p>Extra space around punctuation marks is removed.</p>
                    <p>Ordinal numbers, such as 1st, 2ndly, etc., are inconsistently italicized in
                        the printed text; they are normalized as roman throughout.</p>
                </punctuation>
                <quotation marks="some">
                    <p>Quotation marks are retained as content in the text. Redundant open quotation
                        marks at the start of lines inside block quotes are silently removed.</p>
                </quotation>
                <hyphenation eol="hard">
                    <p>Soft hyphens are silently removed.</p>
                </hyphenation>
                <segmentation>
                    <p>The <tag>div type="entry"</tag> element divides the text into individual
                        entries.</p>
                    <p>The <tag>div type="section"</tag> and <tag>div type="subsection"</tag>
                        elements are reserved for entry subsections, but their inclusion is largely
                        aspirational.</p>
                </segmentation>
            </editorialDecl>
            <tagsDecl>
                <namespace name="http://www.tei-c.org/ns/1.0">
                    <tagUsage gi="div">Unnumbered <gi>div</gi> tags are used throughout.</tagUsage>
                </namespace>
            </tagsDecl>
            <projectDesc>
                <p>All text was encoded for the Nineteenth-Century Knowledge Project to provide a
                    machine-readable edition of the Encyclopedia Britannica to analyze using
                    machine-learning methods.</p>
                <p>Subject keywords are added to <gi>teiHeader</gi> for each entry; they were
                    generated by the HIVE2 automated vocabulary server, created by the Metadata
                    Research Center at Drexel University (<link
                    target="https://hive2.cci.drexel.edu"/>https://hive2.cci.drexel.edu).</p>
            </projectDesc>
            <samplingDecl>
                <p>This release reproduces the text matter for all entries. It does not include
                    images, front- or back-matter. It omits volume 1, which consists of
                    "Dissertations" rather than entries. The reproduction of tables and formulae is
                    unreliable. </p>
            </samplingDecl>
            <listPrefixDef>
                <prefixDef ident="fast" matchPattern="(\d+)"
                    replacementPattern="http://id.worldcat.org/fast/$1">
                    <p>URIs with the prefix <code>fastgeo:</code> point to terms in the OCLC FAST
                        (Faceted Application of Subject Terminology) Geographical subject heading
                        schema derived from the Library of Congress Subject Headings (LCSH).</p>
                </prefixDef>
                <prefixDef ident="fast" matchPattern="(\d+)"
                    replacementPattern="http://id.worldcat.org/fast/$1">
                    <p>URIs with the prefix <code>fasttopic:</code> point to terms in the OCLC FAST
                        (Faceted Application of Subject Terminology) Topical subject heading schema
                        derived from the Library of Congress Subject Headings (LCSH).</p>
                </prefixDef>
                <prefixDef ident="lcsh1910" matchPattern="(\w+)"
                    replacementPattern="https://n2t.net/ark:/99152/$1">
                    <p>URIs with the prefix <code>lcsh1910:</code> point to subject terms in <hi
                        rend="italic">Subject Headings Used in the Dictionary Catalogues of the
                        Library of Congress</hi>, 2 vols., Library of Congress, 1910.</p>
                </prefixDef>
                <prefixDef ident="ht" matchPattern="([\w\-\.;=\&#34;&amp;]+)"
                    replacementPattern="https://babel.hathitrust.org/cgi/pt?id=$1">
                    <p>URIs with the prefix <code>ht:</code> point to page images in the Hathi
                        Trust.</p>
                </prefixDef>
                <prefixDef ident="ia" matchPattern="(\w+)"
                    replacementPattern="https://archive.org/details/$1">
                    <p>URIs with the prefix <code>ia:</code> point to page images in the Internet
                        Archive.</p>
                </prefixDef>
                <prefixDef ident="nls" matchPattern="([\w?\=]+)"
                    replacementPattern="https://digital.nls.uk/encyclopaedia-britannica/archive/$1">
                    <p>URIs with the prefix <code>nls:</code> point to page images in the National
                        Library of Scotland.</p>
                </prefixDef>
            </listPrefixDef>
        </encodingDesc>
        <profileDesc>
            <textClass default="false">
                <keywords scheme="http://id.worldcat.org/fast/">
                    <term n="2" ref="fasttopic:903991">Egyptians</term>
                    <term n="2" ref="fasttopic:983135">Jews</term>
                    <term n="1" ref="fasttopic:1061214">Phoenicians</term>
                    <term n="3" ref="fasttopic:1182566">Year</term>
                    <term n="2" ref="fasttopic:921865">Fathers</term>
                    <term n="2" ref="fasttopic:1126696">Sons</term>
                    <term n="2" ref="fasttopic:888613">Death</term>
                    <term n="2" ref="fasttopic:882407">Creationism</term>
                </keywords>
                <keywords scheme="https://id.cci.drexel.edu/">
                    <term n="3" ref="lcsh1910:b4fj29h67">Hebrews</term>
                    <term n="2" ref="lcsh1910:b4tt4fw77">Egyptians</term>
                    <term n="2" ref="lcsh1910:b4x34mt4n">Jews</term>
                    <term n="1" ref="lcsh1910:b4xd0r50f">Phoenicians</term>
                    <term n="1" ref="lcsh1910:b4vm42z9s">Jesuits</term>
                    <term n="2" ref="lcsh1910:b4kh0f02c">Death</term>
                    <term n="2" ref="lcsh1910:b4sn01649">Creation</term>
                    <term n="2" ref="lcsh1910:b4qz22p09">Patriarchs</term>
                    <term n="1" ref="lcsh1910:b43775w28">Books</term>
                </keywords>
                <keywords scheme="http://id.worldcat.org/fast/">
                    <term n="1" ref="fastgeo:1208755">Egypt</term>
                    <term n="1" ref="fastgeo:1754964">Rome</term>
                </keywords>
            </textClass>
        </profileDesc>
        <revisionDesc status="published">
            <listChange>
                <change n="3.0" status="public" when="2024-12-06" who="#pml">v3.0. Includes
                    significant corrections to the OCR text, predominantly in cases of confusing "c"
                    and "e." Isolates 90 entries that were mistakenly included at the end of prior
                    entries in v1 and v2. Normalizes ordinal numbers. Separates metadata in
                    <gi>teiHeader</gi> into two separate facets: FAST Topical and FAST Geographical.
                    Moves commas following <gi>pb</gi> in the text to preceding it and removes extra
                    space around the <gi>pb</gi> tag. Where a word is hyphenated at a <gi>pb</gi>,
                    the end fragment is now joined to the start fragment, making a machine-readable
                    word.</change>
                <change n="2.0" status="public" when="2023-10-11" who="#pml">v2.0. Isolates 42
                    entries that were mistakenly included at the end of prior entries in v1. Removes
                    <att>xml:id</att> from the <gi>div</gi> for the entry and adds it to the
                    <gi>TEI</gi> tag. Adds schema link to all files.</change>
                <change n="1.0" status="public" when="2022-11-28" who="#pml">v1.0. Initial
                    release.</change>
            </listChange>
        </revisionDesc>
    </teiHeader>
    <text>
        <body>
            <div facs="nls:193030342" type="entry">
                <p><label type="entry">ABRAHAM</label>, the father and stock whence the faithful
                    sprung, was the son of Terah. He was descended from Noah by Shem, from whom he
                    was nine degrees removed. Some fix his birth in the 130th year of Terah’s age,
                    but others place it in his father’s 70th year. It is highly probable he was born
                    in the city of Ur, in Chaldea, which he and his father left when they went to
                    Canaan, where they remained till the death of Terah; after which, Abraham
                    resumed his first design of going to Palestine. The Scriptures mention the
                    several places he stopped at in Canaan; his journey into Egypt, where his wife
                    was carried off from him; his going into Gerar, where Sarah was again taken from
                    him, but restored as before; the victory he obtained over the four kings who had
                    plundered Sodom; his compliance with his wife, who insisted that he should make
                    use of their maid Hagar in order to raise up children; the covenant God made
                    with him, sealed with the ceremony of circumcision; his obedience to the command
                    of God, who ordered him to offer up his only son as a sacrifice, and how this
                    bloody act was prevented; his marriage with Keturah; his death at the age of 175
                    years; and his interment in the cave of Machpelah, near the body of Sarah his
                    first wife.</p>
                <p>Abraham is said to have been well skilled in many sciences, and to have written
                    several books. Josephus<note anchored="true" place="margin" type="authorial"
                    ><p>Αntiq. lib. i. cap. 7, 8.</p></note> tells us that he taught the Egyptians
                    arithmetic and geometry; and according to Eupolemus and Artapan, he instructed
                    the Phoenicians, as well as the Egyptians, in astronomy. A work which treats of
                    the creation has been long ascribed to him: it is mentioned in the Talmud,<note
                    anchored="true" place="margin" type="authorial"><p>Heidegger, <hi rend="italic"
                    >Hist. Patriarch..</hi> tom. ii. p. 143.</p></note> and the rabbis Chanina and
                    Hoschia used to read it on the eve before the Sabbath. In the first ages of
                    Christianity, according to St Epiphanius,<note anchored="true" place="margin"
                    type="authorial"><p><hi rend="italic">Advers. Hoer.</hi> p. 286.</p></note> an
                    heretical sect, called <hi rend="italic">Sethinians,</hi> dispersed a piece
                    which had the title of <hi rend="italic">Abraham’s Revelation.</hi> Origen
                    mentions also a treatise supposed to have been written by this patriarch. The
                    book on the creation was printed at Paris in 1552, and translated into Latin by
                    Postel: Rittangel, a converted Jew, and professor at Königsberg, gave also a
                    Latin translation of it, with remarks, in 1642.</p>
                <p><hi rend="smallcaps">Abraham,</hi><hi rend="italic">Den Chaila,</hi> a Spanish
                    rabbi, in the 13th century, who professed astrology, and assumed the character
                    of a prophet. He pretended to predict the coming of the Messiah, which was to
                    happen in the year 1358; but fortunately he died in 1303, fifty-five years
                    before the time when the prediction was to be fulfilled. He wrote a book, <hi
                    rend="italic">De</hi><hi rend="italic">Nativitatibus,</hi> which was printed at
                    Rome in 1545.</p>
                <p><hi rend="smallcaps">Abraham Usque,</hi> a Portuguese Jew, who, in conjunction
                    with Tobias Athias, translated the Hebrew Bible into Spanish. It was printed at
                    Ferrara in 1553, and reprinted in Holland in 1630. This Bible, especially the
                    first edition, which is most valuable, is marked with stars at certain words,
                    which are designed to show that these words are difficult to be understood in
                    the Hebrew, and that they may be used in a different sense.</p>
                <pb break="no" facs="nls:193030355" xml:id="kp-eb0702-0355-0042"/>
                <p><hi rend="smallcaps">Abraham,</hi> or <hi rend="smallcaps">Abram,</hi><hi
                    rend="italic">Nicholas,</hi> a learned Jesuit, born in the diocese of Toul, in
                    Lorrain, in 1589. He obtained , the rank of divinity professor in the university
                    of Pont-a-Mouson, which he enjoyed 17 years, and died September 7. 1655. He
                    wrote Notes on Virgil and on Nonnius; A Commentary on some of Cicero’s Orations,
                    in two vols. folio; an excellent collection of theological pieces in folio,
                    entitled <hi rend="italic">Pharus Veteris Testamenti</hi><hi rend="italic"
                    >;</hi> and a Hebrew Grammar in verse.</p>
            </div>
        </body>
    </text>
</TEI>
