<?xml version="1.0" encoding="utf-8"?><?xml-model  href="https://TU-plogan.github.io/code/odd/tei_kp1.rng" type="application/xml" schematypens="http://relaxng.org/ns/structure/1.0"?>
<TEI xml:id="kp-eb0702-9978-0013-02" xml:lang="en" xmlns="http://www.tei-c.org/ns/1.0">
    <teiHeader>
        <fileDesc>
            <titleStmt xml:id="eb07_v3.0">
                <title level="a" type="main">ABBEY</title>
                <title level="m" type="main">Encyclopaedia Britannica: A machine-readable
                    transcription</title>
                <title level="m" type="sub">7th edition, volume 2, page 13</title>
                <editor>Edited by <persName ref="https://orcid.org/0000-0003-2362-8282"
                    role="editor" xml:id="pml">Peter Melville Logan</persName></editor>
                <respStmt>
                    <orgName xml:id="kp">Nineteenth-Century Knowledge Project Staff,
                        <affiliation>Temple University</affiliation></orgName>
                    <resp>OCR transcription and data management</resp>
                </respStmt>
                <respStmt>
                    <persName ref="https://orcid.org/0000-0001-7819-5360" xml:id="jg">Jane
                        Greenberg, <affiliation>Metadata Research Center, Drexel
                        University</affiliation></persName>
                    <resp>metadata development</resp>
                </respStmt>
                <respStmt>
                    <persName xml:id="dk">Don Kretz, <affiliation>Distributed
                        Proofreading</affiliation></persName>
                    <resp>data management</resp>
                </respStmt>
                <funder><orgName ref="http://viaf.org/viaf/137796012" xml:id="neh">National
                    Endowment for the Humanities</orgName></funder>
                <funder><orgName ref="http://viaf.org/viaf/121974598" xml:id="imls">Institute of
                    Museum and Library Services</orgName></funder>
                <funder><orgName ref="http://viaf.org/viaf/127396206" xml:id="tu">Temple
                    University</orgName></funder>
                <sponsor><orgName ref="http://viaf.org/viaf/3653147665869560670009" xml:id="cci"
                    >Drexel University, College of Computing &amp; Informatics</orgName></sponsor>
            </titleStmt>
            <editionStmt>
                <edition n="3.0">Version 3.0<date when="2024">2024</date></edition>
            </editionStmt>
            <extent>464 MB; 21,116 XML files </extent>
            <publicationStmt>
                <publisher corresp="kp"><orgName corresp="kp">Nineteenth-Century Knowledge
                    Project</orgName><email>nckp@temple.edu</email><link
                    target="https://github.com/TU-plogan/KnowledgeProject"/></publisher>
                <availability status="free">
                    <p>Licensed under a Creative Commons Attribution 4.0 International License.</p>
                    <licence target="https://creativecommons.org/licenses/by/4.0/"> CC BY 4.0
                    </licence>
                </availability>
                <date when="2024">2024</date>
            </publicationStmt>
            <seriesStmt>
                <title level="s">Encyclopaedia Britannica: A machine-readable transcription</title>
                <editor corresp="pml">Peter Melville Logan</editor>
            </seriesStmt>
            <sourceDesc>
                <biblFull xml:lang="en">
                    <titleStmt>
                        <title level="m">Encyclopaedia Britannica</title>
                        <editor><persName ref="http://viaf.org/viaf/79392506" xml:id="mn">Napier,
                            Macvey, 1776-1847</persName></editor>
                    </titleStmt>
                    <editionStmt>
                        <edition>Seventh Edition</edition>
                    </editionStmt>
                    <extent><measure quantity="21" unit="vol">21 volumes</measure></extent>
                    <publicationStmt>
                        <publisher>Adam and Charles Black</publisher>
                        <pubPlace>Edinburgh</pubPlace>
                        <date from="1830" to="1842">1830-1842</date>
                    </publicationStmt>
                    <sourceDesc>
                        <bibl xml:id="NLS"><title>Seventh edition - Encyclopaedia Britannica
                            [190218838]</title><publisher><orgName
                            ref="https://digital.nls.uk/encyclopaedia-britannica/archive/190218838"
                            >National Library of Scotland</orgName></publisher><date when="2019"
                            >2019</date><idno type="DOI">https://doi.org/10.34812/cg4r-dn40</idno><availability>
                            <p>National Library of Scotland License: CC BY 4.0</p>
                            <licence target="https://creativecommons.org/licenses/by/4.0/">CC BY 4.0
                            </licence>
                            </availability></bibl>
                    </sourceDesc>
                </biblFull>
                <listBibl>
                    <head>Alternate image sources for this edition:</head>
                    <bibl xml:id="UW-HT">Hathi Trust, from print source at the University of
                        Wisconsin: vol. 9, pp. 29, 31, 32, 36, 37, 39, 41, 48, 50-55, 57, 59, 62,
                        63, 66, 67, 69-71, 76, 88; vol. 19 (all).</bibl>
                    <bibl xml:id="UCH-HT">Hathi Trust, from print source at the University of
                        Chicago: vol. 10, pp. 7-10; vols. 20, 21 (all).</bibl>
                </listBibl>
            </sourceDesc>
        </fileDesc>
        <encodingDesc>
            <editorialDecl>
                <ab><list rend="bulleted" type="basic">
                    <item>Encoding has been done using the recommendations for Level 3 of the "TEI
                        in Libraries Guidelines."</item>
                    <item>Individual entries and page-breaks are encoded, but column breaks are
                        omitted.</item>
                    <item>Print page headers and side descriptions are not included.</item>
                    <item>OCR successfully reproduced simple tables, but complex tabular data is not
                        captured dependably and the results should not be relied upon.</item>
                    <item>OCR was not able to successfully reproduce math and chemical formulas. The
                        uncorrected results remain in the text.</item>
                    <item>Some font formatting is preserved: <val>italic</val>,
                        <val>smallcaps</val>, <val>strikethrough</val>, <val>subscript</val>,
                        <val>superscript</val>, <val>underline</val>. The following print styles are
                        ignored: bold, font size, typeface.</item>
                    </list></ab>
                <correction method="markup" status="low">
                    <p>This electronic text file was created by optical character recognition (OCR).
                        Some OCR errors have been corrected.</p>
                    <p>Illegible text in the original is indicated using <gi>unclear</gi> or
                        <gi>gap</gi>, as appropriate. If corrected, the reference source is
                        indicated with <gi>supplied</gi>.</p>
                    <p>Some volumes of the print edition substituted "c" for "e" letters across
                        multiple pages. These are silently corrected.</p>
                </correction>
                <normalization method="silent">
                    <p>Original spelling is preserved. When noticed, obvious misspellings are
                        combined with the correct spelling as <gi>choice</gi> in the TEI. Ligatures
                        are reproduced as multiple letters. Original footnote and marginal note
                        sigla are replaced with sequential numbers for each entry.</p>
                </normalization>
                <punctuation marks="some">
                    <p>Extra space around punctuation marks is removed.</p>
                    <p>Ordinal numbers, such as 1st, 2ndly, etc., are inconsistently italicized in
                        the printed text; they are normalized as roman throughout.</p>
                </punctuation>
                <quotation marks="some">
                    <p>Quotation marks are retained as content in the text. Redundant open quotation
                        marks at the start of lines inside block quotes are silently removed.</p>
                </quotation>
                <hyphenation eol="hard">
                    <p>Soft hyphens are silently removed.</p>
                </hyphenation>
                <segmentation>
                    <p>The <tag>div type="entry"</tag> element divides the text into individual
                        entries.</p>
                    <p>The <tag>div type="section"</tag> and <tag>div type="subsection"</tag>
                        elements are reserved for entry subsections, but their inclusion is largely
                        aspirational.</p>
                </segmentation>
            </editorialDecl>
            <tagsDecl>
                <namespace name="http://www.tei-c.org/ns/1.0">
                    <tagUsage gi="div">Unnumbered <gi>div</gi> tags are used throughout.</tagUsage>
                </namespace>
            </tagsDecl>
            <projectDesc>
                <p>All text was encoded for the Nineteenth-Century Knowledge Project to provide a
                    machine-readable edition of the Encyclopedia Britannica to analyze using
                    machine-learning methods.</p>
                <p>Subject keywords are added to <gi>teiHeader</gi> for each entry; they were
                    generated by the HIVE2 automated vocabulary server, created by the Metadata
                    Research Center at Drexel University (<link
                    target="https://hive2.cci.drexel.edu"/>https://hive2.cci.drexel.edu).</p>
            </projectDesc>
            <samplingDecl>
                <p>This release reproduces the text matter for all entries. It does not include
                    images, front- or back-matter. It omits volume 1, which consists of
                    "Dissertations" rather than entries. The reproduction of tables and formulae is
                    unreliable. </p>
            </samplingDecl>
            <listPrefixDef>
                <prefixDef ident="fastgeo" matchPattern="(\d+)"                     replacementPattern="http://id.worldcat.org/fast/$1">                     <p>URIs with the prefix <code>fastgeo:</code> point to terms in the OCLC FAST
                        (Faceted Application of Subject Terminology) Geographical subject heading
                        schema derived from the Library of Congress Subject Headings (LCSH).</p>
                </prefixDef>
                <prefixDef ident="fastgeo" matchPattern="(\d+)"
                    replacementPattern="http://id.worldcat.org/fast/$1">
                    <p>URIs with the prefix <code>fasttopic:</code> point to terms in the OCLC FAST
                        (Faceted Application of Subject Terminology) Topical subject heading schema
                        derived from the Library of Congress Subject Headings (LCSH).</p>
                </prefixDef>
                <prefixDef ident="lcsh1910" matchPattern="(\w+)"
                    replacementPattern="https://n2t.net/ark:/99152/$1">
                    <p>URIs with the prefix <code>lcsh1910:</code> point to subject terms in <hi
                        rend="italic">Subject Headings Used in the Dictionary Catalogues of the
                        Library of Congress</hi>, 2 vols., Library of Congress, 1910.</p>
                </prefixDef>
                <prefixDef ident="ht" matchPattern="([\w\-\.;=\&#34;&amp;]+)"
                    replacementPattern="https://babel.hathitrust.org/cgi/pt?id=$1">
                    <p>URIs with the prefix <code>ht:</code> point to page images in the Hathi
                        Trust.</p>
                </prefixDef>
                <prefixDef ident="ia" matchPattern="(\w+)"
                    replacementPattern="https://archive.org/details/$1">
                    <p>URIs with the prefix <code>ia:</code> point to page images in the Internet
                        Archive.</p>
                </prefixDef>
                <prefixDef ident="nls" matchPattern="([\w?\=]+)"
                    replacementPattern="https://digital.nls.uk/encyclopaedia-britannica/archive/$1">
                    <p>URIs with the prefix <code>nls:</code> point to page images in the National
                        Library of Scotland.</p>
                </prefixDef>
            </listPrefixDef>
        </encodingDesc>
        <profileDesc>
            <textClass default="false">
                <keywords scheme="http://id.worldcat.org/fast/">
                    <term n="2" ref="fasttopic:887617">Danes</term>
                    <term n="1" ref="fasttopic:934209">French</term>
                    <term n="1" ref="fasttopic:983135">Jews</term>
                    <term n="1" ref="fasttopic:839101">Britons</term>
                    <term n="1" ref="fasttopic:1100116">Romans</term>
                    <term n="3" ref="fasttopic:794221">Abbots</term>
                    <term n="3" ref="fasttopic:1025507">Monks</term>
                    <term n="2" ref="fasttopic:794216">Abbeys</term>
                    <term n="2" ref="fasttopic:1071040">Poor</term>
                    <term n="2" ref="fasttopic:836401">Books</term>
                </keywords>
                <keywords scheme="https://id.cci.drexel.edu/">
                    <term n="2" ref="lcsh1910:b43j3985w">Danes</term>
                    <term n="1" ref="lcsh1910:b4x34mt4n">Jews</term>
                    <term n="1" ref="lcsh1910:b4dz0329f">Britons</term>
                    <term n="1" ref="lcsh1910:b4bc3t18v">Saxons</term>
                    <term n="1" ref="lcsh1910:b4hq3s53t">Normans</term>
                    <term n="3" ref="lcsh1910:b4qn5z981">Abbots</term>
                    <term n="3" ref="lcsh1910:b4pn8xn1j">Monks</term>
                    <term n="2" ref="lcsh1910:b47p8tc5z">Abbeys</term>
                    <term n="2" ref="lcsh1910:b4rv0d79g">Riches</term>
                    <term n="2" ref="lcsh1910:b41v5bd1d">Poor</term>
                </keywords>
                <keywords scheme="http://id.worldcat.org/fast/">
                    <term n="2" ref="fastgeo:1219920">England</term>
                </keywords>
            </textClass>
        </profileDesc>
        <revisionDesc status="published">
            <listChange>
                <change n="3.0" status="public" when="2024-12-06" who="#pml">v3.0. Includes
                    significant corrections to the OCR text, predominantly in cases of confusing "c"
                    and "e." Isolates 90 entries that were mistakenly included at the end of prior
                    entries in v1 and v2. Normalizes ordinal numbers. Separates metadata in
                    <gi>teiHeader</gi> into two separate facets: FAST Topical and FAST Geographical.
                    Moves commas following <gi>pb</gi> in the text to preceding it and removes extra
                    space around the <gi>pb</gi> tag. Where a word is hyphenated at a <gi>pb</gi>,
                    the end fragment is now joined to the start fragment, making a machine-readable
                    word.</change>
                <change n="2.0" status="public" when="2023-10-11" who="#pml">v2.0. Isolates 42
                    entries that were mistakenly included at the end of prior entries in v1. Removes
                    <att>xml:id</att> from the <gi>div</gi> for the entry and adds it to the
                    <gi>TEI</gi> tag. Adds schema link to all files.</change>
                <change n="1.0" status="public" when="2022-11-28" who="#pml">v1.0. Initial
                    release.</change>
            </listChange>
        </revisionDesc>
    </teiHeader>
    <text>
        <body>
            <div facs="nls:193029978" type="entry">
                <p><label type="entry">ABBEY</label>, a monastery, or religious house, governed by a
                    superior under the title of <hi rend="italic">abbot</hi> or <hi rend="italic"
                    >abbess.</hi><hi rend="italic">Abbeys</hi> differ from <hi rend="italic"
                    >priories</hi> in this, that the former are under the direction of an abbot, the
                    latter of a prior; for abbot and prior (we mean a prior conventuaD are much the
                    same thing, differing in little but the name.</p>
                <p>Fauchet observes, that, in the early days of the French monarchy, dukes and
                    counts were called <hi rend="italic">abbots,</hi> and duchies and counties <hi
                    rend="italic">abbeys.</hi> Even some of their kings are mentioned in history
                    under the title of <hi rend="italic">abbots.</hi> Philip I. Louis VI. and
                    afterwards the duke of Orleans, are called <hi rend="italic">abbots of the
                    monastery of St Aignan.</hi> The dukes of Aquitain were called <hi rend="italic"
                    >abbots of the monastery of St Hillary at</hi><hi rend="italic">Poictiers;</hi>
                    and the earls of Anjou, <hi rend="italic">of St Aubin, &amp;c.</hi></p>
                <p>Monasteries were at first established as religious houses, to which persons
                    retired from the bustle of the world to spend their time in solitude and
                    devotion. But they soon degenerated from their original institution, and
                    obtained large privileges, exemptions, and riches. They prevailed greatly in
                    Britain before the Reformation, particularly in England; and as they increased
                    in riches, so the state became poor: for the lands which these regulars
                    possessed were <hi rend="italic">in</hi><hi rend="italic">mortua manu,</hi> i.
                    e. could never revert to the lords who gave them. This inconvenience gave rise
                    to the statutes against gifts in <hi rend="italic">mortmain</hi><hi
                    rend="italic">;</hi> and Lord Coke tells us, that several lords, at their
                    creation, had a clause in their grant, that the donor might give or sell his
                    land to whom he would <hi rend="italic">(exceptis viris religiosis</hi><hi
                    rend="italic">et</hi><hi rend="italic">Judaeis)</hi> excepting monks and
                    Jews.</p>
                <p>These places were wholly abolished in England at the time of the Reformation;
                    Henry VIII. having first appointed visitors to inquire into the lives of the
                    monks and nuns, which were found in some places to be extremely irregular. The
                    abbots, perceiving their dissolution unavoidable, were induced to resign their
                    houses to the king, who by that means became invested with the abbey lands:
                    these were afterwards granted to different persons, whose descendants enjoy them
                    at this day.</p>
                <p>Though the suppression of religious houses, even considered in a political light
                    only, was a national benefit, it must be owned, that at the time they
                    flourished, they were far from useless. Abbeys or monasteries were then the
                    repositories, as well as the seminaries, of learning; many valuable books and
                    national records, as well as private history, having been preserved in their
                    libraries, the only places in which they could have been safely lodged in those
                    turbulent times. Many of those which had escaped the ravages of the Danes, were
                    destroyed with more than Gothic barbarity at the dissolution of the abbeys.
                    These ravages are pathetically lamented by John Bale: “A number of those,” says
                    he, “who purchased these superstitious mansions, reserved of the library books,
                    some to serve their jakes, some to scour the candlesticks, and some to rub their
                    boots; some they sold to the grocer and soapseller; and some they sent over sea
                    to the bookbinders, not in small numbers, but in whole ships full; yea, the
                    universities of this realm are not clear of so detestable a fact. I know a
                    merchant that bought the contents of two noble libraries for 40s. price; a shame
                    it is to be spoken! This stuff hath he occupied instead of gray paper, by the
                    space of more than these ten years, and yet he hath store enough for as many
                    years to come. I shall judge this to be true, and utter it with heaviness, that
                    neither the Britons under the Romans and Saxons, nor yet the English people
                    under the Danes and Normans, had ever such damage of their learned monuments as
                    we have seen in our time.”</p>
                <p>Every abbey had at least one person whose office it was to instruct youth; and
                    the historians of this country are chiefly beholden to the monks for the
                    knowledge they have of former national events. In these houses also the arts of
                    painting, architecture, and printing, were cultivated. They were hospitals for
                    the sick and poor, and afforded entertainment to travellers at a time when there
                    were no inns. They were likewise an asylum for aged and indigent persons of good
                    family.</p>
            </div>
        </body>
    </text>
</TEI>
