<?xml version="1.0" encoding="utf-8"?><?xml-model  href="https://TU-plogan.github.io/code/odd/tei_kp1.rng" type="application/xml" schematypens="http://relaxng.org/ns/structure/1.0"?>
<TEI xml:id="kp-eb0702-0017-0016-04" xml:lang="en" xmlns="http://www.tei-c.org/ns/1.0">
    <teiHeader>
        <fileDesc>
            <titleStmt xml:id="eb07_v3.0">
                <title level="a" type="main">ABBREVIATION, or Abbreviature</title>
                <title level="m" type="main">Encyclopaedia Britannica: A machine-readable
                    transcription</title>
                <title level="m" type="sub">7th edition, volume 2, page 16</title>
                <editor>Edited by <persName ref="https://orcid.org/0000-0003-2362-8282"
                    role="editor" xml:id="pml">Peter Melville Logan</persName></editor>
                <respStmt>
                    <orgName xml:id="kp">Nineteenth-Century Knowledge Project Staff,
                        <affiliation>Temple University</affiliation></orgName>
                    <resp>OCR transcription and data management</resp>
                </respStmt>
                <respStmt>
                    <persName ref="https://orcid.org/0000-0001-7819-5360" xml:id="jg">Jane
                        Greenberg, <affiliation>Metadata Research Center, Drexel
                        University</affiliation></persName>
                    <resp>metadata development</resp>
                </respStmt>
                <respStmt>
                    <persName xml:id="dk">Don Kretz, <affiliation>Distributed
                        Proofreading</affiliation></persName>
                    <resp>data management</resp>
                </respStmt>
                <funder><orgName ref="http://viaf.org/viaf/137796012" xml:id="neh">National
                    Endowment for the Humanities</orgName></funder>
                <funder><orgName ref="http://viaf.org/viaf/121974598" xml:id="imls">Institute of
                    Museum and Library Services</orgName></funder>
                <funder><orgName ref="http://viaf.org/viaf/127396206" xml:id="tu">Temple
                    University</orgName></funder>
                <sponsor><orgName ref="http://viaf.org/viaf/3653147665869560670009" xml:id="cci"
                    >Drexel University, College of Computing &amp; Informatics</orgName></sponsor>
            </titleStmt>
            <editionStmt>
                <edition n="3.0">Version 3.0<date when="2024">2024</date></edition>
            </editionStmt>
            <extent>464 MB; 21,116 XML files </extent>
            <publicationStmt>
                <publisher corresp="kp"><orgName corresp="kp">Nineteenth-Century Knowledge
                    Project</orgName><email>nckp@temple.edu</email><link
                    target="https://github.com/TU-plogan/KnowledgeProject"/></publisher>
                <availability status="free">
                    <p>Licensed under a Creative Commons Attribution 4.0 International License.</p>
                    <licence target="https://creativecommons.org/licenses/by/4.0/"> CC BY 4.0
                    </licence>
                </availability>
                <date when="2024">2024</date>
            </publicationStmt>
            <seriesStmt>
                <title level="s">Encyclopaedia Britannica: A machine-readable transcription</title>
                <editor corresp="pml">Peter Melville Logan</editor>
            </seriesStmt>
            <sourceDesc>
                <biblFull xml:lang="en">
                    <titleStmt>
                        <title level="m">Encyclopaedia Britannica</title>
                        <editor><persName ref="http://viaf.org/viaf/79392506" xml:id="mn">Napier,
                            Macvey, 1776-1847</persName></editor>
                    </titleStmt>
                    <editionStmt>
                        <edition>Seventh Edition</edition>
                    </editionStmt>
                    <extent><measure quantity="21" unit="vol">21 volumes</measure></extent>
                    <publicationStmt>
                        <publisher>Adam and Charles Black</publisher>
                        <pubPlace>Edinburgh</pubPlace>
                        <date from="1830" to="1842">1830-1842</date>
                    </publicationStmt>
                    <sourceDesc>
                        <bibl xml:id="NLS"><title>Seventh edition - Encyclopaedia Britannica
                            [190218838]</title><publisher><orgName
                            ref="https://digital.nls.uk/encyclopaedia-britannica/archive/190218838"
                            >National Library of Scotland</orgName></publisher><date when="2019"
                            >2019</date><idno type="DOI">https://doi.org/10.34812/cg4r-dn40</idno><availability>
                            <p>National Library of Scotland License: CC BY 4.0</p>
                            <licence target="https://creativecommons.org/licenses/by/4.0/">CC BY 4.0
                            </licence>
                            </availability></bibl>
                    </sourceDesc>
                </biblFull>
                <listBibl>
                    <head>Alternate image sources for this edition:</head>
                    <bibl xml:id="UW-HT">Hathi Trust, from print source at the University of
                        Wisconsin: vol. 9, pp. 29, 31, 32, 36, 37, 39, 41, 48, 50-55, 57, 59, 62,
                        63, 66, 67, 69-71, 76, 88; vol. 19 (all).</bibl>
                    <bibl xml:id="UCH-HT">Hathi Trust, from print source at the University of
                        Chicago: vol. 10, pp. 7-10; vols. 20, 21 (all).</bibl>
                </listBibl>
            </sourceDesc>
        </fileDesc>
        <encodingDesc>
            <editorialDecl>
                <ab><list rend="bulleted" type="basic">
                    <item>Encoding has been done using the recommendations for Level 3 of the "TEI
                        in Libraries Guidelines."</item>
                    <item>Individual entries and page-breaks are encoded, but column breaks are
                        omitted.</item>
                    <item>Print page headers and side descriptions are not included.</item>
                    <item>OCR successfully reproduced simple tables, but complex tabular data is not
                        captured dependably and the results should not be relied upon.</item>
                    <item>OCR was not able to successfully reproduce math and chemical formulas. The
                        uncorrected results remain in the text.</item>
                    <item>Some font formatting is preserved: <val>italic</val>,
                        <val>smallcaps</val>, <val>strikethrough</val>, <val>subscript</val>,
                        <val>superscript</val>, <val>underline</val>. The following print styles are
                        ignored: bold, font size, typeface.</item>
                    </list></ab>
                <correction method="markup" status="low">
                    <p>This electronic text file was created by optical character recognition (OCR).
                        Some OCR errors have been corrected.</p>
                    <p>Illegible text in the original is indicated using <gi>unclear</gi> or
                        <gi>gap</gi>, as appropriate. If corrected, the reference source is
                        indicated with <gi>supplied</gi>.</p>
                    <p>Some volumes of the print edition substituted "c" for "e" letters across
                        multiple pages. These are silently corrected.</p>
                </correction>
                <normalization method="silent">
                    <p>Original spelling is preserved. When noticed, obvious misspellings are
                        combined with the correct spelling as <gi>choice</gi> in the TEI. Ligatures
                        are reproduced as multiple letters. Original footnote and marginal note
                        sigla are replaced with sequential numbers for each entry.</p>
                </normalization>
                <punctuation marks="some">
                    <p>Extra space around punctuation marks is removed.</p>
                    <p>Ordinal numbers, such as 1st, 2ndly, etc., are inconsistently italicized in
                        the printed text; they are normalized as roman throughout.</p>
                </punctuation>
                <quotation marks="some">
                    <p>Quotation marks are retained as content in the text. Redundant open quotation
                        marks at the start of lines inside block quotes are silently removed.</p>
                </quotation>
                <hyphenation eol="hard">
                    <p>Soft hyphens are silently removed.</p>
                </hyphenation>
                <segmentation>
                    <p>The <tag>div type="entry"</tag> element divides the text into individual
                        entries.</p>
                    <p>The <tag>div type="section"</tag> and <tag>div type="subsection"</tag>
                        elements are reserved for entry subsections, but their inclusion is largely
                        aspirational.</p>
                </segmentation>
            </editorialDecl>
            <tagsDecl>
                <namespace name="http://www.tei-c.org/ns/1.0">
                    <tagUsage gi="div">Unnumbered <gi>div</gi> tags are used throughout.</tagUsage>
                </namespace>
            </tagsDecl>
            <projectDesc>
                <p>All text was encoded for the Nineteenth-Century Knowledge Project to provide a
                    machine-readable edition of the Encyclopedia Britannica to analyze using
                    machine-learning methods.</p>
                <p>Subject keywords are added to <gi>teiHeader</gi> for each entry; they were
                    generated by the HIVE2 automated vocabulary server, created by the Metadata
                    Research Center at Drexel University (<link
                    target="https://hive2.cci.drexel.edu"/>https://hive2.cci.drexel.edu).</p>
            </projectDesc>
            <samplingDecl>
                <p>This release reproduces the text matter for all entries. It does not include
                    images, front- or back-matter. It omits volume 1, which consists of
                    "Dissertations" rather than entries. The reproduction of tables and formulae is
                    unreliable. </p>
            </samplingDecl>
            <listPrefixDef>
                <prefixDef ident="fastgeo" matchPattern="(\d+)"
                    replacementPattern="http://id.worldcat.org/fast/$1">
                    <p>URIs with the prefix <code>fastgeo:</code> point to terms in the OCLC FAST
                        (Faceted Application of Subject Terminology) Geographical subject heading
                        schema derived from the Library of Congress Subject Headings (LCSH).</p>
                </prefixDef>
                <prefixDef ident="fasttopic" matchPattern="(\d+)"
                    replacementPattern="http://id.worldcat.org/fast/$1">
                    <p>URIs with the prefix <code>fasttopic:</code> point to terms in the OCLC FAST
                        (Faceted Application of Subject Terminology) Topical subject heading schema
                        derived from the Library of Congress Subject Headings (LCSH).</p>
                </prefixDef>
                <prefixDef ident="lcsh1910" matchPattern="(\w+)"
                    replacementPattern="https://n2t.net/ark:/99152/$1">
                    <p>URIs with the prefix <code>lcsh1910:</code> point to subject terms in <hi
                        rend="italic">Subject Headings Used in the Dictionary Catalogues of the
                        Library of Congress</hi>, 2 vols., Library of Congress, 1910.</p>
                </prefixDef>
                <prefixDef ident="ht" matchPattern="([\w\-\.;=\&#34;&amp;]+)"
                    replacementPattern="https://babel.hathitrust.org/cgi/pt?id=$1">
                    <p>URIs with the prefix <code>ht:</code> point to page images in the Hathi
                        Trust.</p>
                </prefixDef>
                <prefixDef ident="ia" matchPattern="(\w+)"
                    replacementPattern="https://archive.org/details/$1">
                    <p>URIs with the prefix <code>ia:</code> point to page images in the Internet
                        Archive.</p>
                </prefixDef>
                <prefixDef ident="nls" matchPattern="([\w?\=]+)"
                    replacementPattern="https://digital.nls.uk/encyclopaedia-britannica/archive/$1">
                    <p>URIs with the prefix <code>nls:</code> point to page images in the National
                        Library of Scotland.</p>
                </prefixDef>
            </listPrefixDef>
        </encodingDesc>
        <profileDesc>
            <textClass default="false">
                <keywords scheme="http://id.worldcat.org/fast/">
                    <term n="5" ref="fasttopic:1114160">Sex</term>
                    <term n="5" ref="fasttopic:843856">Caesarism</term>
                    <term n="4" ref="fasttopic:1103279">Sacrum</term>
                    <term n="3" ref="fasttopic:996769">Lettering</term>
                    <term n="3" ref="fasttopic:996779">Letters</term>
                    <term n="1" ref="fasttopic:1086311">Rabbis</term>
                    <term n="1" ref="fasttopic:947546">Greeks</term>
                    <term n="1" ref="fasttopic:1100080">Romanies</term>
                    <term n="1" ref="fasttopic:1003882">Lupercalia</term>
                </keywords>
                <keywords scheme="https://id.cci.drexel.edu/">
                    <term n="5" ref="lcsh1910:b41j9781s">Sex</term>
                    <term n="5" ref="lcsh1910:b4j38kj57">Caesarism</term>
                    <term n="3" ref="lcsh1910:b4v40jz59">Lettering</term>
                    <term n="3" ref="lcsh1910:b4cj87n8t">Letters</term>
                    <term n="3" ref="lcsh1910:b43f4kq6v">Decennalia</term>
                    <term n="1" ref="lcsh1910:b4fj29h67">Hebrews</term>
                    <term n="1" ref="lcsh1910:b48g8fh7d">Greeks</term>
                    <term n="1" ref="lcsh1910:b4s17sw59">Essays</term>
                </keywords>
            </textClass>
        </profileDesc>
        <revisionDesc status="published">
            <listChange>
                <change n="3.0" status="public" when="2024-12-06" who="#pml">v3.0. Includes
                    significant corrections to the OCR text, predominantly in cases of confusing "c"
                    and "e." Isolates 90 entries that were mistakenly included at the end of prior
                    entries in v1 and v2. Normalizes ordinal numbers. Separates metadata in
                    <gi>teiHeader</gi> into two separate facets: FAST Topical and FAST Geographical.
                    Moves commas following <gi>pb</gi> in the text to preceding it and removes extra
                    space around the <gi>pb</gi> tag. Where a word is hyphenated at a <gi>pb</gi>,
                    the end fragment is now joined to the start fragment, making a machine-readable
                    word.</change>
                <change n="2.0" status="public" when="2023-10-11" who="#pml">v2.0. Isolates 42
                    entries that were mistakenly included at the end of prior entries in v1. Removes
                    <att>xml:id</att> from the <gi>div</gi> for the entry and adds it to the
                    <gi>TEI</gi> tag. Adds schema link to all files.</change>
                <change n="1.0" status="public" when="2022-11-28" who="#pml">v1.0. Initial
                    release.</change>
            </listChange>
        </revisionDesc>
    </teiHeader>
    <text>
        <body>
            <div facs="nls:193030017" type="entry">
                <p><label type="entry">ABBREVIATION, or <hi rend="smallcaps"
                    >Abbreviature</hi></label>, a contraction of a word or passage, made by dropping
                    some of the letters, or by substituting certain marks or characters in their
                    place. A late philosophical writer on grammar divides the parts of speech into
                    words which are necessary for the communication of thought, as the noun and
                    verb, and <hi rend="italic">abbreviations</hi> which are employed for the sake
                    of dispatch. The liřtter, strictly speaking, are also parts of speech, because
                    they are all useful in language, and each has a different manner of
                    signification. Mr Tooke, however, seems to allow that rank only to the necessary
                    words, and to consider all others as merely substitutes of the first sort, under
                    the title of abbreviations. They are employed in language in three ways—in
                    terms, in sorts of words, and in construction. Mr Locke in his <hi rend="italic"
                    >Essay on the Human Understanding</hi> treats of the first class; numerous
                    authors have written on the last; and for the second class of abbreviations, see
                    the work of Mr Tooke entitled <hi rend="italic">Diversions of Purley.</hi>
                    Lawyers, physicians, &amp;c. use many abbreviations, for the sake of expedition.
                    But the Rabbis are the most remarkable for this practice, so that their writings
                    are unintelligible without the Hebrew abbreviatures. The Jewish authors and
                    copyists do not content themselves with abbreviating words like the Greeks and
                    Latins, by retrenching some of the letters or syllables; they frequently take
                    away all but the initial letters. They even take the initials of several
                    succeeding words, join them together, and, adding vowels to them, make a sort of
                    barbarous words, representative of all those which they have thus abridged.
                    Thus, <hi rend="italic">Rabbi Moses ben Maimon,</hi> in their abbreviature, is
                    <hi rend="italic">Rambam,</hi> &amp;c.</p>
                <p><hi rend="italic">The following</hi><hi rend="smallcaps">Abbreviations</hi><hi
                    rend="italic">are of most frequent occurrence in the Writings and Inscriptions
                    of the Romans.</hi></p>
                <list rend="simple" type="index">
                    <head> A. </head>
                    <item> AB. Abdicavit. </item>
                    <item> AB. AUG. Μ. P. XXXXI. Ab Augusta millia passuum quadraginta unum. </item>
                    <item> AB. AUGUSTOB. Μ. P. X. Ab Augustobriga millia passuu<hi rend="italic"
                        >m</hi> decem. </item>
                    <item> AΗN.' Abnepos. </item>
                    <item> AB. U. C. Ab urbe condita. </item>
                    <item> A. CAMB. Μ. P. XI. A Camboduno millia passuum undecim. </item>
                    <item> A. COMPL. XIIII. A Compluto quatuordecim. </item>
                    <item> A. C. P. VI. A capite <hi rend="italic">vel</hi> ad caput pedes sex. </item>
                    <item> A. D. Ante diem. </item>
                    <item> ADJECT. H-S. IX. os. Adjectis sestertiis novem mille. ADN. Adnepos. </item>
                    <item> ADQ. Adquiescit, <hi rend="italic">vel</hi> adquisita <hi rend="italic"
                        >pro</hi> acquisita. AED. H. II. VIR. H. Aedilis iterum, duumvir iterum.
                        AED. II. VIR, QUINQ. Aedilis duumvir quinquennalis. </item>
                    <item> AED. Q. II. VIR. Aedilis quinquennalis duumvir. </item>
                    <item> AEL. Aelius, Aelia. </item>
                    <item> AEM. <hi rend="italic">vel</hi> AIM. Aemilius, Aemilia. </item>
                    <item> A. G. Animo grato, <hi rend="italic">vel</hi> Aulus Gellius. </item>
                    <item> AG. Ager, <hi rend="italic">vel</hi> Agrippa. </item>
                    <item> A. K. Ante kalendas. </item>
                    <item> ALA. I. Ala prima. · </item>
                    <item> A. MILL. XXXV. A milliariis triginta quinque, <hi rend="italic">vel</hi>
                        ad milliaria triginta quinque. </item>
                    <item> A. Μ. XX. Ad milliare vigesimum. </item>
                    <item> AN. A. V. C. Anno ab urbe condita. </item>
                    <item> AN. C. H. S. Annorum centum hic situs est. </item>
                    <item> AN. DCLX. Anno sexcentesimo sexagesimo. </item>
                    <item> AN. IL S. Annos duos semis. </item>
                    <item> AN. IVL. Annos quadraginta sex. </item>
                    <item> AN. N. Annos natus. </item>
                    <item> ANN. LIII. H. S. E. Annorum quinquaginta trium hic situs est. </item>
                    <item> ANN. NAT. LXVI. Annos natus sexaginta sex. </item>
                    <item> ANN. PL. Μ. X. Annos <hi rend="italic">vel</hi> annis plus minus decem. </item>
                    <item> AN. Θ. XVI. Anno defunctus decimo sexto. </item>
                    <item> AN. V. XX. Annos vixit viginti. </item>
                    <item> AN. P. Μ. Annorum plus minus. </item>
                    <item> A. XII. Annis duodecim. </item>
                    <item> AN. P. Μ. L. Annorum plus minus quinquaginta. </item>
                    <item> A. XX. H. EST. Annorum viginti hic est. </item>
                    <item> AN. P. R. C. Anno post Romam conditam. </item>
                    <item> AN. V. P. Μ. II. Annis vixit plus minus duobus. </item>
                    <item> AN. XXV. STIP. VIII. Annorum viginti quinque stipendiorum octo. </item>
                    <item> A. P. Μ. Amicoposuit monumentum. </item>
                    <item> AP. Appia, Appius. </item>
                    <item> Ä. P. V. C. Anno post urbem conditam. ' </item>
                    <item> APVD. L. V. CONV. Apud lapidem quintum convenerim t. </item>
                    <item> A. RET. P. III. S. Ante retro pedes tres semis. </item>
                    <item> AR. P. Aram posuit. </item>
                    <item> ARG. P. X. Argenti pondo decem. </item>
                    <item> ARR. Arrius. </item>
                    <item> A. V. B. A viro bono. </item>
                    <item> A. V. C. Ab urbe condita. </item>
                </list>
                <list rend="simple" type="index">
                    <head> B. </head>
                    <item> B. Balbus, Bulbius, Brutus, Belenus, Burrus. </item>
                    <item> B. Beneficiario, beneficium, bonus. </item>
                    <item> B. Balnea, beatus, bustum. </item>
                    <item> B <hi rend="italic">pro</hi> V, berna <hi rend="italic">pro</hi> verna,
                        bixit <hi rend="italic">pro</hi> vixit, bibo <hi rend="italic">pro</hi>
                        vivo, bictor <hi rend="italic">pro</hi> victor, bidua <hi rend="italic"
                        >pro</hi> vidua. </item>
                    <item> B. A. Bixit annis, bonus ager, bonus amabilis, bona aurea, bonum aureum,
                        bonis auguriis, bonis auspiciis. </item>
                    <item> B. B. Bona bona, bene bene. </item>
                    <item> B. DD. Bonis deabus. </item>
                    <item> B. F. Bona fide, bona femina, bona fortuna, bene factum. </item>
                    <item> B. F. <hi rend="italic">reversed</hi><hi rend="italic">thus,</hi> g. j.
                        Bona femina, bona filia. </item>
                    <item> B. H. Bona hereditaria, bonorum hereditas. </item>
                    <item> B. I. L Boni judicis judicium. </item>
                    <item> B. L. Bona lex. </item>
                    <item> B. Μ. P. Bene merito posuit. </item>
                    <item> B. Μ. P. C. Bene merito ponendum curavit. </item>
                    <item> B. Μ. S. C. Bene merito sepulcrum condidit. </item>
                    <item> BN. EM. Bonorum emptores. </item>
                    <item> BN. H. I. Bona hic invenies. </item>
                    <item> B. RP. N. Bono reipublicae natus. </item>
                    <item> B. A. Bixit, <hi rend="italic">id est,</hi> vixit annis. </item>
                    <item> BIGINTI. Viginti. </item>
                    <item> BÍXIT. BIXSIT. BISSIT. Vixit. </item>
                    <item> BIX. ANN. XXCI. Μ. IV. D. VII. Vixit annis octoginta unum, mensibus
                        quatuor, diebus septem. </item>
                    <item> BX. ANVS. VII. ME. VI. DL XVII. Vixit annos septem, menses sex, dies
                        septemdecim. </item>
                </list>
                <pb break="no" facs="nls:193030030" xml:id="kp-eb0702-0030-0017"/>
                <list rend="simple" type="index">
                    <head> C. </head>
                    <item> C. Caesar, Caia, Caius, censor, civitas, consul, condemno. C. C.
                        Carissimae conjugi, calumniae causa, consilium cepit. C. C. F. Caius Caii
                        filius. </item>
                    <item> C. B. Commune bonum. </item>
                    <item> C. D. Comitialibus diebus. </item>
                    <item> C. H. Custos hortorum <hi rend="italic">vel</hi> heredum. « </item>
                    <item> C. I. C. Caius Julius Caesar. </item>
                    <item> CC. VV. Clarissimi viri. </item>
                    <item> CEN. Censor, centuria, centurio. </item>
                    <item> CERTA. QUINQ. ROM. CO. Certamen quinquennale Romae conditum. </item>
                    <item> CL. Claudius. </item>
                    <item> CL. V. Clarissimus vir. </item>
                    <item> CII. COH. Cohors. </item>
                    <item> C. Μ. <hi rend="italic">vel</hi> CA. Μ. Causa mortis. </item>
                    <item> CN. Cneus. </item>
                    <item> C. O. Civitas omnis. </item>
                    <item> COH. I. <hi rend="italic">vel</hi> II. Cohors prima <hi rend="italic"
                        >vel</hi> secunda. </item>
                    <item> COS. ITER. ET. TERT. DESIG. Consul iterum et tertium designatus. </item>
                    <item> COS. TER. <hi rend="italic">vel</hi> QUAR. Consul tertium <hi
                        rend="italic">vel</hi> quartum. </item>
                    <item> COSS. Consules. </item>
                    <item> COST. CUM. LOC. H-S. oo. D. Custodiam cum loco sestertiis mille
                        quingentis. </item>
                    <item> C. R. Civis Romanus. </item>
                    <item> CS. IP. Caesar imperator. </item>
                    <item> C. V. Centumviri. </item>
                </list>
                <list rend="simple" type="index">
                    <head> D </head>
                    <item> Decius, decimus, decuria, decurio, dedicavit, dedit, devotus, dies,
                        divus, Deus, dii, Dominus, domus, donum, datum, decretum, &amp;c. </item>
                    <item> D. A. Divus Augustus. · </item>
                    <item> D. B. I. Diis bene juvantibus. </item>
                    <item> D. B. S. De bonis suis. </item>
                    <item> DCT. Detractum. </item>
                    <item> DDVIT. Dedicavit. </item>
                    <item> D. D. Dono dedit, Deus dedit, decurionum decreto. </item>
                    <item> D. D. D. Datum decreto decurionum. </item>
                    <item> D. D. D. D. Dignum Deo donum dedicavit. </item>
                    <item> DDPP. Depositi. </item>
                    <item> D. D. Q. O. H. L. S. E. V. Diis deabusque omnibus hunc locum sacrum esse
                        voluit. </item>
                    <item> DIG. Μ. Dignus memoria. </item>
                    <item> D. Μ. S. Diis manibus sacrum. </item>
                    <item> D. O. Μ. Deo optimo maximo. </item>
                    <item> D. O. AE. Deo optimo aeterno. </item>
                    <item> D. PP. Deo perpetuo. </item>
                    <item> DR. Drusus. </item>
                    <item> DR. P. Dare promittit. </item>
                    <item> D. RM. De Romanis. </item>
                    <item> D. RP. De republica. </item>
                    <item> D. S. P. F. C. De sua pecunia faciendum curavit. </item>
                    <item> DT. Duntaxat. </item>
                    <item> DVL. <hi rend="italic">vel</hi> DOL. Dulcissimus. </item>
                    <item> DEC.*XIII. AVG. XII. POP. XI. Decurionibus denariis tredecim,
                        augustalibus duodecim, populo undecim. </item>
                    <item> D. IIII. ID. Die quarta idus. </item>
                    <item> D. VIHL Diebus novem. </item>
                    <item> D. V. ID. Die quinta idus. </item>
                </list>
                <list rend="simple" type="index">
                    <head> E. </head>
                    <item> E. Ejus, ergo, esse, est, erexit, exactum, &amp;c. </item>
                    <item> E. C. F. Ejus causa fecit. </item>
                    <item> E. D. Ejus domus. </item>
                    <item> ED. Edictum. </item>
                    <item> E. E. Ex edicto. </item>
                    <item> EE. N. P. Esse non potest. </item>
                    <item> EG. Egit, egregius. </item>
                    <item> E. H. Ejus heres. </item>
                    <item> EID. Idus. </item>
                    <item> EIM. Ejusmodi. </item>
                    <item> E. L. Ea lege. </item>
                    <item> E. Μ. Elexit <hi rend="italic">vel</hi> erexit monumentum. </item>
                    <item> EQ. Μ. Equitum magister. </item>
                    <item> EQ. O. Equester ordo. </item>
                    <item> EX. A. D. K. Ex ante diem kalendas. </item>
                    <item> EX. A. D. V. K. DEC. AD. PRID. K. IAN. Ex ante diem quintum kalendas
                        Decembris ad pridie kalendas Januarias. </item>
                    <item> EX. H-S. X. P. F. I. Ex sestertiis decem parvis fieri jussit. </item>
                    <item> EX. H-S. CID. N. Ex sestertiis mille nummum. </item>
                    <item> EX. H-S. oe oeoe oe. Ex sestertiis quatuor millia. </item>
                    <item> EX. H-S. N. CĊ. L. oo. D. XL. E£ sestertiis nummorum ducentis
                        quinquaginta millibus quingentis quadraginta. </item>
                    <item> EX. H-S. DC. α&gt;.D. XX. Ex sestertiis sexcentis millibus quingentis
                        viginti. </item>
                    <item> EX. KAL. IAN. AD. KAL. IAN. Ex kalendis Januarii ad kalendas Januarii.
                    </item>
                </list>
                <list rend="simple" type="index">
                    <head> F. </head>
                    <item> F. Fabius, fecit, factum, faciendum, familia, famula, fastus, Februarius,
                        feliciter, felix, fides, fieri, fit, femina, filia, filius, frater, finis,
                        flamen, forum, fluvius, faustum, fuit. </item>
                    <item> F. A. Filio amantissimo, <hi rend="italic">vel</hi> filiae amantissimae. </item>
                    <item> F. AN. X. F. C. Filio <hi rend="italic">vel</hi> filiae annorum decem
                        faciendum curavit. </item>
                    <item> F. C. Heri <hi rend="italic">vel</hi> faciendum curavit, fidei commissum. </item>
                    <item> F. D. Flamen Dialis, filius dedit, factum dedicavit. </item>
                    <item> F. D. Fidejussor, fundum. </item>
                    <item> FEA. Femina. √ . &lt; </item>
                    <item> FF. C. Ferme centum. </item>
                    <item> F. F. Fabre factum, filius familias, fratris filius. </item>
                    <item> F. F. F. Ferro, flamma, fame; fortion, fortuna, fato. </item>
                    <item> FF. Fecerunt. </item>
                    <item> FL. F. Flavii filius. </item>
                    <item> F. FQ. Filiis filiabusque. * </item>
                    <item> FIX. ANN. XXXIX. Μ. I. D. VI. HOR. SCIT. NEM. Vixit annos triginta novem,
                        mensem unum, dies sex, horas scit nemo. </item>
                    <item> FO. FR. Forum. </item>
                    <item> F. R. Forum Romanum. </item>
                </list>
                <list rend="simple" type="index">
                    <head> G. </head>
                    <item> G. Gellius, Gaius <hi rend="italic">pro</hi> Caius, genius, gens,
                        gaudium, gesta, gratia, gratis, &amp;c. </item>
                    <item> GAB. Gabinius. </item>
                    <item> GAL. Gallus, Galerius. </item>
                    <item> G. C. Genio civitatis. </item>
                    <item> GEN. P. R. Genio populi Romani. </item>
                    <item> GL. Gloria. </item>
                    <item> GL. S. Gallus Sempronius. </item>
                    <item> GN. Gneus <hi rend="italic">pro</hi> Cneus, genius, gens. </item>
                    <item> GNT. Gentes. </item>
                    <item> GRA. Gracchus. </item>
                    <item> GRC. Graecus. </item>
                </list>
                <list rend="simple" type="index">
                    <head> H. </head>
                    <item> H. Hic, habet, hastatus, heres, homo, hora, hostis, herus. </item>
                    <item> H. A. Hoc anno. </item>
                    <item> HA. Hadrianus. </item>
                    <item> HC. Hunc, huic, hic. </item>
                    <item> HER. Heres, hereditatis, Herennius. </item>
                    <item> HER. <hi rend="italic">vel</hi> HERC. S. Herculi sacrum. </item>
                    <item> H. Μ. E. H-S. CCI33. CCI33. 133. N. Hoc monumentum erexit sestertiis
                        viginti quinque mille nummum. </item>
                    <item> H. Μ. AD. H. N. T. Hoc monumentum ad heredes non transit. </item>
                    <item> Η. O. Hostis occisus. </item>
                    <item> HOSS. Hostes. </item>
                    <item> H. S. Hic situs <hi rend="italic">vel</hi> sita, sepultus <hi
                        rend="italic">vel</hi> sepulta. </item>
                    <item> H-S. N. IIII. Sestertiis nummum quatuor. </item>
                </list>
                <pb break="no" facs="nls:193030043" xml:id="kp-eb0702-0043-0018"/>
                <list rend="simple" type="index">
                    <item> Η-S. CGCC. Sestertiis quatuor centum. </item>
                    <item> H-S. oo. N. Sestertiis mille nummum. </item>
                    <item> H-S. co. CCI33. N. Sestertiis novem mille nummum. </item>
                    <item> H-S. CCIOD. CCIDD. Sestertiis viginti mille. </item>
                    <item> H-S. XX. Μ. N. Sestertiis viginti mille nummum. </item>
                    <item> H. SS. Hic suprascriptis. </item>
                </list>
                <list rend="simple" type="index">
                    <head> I </head>
                    <item> I. Junius, Julius, Jupiter, ibi, immortalis, imperator, inferi, inter,
                        invenit, invictus, ipse, iterum, judex, jussit, jus, &amp;C. </item>
                    <item> IA. Intra </item>
                    <item> I. AG. In agro. </item>
                    <item> I. AGL. In angulo. </item>
                    <item> IAD. Jamdudum. </item>
                    <item> IAN. Janus. </item>
                    <item> IA. RΓ. Jam respondi. </item>
                    <item> I. C. Juris consultus, Julius Caesar, judex cognitionum. </item>
                    <item> ÏC. Hic. </item>
                    <item> I. D. Inferis diis, Jovi dedicatum, Isidi deae, jussu Dei. </item>
                    <item> ID. Idus. </item>
                    <item> I. D. Μ. Jovi Deo magno. </item>
                    <item> I. F. <hi rend="italic">vel</hi> I. FO. In foro. </item>
                    <item> IF. Interfuit. IFT. Interfuerunt. </item>
                    <item> I. FNT. In fronte. </item>
                    <item> IG. Igitur. </item>
                    <item> I. H. Jacet hic. </item>
                    <item> I. I. In jure. </item>
                    <item> IM. Imago, immortalis, imperator. </item>
                    <item> I. Μ. CT. In medio civitatis. </item>
                    <item> IMM. Immolavit, immortalis, immunis </item>
                    <item> IM. S. Impensis suis. </item>
                    <item> IN. Inimicus, inscripsit, interea. </item>
                    <item> IN. A. P. XX. In agro pedes viginti. </item>
                    <item> IN. <hi rend="italic">vel</hi> INL. V. I. S. Inlustris vir infra
                        scriptus. </item>
                    <item> I. R. Jovi regi, Junoni reginae, jure rogavit. </item>
                    <item> I. S. <hi rend="italic">vel</hi> I. SN. In senatum. </item>
                    <item> I. V. Justus vir. </item>
                    <item> IVD. Judicium. </item>
                    <item> IVV. Juventus, Juvenalis. </item>
                    <item> II. V. Duumvir, <hi rend="italic">.vel</hi> duumviri. </item>
                    <item> III. V. <hi rend="italic">vel</hi> III. VIR. Triumvir, <hi rend="italic"
                        >vel</hi> triumviri. </item>
                    <item> IIII. VIR. Quatuorvir, <hi rend="italic">vel</hi> quatuorviri, <hi
                        rend="italic">vel</hi> quatuorviratus. </item>
                    <item> IIIIII. V. <hi rend="italic">vel</hi> VIR. Sextumvir, <hi rend="italic"
                        >vel</hi> sevir, <hi rend="italic">vel</hi> sexvir. </item>
                    <item> IDNE. <hi rend="italic">vel</hi> IND. <hi rend="italic">aut</hi> INDICT.
                        Indictione <hi rend="italic">vel</hi> indictio. </item>
                </list>
                <list rend="simple" type="index">
                    <head> K. </head>
                    <item> K. Caeso, Caius, Caio, Caelius, Carolus, calumnia, candidatus, caput,
                        carissimus., clarissimus, castra, cohors, Carthago, &amp;c. </item>
                    <item> K. KAL. KL. KLD. KLEND. Kalendae, <hi rend="italic">aut</hi> kalendis;
                        <hi rend="italic">et</hi><hi rend="italic">sic de caeteris</hi><hi
                        rend="italic">ubi mensium apponuntur nomina.</hi></item>
                    <item> KARC. Career. </item>
                    <item> KK. Carissimi. </item>
                    <item> KM. Carissimus. </item>
                    <item> K. S. Carus suis. </item>
                    <item> KR. Chorus.. </item>
                    <item> KR. AM. N. Carus amicus noster. </item>
                </list>
                <list rend="simple" type="index">
                    <head> L. </head>
                    <item> L. Lucius, Lucia, Laelius, Lollius, lares, Latinus, latum, legavit, lex,
                        legio, libens <hi rend="italic">vel</hi> lubens, liber, libera, libertus,
                        liberta, libra, locavit, &amp;c. </item>
                    <item> L. A. Lex alia. </item>
                    <item> LA. C. Latini coloni. </item>
                    <item> L. A. D. Locus alteri datus. </item>
                    <item> L. AG. Lex agraria. </item>
                    <item> L. AN. Lucius Anius, <hi rend="italic">vel</hi> quinquaginta annis. </item>
                    <item> L. AP. Ludi Apollinares. </item>
                    <item> LAT. P. VIII. E. S. Latum pedes octo et semis. </item>
                    <item> LONG. P. VII. L. P. III. Longum pedes septem, latum pedes tres. </item>
                    <item> L. ADQ. Locus adquisitus. </item>
                    <item> LB. Libertus, liberi. </item>
                    <item> L. D. D. D. Locus datus decreto decurionum. </item>
                    <item> LECTIST. Lectisternium. </item>
                    <item> LEG. I. Legio prima. </item>
                    <item> L. E. D. Lege ejus damnatus. </item>
                    <item> LEG. PROV. Legatus provinciae. </item>
                    <item> LIC. Licinius. </item>
                    <item> LICT. Lictor. </item>
                    <item> LL. Libentissime, liberi, libertas. </item>
                    <item> L. L. Sestertius magnus. </item>
                    <item> LVD. SAEC. Ludi saeculares. </item>
                    <item> LVPĒRC. Lupercalia. </item>
                    <item> LV. P. F. Ludos publicos fecit. </item>
                </list>
                <list rend="simple" type="index">
                    <head> Μ. </head>
                    <item> Μ. Marcus, Marea, Martius, Mutius, maceria, magister, magistratus,
                        magnus, manes, mancipium, marmoreus, Marti, mater, maximus, memor, memoria,
                        mensis, meus, miles, militavit, militia, mille, missus, monumentum, mortuus,
                        &amp;c. </item>
                    <item> MAG. EQ. Magister equitum. </item>
                    <item> MAR. VLT. Mars ultor. </item>
                    <item> MAX. POT. Maximus pontifex. </item>
                    <item> MD. Mandatum. </item>
                    <item> MED. Medicus, medius. </item>
                    <item> MER. Mercurius, mercator. </item>
                    <item> MERK. Mercurialia, mercatus. </item>
                    <item> MES. VII. DIEB. XI. Mensibus septem, diebus undecim. </item>
                    <item> Μ. I, Maximo Jovi, matri Ideae <hi rend="italic">vel</hi> Isidi, militiae
                        jus, monumentum jussit. </item>
                    <item> MIL. COH. Miles cohortis. </item>
                    <item> MIN. <hi rend="italic">vel</hi> MINER. Minerva. </item>
                    <item> Μ. MON. MNT. MONET. Moneta. </item>
                    <item> Μ. <hi rend="italic">vel</hi> MS. Mensis <hi rend="italic">vel</hi>
                        menses. </item>
                    <item> MNF. Manifestus. </item>
                    <item> MNM. Manumissus. </item>
                    <item> Μ. P. II. Millia passuum duo. </item>
                    <item> MV. MN. MVN. MVNIC. Municipium, <hi rend="italic">vel</hi> municeps.
                    </item>
                </list>
                <list rend="simple" type="index">
                    <head> N. </head>
                    <item> N. Neptunus, Numerius, Numeria, nonis, Nero, nam, non, natus, natio,
                        nefastus, nepos, neptis, niger, nomen, nonae, noster, numerarius, numerator,
                        numerus, nummus <hi rend="italic">vel</hi> numisma, numen. </item>
                    <item> NAV. Navis. </item>
                    <item> N. B. Numeravit bivus, <hi rend="italic">pro</hi> vivus. </item>
                    <item> NB. <hi rend="italic">vel</hi> NBL. Nobilis. </item>
                    <item> N. C. Nero Caesar, <hi rend="italic">vel</hi> Nero Claudius. </item>
                    <item> NEG. <hi rend="italic">vel</hi> NEGOT. Negotiator. </item>
                    <item> NEP. S. Neptuno sacrum. </item>
                    <item> N. F. N. Nobili familia natus. </item>
                    <item> N. L. Non liquet, non licet, non longe, nominis Latini. </item>
                    <item> N. M. Nonius Macrinus, non malum, non minus. </item>
                    <item> NN. Nostri. NNR. <hi rend="italic">vel</hi> NR. Nostrorum. </item>
                    <item> NO. Nobis. </item>
                    <item> NOBR, November. </item>
                    <item> NON. AP. Nonis Aprilis. </item>
                    <item> NQ. Namque, nusquam, nunquam. </item>
                    <item> N. V. N. D. N. P. O. Neque vendetur, neque donabitur, neque pignori
                        obligabitur. </item>
                    <item> NVP. Nuptiae. </item>
                </list>
                <list rend="simple" type="index">
                    <head> O. </head>
                    <item> O. Officium, optimus, olla, omnis, optio, ordo, ossa, ostendit, &amp;c. </item>
                    <item> OB. Obiit. </item>
                    <item> OB. C. S. Ob cives servatos. </item>
                    <item> OCT. Octavianus, October. </item>
                    <item> O. E. B. Q. C. Ossa ejus bene quiescant condita. </item>
                    <item> O. H. F. Omnibus honoribus functus. </item>
                    <item> ONA. Omnia. </item>
                </list>
                <pb break="no" facs="nls:193030056" xml:id="kp-eb0702-0056-0019"/>
                <list rend="simple" type="index">
                    <item> 00. Omnes, omnino. Ο. O. Optimus ordo. </item>
                    <item> OP. Oppidum, opiter, oportet, optimus, opus. </item>
                    <item> ORN. Ornamentum. </item>
                    <item> OTIM. Optimae. </item>
                </list>
                <list rend="simple" type="index">
                    <head> P. </head>
                    <item> P. Publius, passus, patria, pecunia, pedes, perpetuus, pius, plebs,
                        populus, pontifex, posuit, potestas, praeses, praetor, pridie, pro, post,
                        provincia, puer, publicus, publice, primus, &amp;c. </item>
                    <item> PA. Pater, patricius. </item>
                    <item> PAE. ET. ARR. COS. Paeto et Arrio consulibus. </item>
                    <item> P. A. F. A. Postulo an fias auctor. </item>
                    <item> PAR. Parens, Parilia, Parthicus. </item>
                    <item> PAT. PAT. Pater patriae. </item>
                    <item> PBLC. Publicus. </item>
                    <item> PC. Procurator. </item>
                    <item> P. C. Post consulatum, patres conscripti, patronus coloniae, ponendum
                        curavit, praefectus corporis, pactum conventum. </item>
                    <item> PED. CXV. S. Pedes centum quindecim semis. </item>
                    <item> PEG. Peregrinus. </item>
                    <item> P. 11. ∞. L. Pondo duarum semis librarum. </item>
                    <item> P. II. S: :. Pondo duo semis cum triente. </item>
                    <item> P. KAL. Pridie kalendas. </item>
                    <item> POM. Pompeius. </item>
                    <item> P. P. P. C. Propria pecunia ponendum curavit. </item>
                    <item> P. R. C. A. DCCCXLIIII. Post Romam conditam annis octingentis quadraginta
                        quatuor. </item>
                    <item> PROC. Proconsul. P. PR. Propraetor. P. PRR. Propraetores. </item>
                    <item> PR. N. Pronepos. </item>
                    <item> P. R. V. X. Populi Romani vota decennalia. </item>
                    <item> PS. Passus, plebiscitum. </item>
                    <item> PUD. Pudicus, pudica, pudor. </item>
                    <item> PUR. Purpureus. </item>
                </list>
                <list rend="simple" type="index">
                    <head> Q. </head>
                    <item> Q. Quinquennalis, quartus, quintus, quando, quantum, qui, quae, quod,
                        Quintus, Quintius, Quintilianus, quaestor, quadratum, quaesitus. </item>
                    <item> Q. B. AN. XXX. Qui bixit, <hi rend="italic">id est,</hi> vixit, annos
                        triginta. QM. Quomodo, quem, quoniam. </item>
                    <item> QQ. Quinquennalis. QQ. V. Quoquo versum. </item>
                    <item> Q. R. Quaestor reipublicae. </item>
                    <item> Q. V. A. III. Μ. II. Qui <hi rend="italic">vel</hi> quae vixit annos
                        tres, menses duo. </item>
                </list>
                <list rend="simple" type="index">
                    <head> R. </head>
                    <item> R. Roma, Romanus, rex, reges, Regulus, rationalis, Ravennae, recta,
                        recto, requietorium, retro, rostra, rudera, &amp;c. </item>
                    <item> RC. Rescriptum. </item>
                    <item> R. C. Romana civitas. </item>
                    <item> REF. C. Reficiendum curavit. </item>
                    <item> REG. Regio. </item>
                    <item> RP. RESP. Respublica. </item>
                    <item> RET. P. XX. Retro pedes viginti. </item>
                    <item> REQ. Requiescit. </item>
                    <item> RMS. Romanus. </item>
                    <item> ROB. Robigalia, Robigo. </item>
                    <item> RS. Responsum. </item>
                    <item> RVF. Rufus. </item>
                </list>
                <list rend="simple" type="index">
                    <head> S. </head>
                    <item> S. Sacrum, sacellum, scriptus, semis, senatus, sepultus, sepulcrum,
                        sanctus, servus, serva, Servius, sequitur, sibi, situs, solvit, sub,
                        stipendium, &amp;c. </item>
                    <item> SAC. Sacerdos, sacrificium. </item>
                    <item> SAE. <hi rend="italic">vel</hi> SAEC. Saeculum, saeculares. </item>
                    <item> SAL. Salus. </item>
                    <item> S. C. Senatus consultum. </item>
                    <item> SCI. Scipio. </item>
                    <item> S. D. Sacrum diis. </item>
                    <item> S. EQ. Q. O. ET. P. R. Senatus equesterque ordo et populus Romanus. </item>
                    <item> SEMP. Sempronius. </item>
                    <item> SL. SVL. SYL. Sylla. </item>
                    <item> S. L. Sacer ludus, sine lingua. </item>
                    <item> S. Μ. Sacrum manibus, sine manibus, sine malo. </item>
                    <item> SN. Senatus, sententia, sine. </item>
                    <item> S. P. Sine pecunia. </item>
                    <item> S. P. Q. R. Senatus populusque Romanus. </item>
                    <item> S. P. D. Salutem plurimam dicit. </item>
                    <item> S. T. A. Sine <hi rend="italic">vel</hi> sub tutoris auctoritate. </item>
                    <item> SLT. Scilicet. </item>
                    <item> S. E. T. L. Sit ei terra levis. </item>
                    <item> SIC. V. SIC. X. Sicuti quinquennalia, sic decennalia. </item>
                    <item> SSTVP. XVIIII. Stipendiis novemdecim. </item>
                    <item> ST. XXXV. Stipendiis triginta quinque. </item>
                </list>
                <list rend="simple" type="index">
                    <head> T. </head>
                    <item> T. Titus, Tullius, tantum, terra, tibi, ter, testamentum, titulus,
                        terminus, triarius, tribunus, turma, tutor, tutela, &amp;c. </item>
                    <item> TAB. Tabula. TABVL. Tabularius. </item>
                    <item> TAR. Tarquinius. </item>
                    <item> TB. D. F. Tibi dulcissimo filio. </item>
                    <item> TB. PL. Tribunus plebis. </item>
                    <item> TB. TI. TIB. Tiberius. </item>
                    <item> T. F. Titus Flavius, Titi filius. </item>
                    <item> THR. Thrax. </item>
                    <item> T. L. Titus Livius, Titi libertus. </item>
                    <item> TIT. Titulus. </item>
                    <item> TM. Terminus, thermae. </item>
                    <item> TR. PO. Tribunitia potestas. </item>
                    <item> TRAJ. Trajanus. </item>
                    <item> TUL. Tullus <hi rend="italic">vel</hi> Tullius. </item>
                    <item> TR. V. Triumvir. </item>
                    <item> TT. QTS. Titus Quintus. </item>
                    <item> Θ. <hi rend="italic">vel</hi> TH. AN. Mortuus anno. </item>
                    <item> Θ. XIII. Defunctus viginti tribus. </item>
                    <item> X </item>
                </list>
                <list rend="simple" type="index">
                    <head> V. </head>
                    <item> V. Quinque, quinto, quintum. </item>
                    <item> V. Vitellius, Volera, Volero, Volusus, Vopiscus, vale, valeo, Vesta,
                        vestalis, vestis, vester, veteranus, vir, virgo, vivus, vixit, votum, vovit,
                        urbs, usus, uxor, victus, victor, &amp;c. </item>
                    <item> V. A. Veterano assignatum. </item>
                    <item> V. A. I. D. XI. Vixit annum unum, dies undecim. </item>
                    <item> V. A. L. Vixit annos quinquaginta. </item>
                    <item> V. B. A. Viri boni arbitratu. </item>
                    <item> V. C. Vale conjux, vivens curavit, vir consularis, vir clarissimus,
                        quintum consul. </item>
                    <item> VDL. Videlicet. </item>
                    <item> V. E. Vir egregius, visum est, verum etiam. </item>
                    <item> VESP. Vespasianus. </item>
                    <item> VI. V. Sextumvir. VII. V. Septemvir. VIII. VIR. octumvir. </item>
                    <item> VIX. A. FF. C. Vixit annos ferme centum. </item>
                    <item> VIX. AN. X . Vixit annos triginta. </item>
                    <item> ULPS. Ulpianus, Ulpius. </item>
                    <item> V. Μ. Vir magnificus, vivens mandavit, volens merito. </item>
                    <item> V. N. Quinto nonas. </item>
                    <item> V. MUN. Vias munivit. </item>
                    <item> VOL. Volcania, Voltinia, Volusus. </item>
                    <item> VONE. Bonae. </item>
                    <item> VOT. V. Votis quinquennalibus. </item>
                    <item> VOT. V. MULT. X. Votis quinquennalibus, multis decennalibus. </item>
                    <item> VOT. X. Vota decennalia. </item>
                </list>
                <pb break="no" facs="nls:193030069" xml:id="kp-eb0702-0069-0020"/>
                <list rend="simple" type="index">
                    <item> VOT. XX. <hi rend="italic">υel</hi> XXX. <hi rend="italic">vel</hi> ΧΧΧΧ.
                        Vota vicennalia, aut tri-çennalia, aut quadragenalia. </item>
                    <item> V. R. Urbs Roma, votum reddidit. VV. CC. Viri clarissimi. </item>
                    <item> UX. Uxor. </item>
                </list>
                <list rend="simple" type="index">
                    <head> X. </head>
                    <item> X. AN. Decennalibus. </item>
                    <item> X. K. OCT. Decimo kalendas Octobris. </item>
                    <item> X. Μ. Decem millia. X. P. Decem pondo. </item>
                    <item> X. V. Decemvir. XV. VIR. Quindecimvir. </item>
                </list>
            </div>
        </body>
    </text>
</TEI>
