<?xml version="1.0" encoding="utf-8"?><?xml-model  href="https://TU-plogan.github.io/code/odd/tei_kp1.rng" type="application/xml" schematypens="http://relaxng.org/ns/structure/1.0"?>
<TEI xml:id="kp-eb0702-0316-0039-10" xml:lang="en" xmlns="http://www.tei-c.org/ns/1.0">
    <teiHeader>
        <fileDesc>
            <titleStmt xml:id="eb07_v3.0">
                <title level="a" type="main">ABORTION</title>
                <title level="m" type="main">Encyclopaedia Britannica: A machine-readable
                    transcription</title>
                <title level="m" type="sub">7th edition, volume 2, page 39</title>
                <editor>Edited by <persName ref="https://orcid.org/0000-0003-2362-8282"
                    role="editor" xml:id="pml">Peter Melville Logan</persName></editor>
                <respStmt>
                    <orgName xml:id="kp">Nineteenth-Century Knowledge Project Staff,
                        <affiliation>Temple University</affiliation></orgName>
                    <resp>OCR transcription and data management</resp>
                </respStmt>
                <respStmt>
                    <persName ref="https://orcid.org/0000-0001-7819-5360" xml:id="jg">Jane
                        Greenberg, <affiliation>Metadata Research Center, Drexel
                        University</affiliation></persName>
                    <resp>metadata development</resp>
                </respStmt>
                <respStmt>
                    <persName xml:id="dk">Don Kretz, <affiliation>Distributed
                        Proofreading</affiliation></persName>
                    <resp>data management</resp>
                </respStmt>
                <funder><orgName ref="http://viaf.org/viaf/137796012" xml:id="neh">National
                    Endowment for the Humanities</orgName></funder>
                <funder><orgName ref="http://viaf.org/viaf/121974598" xml:id="imls">Institute of
                    Museum and Library Services</orgName></funder>
                <funder><orgName ref="http://viaf.org/viaf/127396206" xml:id="tu">Temple
                    University</orgName></funder>
                <sponsor><orgName ref="http://viaf.org/viaf/3653147665869560670009" xml:id="cci"
                    >Drexel University, College of Computing &amp; Informatics</orgName></sponsor>
            </titleStmt>
            <editionStmt>
                <edition n="3.0">Version 3.0<date when="2024">2024</date></edition>
            </editionStmt>
            <extent>464 MB; 21,116 XML files </extent>
            <publicationStmt>
                <publisher corresp="kp"><orgName corresp="kp">Nineteenth-Century Knowledge
                    Project</orgName><email>nckp@temple.edu</email><link
                    target="https://github.com/TU-plogan/KnowledgeProject"/></publisher>
                <availability status="free">
                    <p>Licensed under a Creative Commons Attribution 4.0 International License.</p>
                    <licence target="https://creativecommons.org/licenses/by/4.0/"> CC BY 4.0
                    </licence>
                </availability>
                <date when="2024">2024</date>
            </publicationStmt>
            <seriesStmt>
                <title level="s">Encyclopaedia Britannica: A machine-readable transcription</title>
                <editor corresp="pml">Peter Melville Logan</editor>
            </seriesStmt>
            <sourceDesc>
                <biblFull xml:lang="en">
                    <titleStmt>
                        <title level="m">Encyclopaedia Britannica</title>
                        <editor><persName ref="http://viaf.org/viaf/79392506" xml:id="mn">Napier,
                            Macvey, 1776-1847</persName></editor>
                    </titleStmt>
                    <editionStmt>
                        <edition>Seventh Edition</edition>
                    </editionStmt>
                    <extent><measure quantity="21" unit="vol">21 volumes</measure></extent>
                    <publicationStmt>
                        <publisher>Adam and Charles Black</publisher>
                        <pubPlace>Edinburgh</pubPlace>
                        <date from="1830" to="1842">1830-1842</date>
                    </publicationStmt>
                    <sourceDesc>
                        <bibl xml:id="NLS"><title>Seventh edition - Encyclopaedia Britannica
                            [190218838]</title><publisher><orgName
                            ref="https://digital.nls.uk/encyclopaedia-britannica/archive/190218838"
                            >National Library of Scotland</orgName></publisher><date when="2019"
                            >2019</date><idno type="DOI">https://doi.org/10.34812/cg4r-dn40</idno><availability>
                            <p>National Library of Scotland License: CC BY 4.0</p>
                            <licence target="https://creativecommons.org/licenses/by/4.0/">CC BY 4.0
                            </licence>
                            </availability></bibl>
                    </sourceDesc>
                </biblFull>
                <listBibl>
                    <head>Alternate image sources for this edition:</head>
                    <bibl xml:id="UW-HT">Hathi Trust, from print source at the University of
                        Wisconsin: vol. 9, pp. 29, 31, 32, 36, 37, 39, 41, 48, 50-55, 57, 59, 62,
                        63, 66, 67, 69-71, 76, 88; vol. 19 (all).</bibl>
                    <bibl xml:id="UCH-HT">Hathi Trust, from print source at the University of
                        Chicago: vol. 10, pp. 7-10; vols. 20, 21 (all).</bibl>
                </listBibl>
            </sourceDesc>
        </fileDesc>
        <encodingDesc>
            <editorialDecl>
                <ab><list rend="bulleted" type="basic">
                    <item>Encoding has been done using the recommendations for Level 3 of the "TEI
                        in Libraries Guidelines."</item>
                    <item>Individual entries and page-breaks are encoded, but column breaks are
                        omitted.</item>
                    <item>Print page headers and side descriptions are not included.</item>
                    <item>OCR successfully reproduced simple tables, but complex tabular data is not
                        captured dependably and the results should not be relied upon.</item>
                    <item>OCR was not able to successfully reproduce math and chemical formulas. The
                        uncorrected results remain in the text.</item>
                    <item>Some font formatting is preserved: <val>italic</val>,
                        <val>smallcaps</val>, <val>strikethrough</val>, <val>subscript</val>,
                        <val>superscript</val>, <val>underline</val>. The following print styles are
                        ignored: bold, font size, typeface.</item>
                    </list></ab>
                <correction method="markup" status="low">
                    <p>This electronic text file was created by optical character recognition (OCR).
                        Some OCR errors have been corrected.</p>
                    <p>Illegible text in the original is indicated using <gi>unclear</gi> or
                        <gi>gap</gi>, as appropriate. If corrected, the reference source is
                        indicated with <gi>supplied</gi>.</p>
                    <p>Some volumes of the print edition substituted "c" for "e" letters across
                        multiple pages. These are silently corrected.</p>
                </correction>
                <normalization method="silent">
                    <p>Original spelling is preserved. When noticed, obvious misspellings are
                        combined with the correct spelling as <gi>choice</gi> in the TEI. Ligatures
                        are reproduced as multiple letters. Original footnote and marginal note
                        sigla are replaced with sequential numbers for each entry.</p>
                </normalization>
                <punctuation marks="some">
                    <p>Extra space around punctuation marks is removed.</p>
                    <p>Ordinal numbers, such as 1st, 2ndly, etc., are inconsistently italicized in
                        the printed text; they are normalized as roman throughout.</p>
                </punctuation>
                <quotation marks="some">
                    <p>Quotation marks are retained as content in the text. Redundant open quotation
                        marks at the start of lines inside block quotes are silently removed.</p>
                </quotation>
                <hyphenation eol="hard">
                    <p>Soft hyphens are silently removed.</p>
                </hyphenation>
                <segmentation>
                    <p>The <tag>div type="entry"</tag> element divides the text into individual
                        entries.</p>
                    <p>The <tag>div type="section"</tag> and <tag>div type="subsection"</tag>
                        elements are reserved for entry subsections, but their inclusion is largely
                        aspirational.</p>
                </segmentation>
            </editorialDecl>
            <tagsDecl>
                <namespace name="http://www.tei-c.org/ns/1.0">
                    <tagUsage gi="div">Unnumbered <gi>div</gi> tags are used throughout.</tagUsage>
                </namespace>
            </tagsDecl>
            <projectDesc>
                <p>All text was encoded for the Nineteenth-Century Knowledge Project to provide a
                    machine-readable edition of the Encyclopedia Britannica to analyze using
                    machine-learning methods.</p>
                <p>Subject keywords are added to <gi>teiHeader</gi> for each entry; they were
                    generated by the HIVE2 automated vocabulary server, created by the Metadata
                    Research Center at Drexel University (<link
                    target="https://hive2.cci.drexel.edu"/>https://hive2.cci.drexel.edu).</p>
            </projectDesc>
            <samplingDecl>
                <p>This release reproduces the text matter for all entries. It does not include
                    images, front- or back-matter. It omits volume 1, which consists of
                    "Dissertations" rather than entries. The reproduction of tables and formulae is
                    unreliable. </p>
            </samplingDecl>
            <listPrefixDef>
                <prefixDef ident="fastgeo" matchPattern="(\d+)"                     replacementPattern="http://id.worldcat.org/fast/$1">                     <p>URIs with the prefix <code>fastgeo:</code> point to terms in the OCLC FAST
                        (Faceted Application of Subject Terminology) Geographical subject heading
                        schema derived from the Library of Congress Subject Headings (LCSH).</p>
                </prefixDef>
                <prefixDef ident="fastgeo" matchPattern="(\d+)"
                    replacementPattern="http://id.worldcat.org/fast/$1">
                    <p>URIs with the prefix <code>fasttopic:</code> point to terms in the OCLC FAST
                        (Faceted Application of Subject Terminology) Topical subject heading schema
                        derived from the Library of Congress Subject Headings (LCSH).</p>
                </prefixDef>
                <prefixDef ident="lcsh1910" matchPattern="(\w+)"
                    replacementPattern="https://n2t.net/ark:/99152/$1">
                    <p>URIs with the prefix <code>lcsh1910:</code> point to subject terms in <hi
                        rend="italic">Subject Headings Used in the Dictionary Catalogues of the
                        Library of Congress</hi>, 2 vols., Library of Congress, 1910.</p>
                </prefixDef>
                <prefixDef ident="ht" matchPattern="([\w\-\.;=\&#34;&amp;]+)"
                    replacementPattern="https://babel.hathitrust.org/cgi/pt?id=$1">
                    <p>URIs with the prefix <code>ht:</code> point to page images in the Hathi
                        Trust.</p>
                </prefixDef>
                <prefixDef ident="ia" matchPattern="(\w+)"
                    replacementPattern="https://archive.org/details/$1">
                    <p>URIs with the prefix <code>ia:</code> point to page images in the Internet
                        Archive.</p>
                </prefixDef>
                <prefixDef ident="nls" matchPattern="([\w?\=]+)"
                    replacementPattern="https://digital.nls.uk/encyclopaedia-britannica/archive/$1">
                    <p>URIs with the prefix <code>nls:</code> point to page images in the National
                        Library of Scotland.</p>
                </prefixDef>
            </listPrefixDef>
        </encodingDesc>
        <profileDesc>
            <textClass default="false">
                <keywords scheme="http://id.worldcat.org/fast/">
                    <term n="4" ref="fasttopic:1085685">Questioning</term>
                    <term n="3" ref="fasttopic:993678">Law</term>
                    <term n="3" ref="fasttopic:882984">Crime</term>
                    <term n="3" ref="fasttopic:1026940">Mothers</term>
                    <term n="3" ref="fasttopic:888613">Death</term>
                    <term n="1" ref="fasttopic:1100116">Romans</term>
                    <term n="1" ref="fasttopic:875652">Consolation</term>
                </keywords>
                <keywords scheme="http://id.worldcat.org/fast/">
                    <term n="2" ref="fastgeo:1754964">Rome</term>
                    <term n="2" ref="fastgeo:1206715">Scotland</term>
                    <term n="1" ref="fastgeo:1219920">England</term>
                </keywords>
                <keywords scheme="https://id.cci.drexel.edu/">
                    <term n="1" ref="lcsh1910:b4f18sh3p">Consolation</term>
                    <term n="3" ref="lcsh1910:b4m90280p">Law</term>
                    <term n="3" ref="lcsh1910:b4ws8hn48">Mothers</term>
                    <term n="3" ref="lcsh1910:b4zp3w922">Writers</term>
                    <term n="3" ref="lcsh1910:b4kh0f02c">Death</term>
                    <term n="3" ref="lcsh1910:b4w950x93">Womb</term>
                </keywords>
            </textClass>
        </profileDesc>
        <revisionDesc status="published">
            <listChange>
                <change n="3.0" status="public" when="2024-12-06" who="#pml">v3.0. Includes
                    significant corrections to the OCR text, predominantly in cases of confusing "c"
                    and "e." Isolates 90 entries that were mistakenly included at the end of prior
                    entries in v1 and v2. Normalizes ordinal numbers. Separates metadata in
                    <gi>teiHeader</gi> into two separate facets: FAST Topical and FAST Geographical.
                    Moves commas following <gi>pb</gi> in the text to preceding it and removes extra
                    space around the <gi>pb</gi> tag. Where a word is hyphenated at a <gi>pb</gi>,
                    the end fragment is now joined to the start fragment, making a machine-readable
                    word.</change>
                <change n="2.0" status="public" when="2023-10-11" who="#pml">v2.0. Isolates 42
                    entries that were mistakenly included at the end of prior entries in v1. Removes
                    <att>xml:id</att> from the <gi>div</gi> for the entry and adds it to the
                    <gi>TEI</gi> tag. Adds schema link to all files.</change>
                <change n="1.0" status="public" when="2022-11-28" who="#pml">v1.0. Initial
                    release.</change>
            </listChange>
        </revisionDesc>
    </teiHeader>
    <text>
        <body>
            <div facs="nls:193030316" type="entry">
                <p><label type="entry">ABORTION</label>, in <hi rend="italic">Midwifery,</hi> the
                    premature exclusion of a foetus. It has sometimes been doubted whether this
                    unnatural practice was ranked as a crime in the laws of Greece and Rome. This
                    question has been revived, and elaborately discussed in France, by some members
                    of the Institute. The subject, it seems, had been incidentally alluded to in a
                    discourse of Gregoire’s ’ upon the influence of Christianity on the condition of
                    the female sex, read in the early part of 1814. This produced two dissertations,
                    one by Μ. Clavier, and the other by Μ. Boissonade; the first maintaining the
                    impunity of the practice among the ancients, the last, that it was on the
                    contrary viewed as a penal offence.</p>
                <p>We find, says Μ. Clavier, that in one of Plato’s dialogues (<hi rend="italic"
                    >Theaet.)</hi> Socrates is made to speak of artificial abortion, as a practice
                    not only common, but allowable; and Plato himself authorizes it in his <hi
                    rend="italic">Republic,</hi> (lib. v.) Aristotle <hi rend="italic">(Polit,</hi>
                    lib. vii. c. 17) gives it as his opinion, that no child ought to be suffered to
                    come into the world, the mother being above forty, or the father above
                    fifty-five years of age. Lysias maintained, in one of his pleadings quoted by
                    Harpocration, that forced abortion could not be considered homicide, because a
                    child <hi rend="italic">in</hi><hi rend="italic">utero</hi> was not an animal,
                    or separate existence. Μ. Clavier admits, that, in a treatise ascribed to Galen,
                    <hi rend="italic">(An animal sit quod in</hi><hi rend="italic">utero est ?)</hi>
                    there is mention made of enactments by Solon and Lycurgus against this crime;
                    but he maintains that this is a spurious production, and that, at any rate, his
                    testimony cannot be opposed to that of so many writers who lived long before his
                    age. Among the Romans, Ovid <hi rend="italic">(Amor.</hi> lib. ii.), Juvenal <hi
                    rend="italic">(Sat.</hi> vi. v. 594), and Seneca <hi rend="italic">(Consol, ad
                    Helv.</hi> 16), though they lament in strong terms the frequency of this
                    enormity, yet they never allude to any laws by which it might be suppressed.
                    Various other writers, it is said, preserve the same silence on this point,
                    whilst joining in general reprobation of the crime.</p>
                <p>On the other hand, Μ. Boissonade appeals not only to the authority of Galen, but
                    of Cicero, <hi rend="italic">(Pro</hi><hi rend="italic">Cluentio,)</hi> as
                    placing it beyond a doubt, that, so far from being allowed to pass with
                    impunity, the offence in question was sometimes punished with death. With regard
                    to the authority of Lysias, he states, that the pleading referred to is quoted
                    by Harpocration himself as of dubious authenticity; and, as to Plato and
                    Aristotle, he observes, that their speculative reasonings, in matters of
                    legislation, ought not to be confounded with the actual state of the laws. And
                    he adds, that Stobaeus <hi rend="italic">(Sernι.</hi> 73) has preserved a
                    passage from Musonius, in which that philosopher expressly states, that the
                    ancient lawgivers inflicted punishments on females who caused themselves to
                    abort.</p>
                <p>It seems indeed difficult to believe, that the practice in question should have
                    been allowed to prevail without being denounced as criminal by the lawgivers of
                    Greece and Rome; but it is not so clear that there was any law which <pb
                    break="no" facs="nls:193030329" xml:id="kp-eb0702-0329-0040"/> punished it with
                    death. Tłrose readers who have any curiosity to enter more deeply into the
                    inquiry, will be enabled to do so by consulting the various authorities to which
                    Μ. Clavier and M. Boissonade have appealed, in support of their respective views
                    of the question. The notorious frequency of the practice forms an odious feature
                    in the manners of ancient times. Seneca makes it a ground of distinction for
                    Helvia, that she had never, like others of her countrywomen, destroyed the child
                    in her womb, in order to preserve her shape.</p>
                <p>By the law of England till lately, the only party held to be guilty of murder in
                    forcingabor tion was the woman, when she was proved to have taken means to
                    destroy a child <hi rend="italic">quick</hi> in the womb, and actually to have
                    thereby destroyed it. But in 1803, an act was passed, inflicting the punishment
                    of death upon <hi rend="italic">all</hi> concerned in <hi rend="italic"
                    >administering</hi> any noxious substance with the <hi rend="italic">intent</hi>
                    to procure the miscarriage of any woman <hi rend="italic">quick</hi> with child.
                    The procuring or attempting it before the child has quickened, is punishable
                    only with imprisonment or transportation. This law is evidently grounded upon a
                    false hypothesis, that the foetus is not quick or alive till its motion in the
                    womb becomes perceptible to the mother; and, what is of more importance, it
                    makes no provision against the attempt to procure abortion by <hi rend="italic"
                    >manual</hi> application. The reader will find a curious illustration of this
                    defect, in a trial which occurred at the assizes held at Bury St Edmunds in
                    1808. See <hi rend="italic">Trial of William Fizzy,</hi> &amp;c. Ipswich,
                    1808.</p>
                <p>The case of John Fenton, tried at Perth in 1763, was the first instance of a
                    criminal prosecution for this offence in Scotland; and here the public
                    prosecutor restricted the libel to an arbitrary punishment. Our writers indeed
                    agree, that, by the law of Scotland, the forcing of abortion is not homicide,
                    whether the child be quick or not, except where the mother is killed in the
                    process. Imprisonment or transportation may, and is all that can, in any case,
                    be inflicted.</p>
                <p><hi rend="italic">ABORT</hi><hi rend="italic smallcaps"> jpe</hi><hi
                    rend="italic">Vellum,</hi> is made of the skin of an abortive or immature
                    calf.</p>
            </div>
        </body>
    </text>
</TEI>
