<?xml version="1.0" encoding="utf-8"?><?xml-model  href="https://TU-plogan.github.io/code/odd/tei_kp1.rng" type="application/xml" schematypens="http://relaxng.org/ns/structure/1.0"?>
<TEI xml:id="kp-eb0702-0160-0027-02" xml:lang="en" xmlns="http://www.tei-c.org/ns/1.0">
    <teiHeader>
        <fileDesc>
            <titleStmt xml:id="eb07_v1.0">
                <title level="a" type="main">ABERDEEN</title>
                <title level="m" type="main">Encyclopaedia Britannica, 7th edition</title>
                <title level="m" type="sub">A machine-readable transcription</title>
                <editor>Edited by <persName ref="https://orcid.org/0000-0003-2362-8282"
                        role="editor" xml:id="pml">Peter Melville Logan</persName></editor>
                <respStmt>
                    <orgName xml:id="kp">Nineteenth-Century Knowledge Project Staff,
                            <affiliation>Temple University</affiliation></orgName>
                    <resp>OCR transcription and data management</resp>
                </respStmt>
                <respStmt>
                    <persName ref="https://orcid.org/0000-0001-7819-5360" xml:id="jg">Jane
                        Greenberg, <affiliation>Metadata Research Center, Drexel
                            University</affiliation></persName>
                    <resp>metadata development</resp>
                </respStmt>
                <respStmt>
                    <persName xml:id="dk">Don Kretz, <affiliation>Distributed
                            Proofreading</affiliation></persName>
                    <resp>data management</resp>
                </respStmt>
                <funder><orgName ref="http://viaf.org/viaf/137796012" xml:id="neh">National
                        Endowment for the Humanities</orgName></funder>
                <funder><orgName ref="http://viaf.org/viaf/121974598" xml:id="imls">Institute of
                        Museum and Library Services</orgName></funder>
                <funder><orgName ref="http://viaf.org/viaf/127396206" xml:id="tu">Temple
                        University</orgName></funder>
                <sponsor><orgName ref="http://viaf.org/viaf/3653147665869560670009" xml:id="cci"
                        >Drexel University, College of Computing &amp;
                    Informatics</orgName></sponsor>
            </titleStmt>
            <editionStmt>
                <edition n="2.0">Version 2.0 <date when="2023">2023</date></edition>
            </editionStmt>
            <extent>365 MB; 21,026 XML files </extent>
            <publicationStmt>
                <publisher corresp="kp"><orgName corresp="kp">Nineteenth-Century Knowledge
                        Project</orgName><email>nckp@temple.edu</email><link
                        target="https://github.com/TU-plogan/KnowledgeProject"/></publisher>
                <availability status="free">
                    <p>Licensed under a Creative Commons Attribution 4.0 International License.</p>
                    <licence target="https://creativecommons.org/licenses/by/4.0/"> CC BY 4.0
                    </licence>
                </availability>
                <date when="2023">2023</date>
            </publicationStmt>
            <seriesStmt>
                <title level="s">Encyclopaedia Britannica: A machine-readable text
                    transcription</title>
                <editor corresp="pml">Peter Melville Logan</editor>
            </seriesStmt>
            <sourceDesc>
                <biblFull xml:lang="en">
                    <titleStmt>
                        <title level="m">Encyclopaedia Britannica</title>
                        <editor><persName ref="http://viaf.org/viaf/79392506" xml:id="mn">Napier,
                                Macvey, 1776-1847</persName></editor>
                    </titleStmt>
                    <editionStmt>
                        <edition>Seventh Edition</edition>
                    </editionStmt>
                    <extent><measure quantity="21" unit="vol">21 volumes</measure></extent>
                    <publicationStmt>
                        <publisher>Adam and Charles Black</publisher>
                        <pubPlace>Edinburgh</pubPlace>
                        <date from="1830" to="1842">1830-1842</date>
                    </publicationStmt>
                    <sourceDesc>
                        <bibl xml:id="NLS"><title>Seventh edition - Encyclopaedia Britannica
                                [190218838]</title><publisher><orgName
                                    ref="https://digital.nls.uk/encyclopaedia-britannica/archive/190218838"
                                    >National Library of Scotland</orgName></publisher><date
                                when="2019">2019</date><idno type="DOI"
                                >https://doi.org/10.34812/cg4r-dn40</idno><availability>
                                <p>National Library of Scotland License: CC BY 4.0</p>
                                <licence target="https://creativecommons.org/licenses/by/4.0/">CC BY
                                    4.0 </licence>
                            </availability></bibl>
                    </sourceDesc>
                </biblFull>
                <listBibl>
                    <head>Alternate image sources for this edition:</head>
                    <bibl xml:id="UW-HT">Hathi Trust, from print source at the University of
                        Wisconsin: vol. 9, pp. 29, 31, 32, 36, 37, 39, 41, 48, 50-55, 57, 59, 62,
                        63, 66, 67, 69-71, 76, 88; vol. 19 (all).</bibl>
                    <bibl xml:id="UCH-HT">Hathi Trust, from print souce at the University of
                        Chicago: vol. 10, pp. 7-10; vols. 20, 21 (all).</bibl>
                </listBibl>
            </sourceDesc>
        </fileDesc>
        <encodingDesc>
            <editorialDecl>
                <correction method="markup" status="low">
                    <p>This electronic text file was created by optical character recognition (OCR).
                        OCR errors have not been corrected.</p>
                    <p>Illegible text in the original is indicated using <gi>unclear</gi> or
                            <gi>gap</gi>, as appropriate. If corrected, the reference source is
                        incidated with <gi>supplied</gi>.</p>
                </correction>
                <normalization method="silent">
                    <p>Original spelling is preserved. When noticed, obvious misspellings are
                        combined with the correct spelling as <gi>choice</gi> in the TEI. Ligatures
                        are reproduced as multiple letters. Original footnote and marginal note
                        sigla are replaced with sequential numbers for each entry.</p>
                </normalization>
                <punctuation marks="some">
                    <p>Extra space around punctuation marks is removed.</p>
                </punctuation>
                <quotation marks="some">
                    <p>Quotation marks are retained as content in the text. Redundant open quotation
                        marks at the start of lines inside block quotes are silently removed.</p>
                </quotation>
                <hyphenation eol="hard">
                    <p>Soft hyphens are removed silently.</p>
                </hyphenation>
                <segmentation>
                    <p>The <tag>div type="entry"</tag> element divides the text into individual
                        entries.</p>
                    <p>The <tag>div type="section"</tag> and <tag>div type="subsection"</tag>
                        elements are reserved for entry subsections.</p>
                </segmentation>
                <ab><list>
                        <item>Encoding has been done using the recommendations for Level 3 of the
                            TEI in Libraries Guidelines.</item>
                        <item>Individual entries and page-breaks are encoded, but column breaks are
                            omitted.</item>
                        <item>Running headers and side descriptions are not included.</item>
                        <item>Some font formatting is preserved: italic, small caps, strike through,
                            subscript, superscript, underline. The following formatting is ignored:
                            bold, font size, typeface.</item>
                    </list></ab>
            </editorialDecl>
            <tagsDecl>
                <namespace name="http://www.tei-c.org/ns/1.0">
                    <tagUsage gi="div">Unnumbered divs used.</tagUsage>
                </namespace>
            </tagsDecl>
            <projectDesc>
                <p>All text was encoded for the Nineteenth-Century Knowledge Project to provide a
                    machine-readable edition of the Encyclopedia Britannica to analyze.</p>
                <p>Subject-level metadata was added to each entry using the HIVE automated
                    vocabulary server created by the Metadata Research Center at Drexel University
                        (<link target="https://hive2.cci.drexel.edu"
                    />https://hive2.cci.drexel.edu).</p>
            </projectDesc>
            <samplingDecl>
                <p>This release reproduces the text matter for all entries. It does not include
                    images, tables, formulae, front- or back-matter. It omits volume 1, which
                    consists of "Dissertations" rather than entries.</p>
            </samplingDecl>
            <listPrefixDef>
                <prefixDef ident="fast" matchPattern="(\d+)"
                    replacementPattern="http://id.worldcat.org/fast/$1">
                    <p>URIs with the prefix <code>fast:</code> point to terms in the OCLC FAST
                        (Faceted Application of Subject Terminology) subject heading schema derived
                        from the Library of Congress Subject Headings (LCSH).</p>
                </prefixDef>
                <prefixDef ident="lcsh1910" matchPattern="(\w+)"
                    replacementPattern="https://n2t.net/ark:/99152/$1">
                    <p>URIs with the prefix <code>lcsh1910:</code> point to subject terms in the
                        volume <hi rend="italic">Subject Headings Used in the Dictionary Catalogues
                            of the Library of Congress</hi>, 7 vols., Library of Congress, 1910.</p>
                </prefixDef>
                <prefixDef ident="ht" matchPattern="([\w\-\.;=\&#34;&amp;]+)"
                    replacementPattern="https://babel.hathitrust.org/cgi/pt?id=$1">
                    <p>URIs with the prefix <code>ht:</code> point to page images in the Hathi
                        Trust.</p>
                </prefixDef>
                <prefixDef ident="ia" matchPattern="(\w+)"
                    replacementPattern="https://archive.org/details/$1">
                    <p>URIs with the prefix <code>ia:</code> point to page images in the Internet
                        Archive.</p>
                </prefixDef>
                <prefixDef ident="nls" matchPattern="([\w?\=]+)"
                    replacementPattern="https://digital.nls.uk/encyclopaedia-britannica/archive/$1">
                    <p>URIs with the prefix <code>nls:</code> point to page images in the National
                        Library of Scotland.</p>
                </prefixDef>
            </listPrefixDef>
        </encodingDesc>
        <profileDesc>
            <textClass default="false">
                <keywords scheme="http://id.worldcat.org/fast/">
                    <term ref="fast:1239786">America</term>
                    <term ref="fast:1206715">Scotland</term>
                    <term ref="fast:1205290">Greenland</term>
                </keywords>
                <keywords scheme="http://id.worldcat.org/fast/">
                    <term ref="fast:931268">Foot</term>
                    <term ref="fast:1132220">Steam</term>
                    <term ref="fast:1171139">Water</term>
                    <term ref="fast:1134794">Streets</term>
                    <term ref="fast:1043442">Ocean</term>
                    <term ref="fast:910709">English</term>
                    <term ref="fast:807480">Americanisms</term>
                    <term ref="fast:807485">Americanization</term>
                    <term ref="fast:807488">Americans</term>
                </keywords>
                <keywords scheme="https://id.cci.drexel.edu/">
                    <term ref="lcsh1910:b4n00zv9m">Streets</term>
                    <term ref="lcsh1910:b4vh5ch72">Americanisms</term>
                    <term ref="lcsh1910:b4bc3t32v">Lion</term>
                    <term ref="lcsh1910:b4319s59c">Foot</term>
                    <term ref="lcsh1910:b4hq3s746">Towns</term>
                    <term ref="lcsh1910:b4t43j696">Steam</term>
                    <term ref="lcsh1910:b4513v11w">Water</term>
                </keywords>
            </textClass>
        </profileDesc>
        <revisionDesc status="published">
            <change status="public" when="2023-10-11" who="#pml">v2.0 XSL updated</change>
            <change status="public" when="2022-11-30" who="#pml">RNG schema v.1 completed. </change>
            <change status="public" when="2022-11-28" who="#pml">v.1 XSL finished</change>
            <change status="public" when="2022-11-18" who="#pml">RNG schema draft</change>
        </revisionDesc>
    </teiHeader>
    <text>
        <body>
            <div facs="nls:193030160?mode=fullsize" org="uniform" part="N" sample="complete"
                type="entry">
                <p part="N"><label type="entry">ABERDEEN</label>, <hi rend="italic">New,</hi> a
                    considerable seaport, and capital of the county of Aberdeen. It is situated on
                    the German Ocean, at the mouth of the river Dec, and in point of population,
                    wealth, and commerce, ranks as the chief town in the north of Scotland. In 1800,
                    an act was obtained for the general improvement of the city; and since this
                    period its whole appearance and plan have been changed. New and spacious streets
                    have been opened, bridges of communication have been built, and other
                    improvements executed, ornamental as well as useful. Union Street, which affords
                    a splendid access from the south and west, extends from the market-place 1350
                    yards, and is 70 feet wide The houses are built of dressed granite; and when the
                    street is completely filled up, it will present a fine appearance. To facilitate
                    the access into the town by means of this street, an elegant bridge, of a single
                    arch, the span of which is 132 feet, has been erected at an expense of L.10,000.
                    A new opening to the north has been made by King’s Street; and on the line of
                    this street there is also a bridge over the river Don, of five arches, each of
                    75 feet, which has been constructed at an expense of L.14,000. Since 1800,
                    numerous other new streets have been opened, and many of them nearly completed.
                    In consequence of these improvements, Aberdeen may be considered as a spacious,
                    elegant, and well-built city. The public buildings are numerous. There are about
                    30 places for divine worship. Connected with the established <pb break="no"
                        facs="nls:193030173?mode=fullsize" xml:id="kp-eb0702-0173-0028"/>religion
                    are the East and West churches, forming one continued building 170 feet in
                    length, and adorned with a spire 150 feet in height; besides seven chapels of
                    ease. St Andrew’s church is an elegant new building, constructed of freestone.
                    There are three episcopal chapels; five meeting-houses for seceders; eight
                    congregational and baptists; one methodist meeting-house; a Roman Catholic
                    chapel, in which there is a good organ; a quaker meetinghouse; two
                    meeting-houses for relief people; and four for independents.</p>
                <p part="N">The charitable institutions are numerous. The infirmary is a large and
                    commodious building, for the reception and cure of the diseased poor, and has
                    lately received considerable additions. The managers were incorporated by royal
                    charter in 1773. It has extensive funds, derived from donations, bequests, and
                    periodical contributions. The lunatic asylum was opened in 1800, and is under
                    the same management as the infirmary. A large and elegant building has lately
                    been added to the original house, and ample accommodation is now afforded to all
                    the various classes of lunatics. There is a poor-house for the relief of the
                    indigent, the maintenance and education of destitute children and orphans.
                    Gordon’s hospital, for the maintenance of 90 boys, the sons of decayed
                    burgesses, is a handsome building, with a good statue of the founder in front. A
                    large addition is about to be made to this institution, in consequence of a
                    magnificent legacy lately received. There are two schools, one for boys and the
                    other for girls, on the Lancasterian plan. There is also another for the
                    education of the deaf and dumb. In addition to these, there are various other
                    schools and seminaries, which are supported by subscriptions, donations, and
                    bequests. There are ample funds of the seven incorporated trades for the support
                    of decayed members, widows, and orphans.</p>
                <p part="N">The college called Marischal College was founded by George Keith, earl
                    marshal, in the year 1593. It has a library containing about 11,000 volumes, an
                    observatory, and an excellent apparatus of philosophical instruments attached to
                    the class of natural philosophy. The languages, mathematics, moral and natural
                    philosophy, natural history, and medicine, are taught here. The other public
                    buildings are the town-house and old tolbooth, which stands on the north side of
                    the market-place, and which is surmounted by a handsome spire 120 feet high;
                    behind which, and connected with it, has lately been erected the new
                    court-house, which combines the advantages of elegance, convenience, and
                    comfort. In the square, and fronting the town-house, stands the cross. It is
                    adorned with busts cut in stone of the royal family of Scotland, from James I.
                    to James VII. inclusive. The assembly-rooms, in Union Street, were built in
                    1821, by subscription. They are constructed of beautiful granite, handsomely
                    ornamented. The rooms, which are 90 feet in front, and 156 feet at the back of
                    the edifice, are splendidly finished in the interior. There are military
                    barracks, which were erected in 1796; a bridewell, opened in 1809; and a neat
                    theatre.</p>
                <p part="N">The commerce and manufactures of Aberdeen are extensive and flourishing.
                    One of the most important branches of manufacture is the cotton, which was
                    introduced about the year 1779, and has given rise to some very great
                    establishments, in some of which steam-engines are employed. There are other
                    smaller works, which manufacture stripes, winseys, druggets, &amp;c. The whole
                    give employment to about 4000 hands. There are four large woollen manufactories,
                    three of which are moved by water, and the other, being the most extensive, by
                    steam. In these are manufactured superfine broad and narrow cloths, blankets and
                    serges, stockings, worsted yarns, &amp;c. The manufacture of carpeting, chiefly
                    for the London and American markets, has been introduced within these few years.
                    The linen manufacture, particularly that of thread, is carried on in all its
                    branches to a great extent. There are several breweries, in which porter and
                    ales are made; and considerable quantities are annually exported to America and
                    the West Indies. There are also several distilleries, the number of which has
                    been increased since the late reduction of the duty on spirits. Of late years
                    some extensive iron-works have been established, in which are manufactured
                    ships’ anchors, chain-cables, steam-engines, spinning machinery, locks, hinges,
                    &amp;c. The proprietors of these works also built a large steam-vessel of 564
                    tons burden. There are manufactures of soap, candles, leather, &amp;c. The
                    granite stones; so famous for their durability and strength, which are quarried,
                    dressed, and shipped from this port, form a staple commodity for exportation,
                    and are a great source of wealth to the place, by giving employment to many
                    thousands of industrious labourers. These stones are chiefly used for paving
                    streets; for building bridges, wharfs, and docks; for erecting light-houses,
                    &amp;c. There are six banking establishments in the town.</p>
                <p part="N">The vessels which belong to the port of Aberdeen amount to 218, carrying
                    33,572 tons burden. They trade to North and South America, the West Indies, the
                    Mediterranean, the Baltic, Greenland, Davis’ Straits, and most of the ports of
                    the united kingdom. Ship-building is carried on to a great extent, and gives
                    employment to numerous hands. The want of any proper harbour was long a
                    detriment to the trade of Aberdeen, and occasioned the loss of many lives, and
                    of much property. It was narrow at the mouth, and being exposed in easterly
                    storms to the surf from the German Ocean, a bar of sand was raised quite across,
                    on which, at low water, there was not occasionally above three feet of water. To
                    remedy this defect a pier was built in 1776, by Smcaton, on the north side of
                    it, which extended a considerable way into the German Ocean; and by an act
                    obtained in 1810, it was still farther enlarged. This extensive quay is built of
                    large masses of dressed granite, and measures in length 2300 yards. In
                    consequence of this improvement they have now, a little to the south of the bar,
                    a depth of 17 fathoms at low water, and at the bar from 8 to 9 fathoms, where
                    they had formerly a few feet. The harbour is at present (1829) undergoing some
                    important improvements, by the construction of wet and dry docks, the extension
                    of the quay, &amp;c. for which purpose a new act was lately obtained from the
                    legislature.</p>
                <p part="N">Aberdeen is a place of antiquity, its records being preserved from the
                    time of William the Lion, <hi rend="smallcaps">a. d.</hi> 1214. From the
                    beginning of the 15th century the journals of the magistrates and town-council
                    came down in a regular series. In the 13th century Aberdeen was a commercial
                    place, and soon grew to be of some note. It suffered occasionally from the
                    casualties and calamities incident to the almost continued warfare of that rude
                    age. About the beginning of the 14th century an English garrison occupied the
                    castle of Aberdeen. But this stronghold was taken by a sudden rising of the
                    citizens, and the English troops were all put to the sword. In 1333 and 1336 the
                    town was burnt by a fleet of Edward III.; it was speedily afterwards rebuilt,
                    and was afterwards known by the name of New Aberdeen. It unites with the burghs
                    of Bervie, Brechin, Montrose, and Arbroath, in sending a representative to
                    parliament. Population by the last return in 1821, 43,312, and has since
                    increased by several thousands. Distant 108 miles N. of Edinburgh, 118 from
                    Inverness. Long. 2. 8. W. Lat. 57. 9. N. <hi rend="smallcaps">(f.)</hi><pb
                        break="no" facs="nls:193030186?mode=fullsize" xml:id="kp-eb0702-0186-0029"
                    /></p>
            </div>
        </body>
    </text>
</TEI>
