<?xml version="1.0" encoding="utf-8"?><?xml-model  href="https://TU-plogan.github.io/code/odd/tei_kp1.rng" type="application/xml" schematypens="http://relaxng.org/ns/structure/1.0"?>
<TEI xml:id="kp-eb0912-0620-0605-01" xml:lang="en" xmlns="http://www.tei-c.org/ns/1.0">
    <teiHeader>
        <fileDesc>
            <titleStmt xml:id="eb09_v1.1">
                <title level="a" type="main">IBEX</title>
                <title level="m" type="main">Encyclopaedia Britannica: A machine-readable
                    transcription</title>
                <title level="m" type="sub">9th edition, volume 12, page 605</title>
                <editor>Edited by <persName ref="https://orcid.org/0000-0003-2362-8282"
                    role="editor" xml:id="pml">Peter Melville Logan</persName></editor>
                <respStmt>
                    <orgName xml:id="kp">Nineteenth-Century Knowledge Project Staff,
                        <affiliation>Temple University</affiliation></orgName>
                    <resp>OCR transcription and data management</resp>
                </respStmt>
                <respStmt>
                    <persName ref="https://orcid.org/0000-0001-7819-5360" xml:id="jg">Jane
                        Greenberg, <affiliation>Metadata Research Center, Drexel
                        University</affiliation></persName>
                    <resp>metadata development</resp>
                </respStmt>
                <respStmt>
                    <persName xml:id="dk">Don Kretz, <affiliation>Distributed
                        Proofreading</affiliation></persName>
                    <resp>data management</resp>
                </respStmt>
                <funder><orgName ref="http://viaf.org/viaf/137796012" xml:id="neh">National
                    Endowment for the Humanities</orgName></funder>
                <funder><orgName ref="http://viaf.org/viaf/121974598" xml:id="imls">Institute of
                    Museum and Library Services</orgName></funder>
                <funder><orgName ref="http://viaf.org/viaf/127396206" xml:id="tu">Temple
                    University</orgName></funder>
                <sponsor><orgName ref="http://viaf.org/viaf/3653147665869560670009" xml:id="cci"
                    >Drexel University, College of Computing &amp; Informatics</orgName></sponsor>
            </titleStmt>
            <editionStmt>
                <edition n="1.1">Version 1.1 <date when="2025">2025</date></edition>
            </editionStmt>
            <extent>486 MB; 17,775 XML files</extent>
            <publicationStmt>
                <publisher corresp="kp"><orgName corresp="kp">Nineteenth-Century Knowledge
                    Project</orgName><email>19kp@temple.edu</email><link
                    target="https://github.com/TU-plogan/KnowledgeProject"/></publisher>
                <availability status="free">
                    <p>Licensed under a Creative Commons Attribution 4.0 International License.</p>
                    <licence target="https://creativecommons.org/licenses/by/4.0/"> CC BY 4.0
                    </licence>
                </availability>
                <date when="2025">2025</date>
            </publicationStmt>
            <seriesStmt>
                <title level="s">Encyclopaedia Britannica: A machine-readable transcription</title>
                <editor corresp="pml">Peter Melville Logan</editor>
            </seriesStmt>
            <sourceDesc>
                <biblFull xml:lang="en">
                    <titleStmt>
                        <title level="m">Encyclopaedia Britannica</title>
                        <editor><persName ref="http://viaf.org/viaf/12465694" xml:id="mn">Baynes, T.
                            Spencer (Thomas Spencer), <date from="1823" to="1887"
                            >1823-1887</date></persName></editor>
                    </titleStmt>
                    <editionStmt>
                        <edition>Ninth Edition</edition>
                    </editionStmt>
                    <extent><measure quantity="25" unit="vol">25 volumes</measure></extent>
                    <publicationStmt>
                        <publisher>Charles Scribner's Sons</publisher>
                        <authority>Authorized reprint from Edinburgh plates</authority>
                        <pubPlace>New York</pubPlace>
                        <date from="1875" to="1889">1875-1889</date>
                    </publicationStmt>
                    <sourceDesc>
                        <bibl xml:id="ia-uc"><title>Encyclopaedia Britannica: a dictionary of arts,
                            sciences, and general literature</title><publisher><orgName
                            ref="https://archive.org/">Internet Archive</orgName><orgName
                            ref="https://archive.org/details/cdl">University of California
                            Libraries, California Digital Library</orgName></publisher><date
                            when="2019">2006</date><idno type="OCLC">592355607</idno><idno
                            type="ark">13960/t0ks6j612</idno><availability>
                            <p>Internet Archive: NOT_IN_COPYRIGHT</p>
                            </availability></bibl>
                    </sourceDesc>
                </biblFull>
                <listBibl>
                    <head>Alternate image sources for this edition:</head>
                    <desc>Alternate images of the same print editions were substituted when the
                        primary source had unusable images for those pages.</desc>
                    <bibl xml:id="um-ht">Hathi Trust, from print source at the University of
                        Michigan: vol. 14, pp. 34-35; vol. 15, pp. 170-171.</bibl>
                </listBibl>
            </sourceDesc>
        </fileDesc>
        <encodingDesc>
            <editorialDecl>
                <ab><list rend="bulleted" type="basic">
                    <item>Encoding has been done using the recommendations for Level 3 of the "TEI
                        in Libraries Guidelines."</item>
                    <item>Individual entries and page-breaks are encoded, but column breaks are
                        omitted.</item>
                    <item>Print page headers and side descriptions are not included.</item>
                    <item>OCR successfully reproduced simple tables, but complex tabular data is not
                        captured dependably and the results should not be relied upon.</item>
                    <item>OCR was not able to successfully reproduce math and chemical formulas. The
                        uncorrected results remain in the text.</item>
                    <item>Some font formatting is preserved: <val>italic</val>,
                        <val>smallcaps</val>, <val>strikethrough</val>, <val>subscript</val>,
                        <val>superscript</val>, <val>underline</val>. The following print styles are
                        ignored: bold, font size, typeface.</item>
                    </list></ab>
                <correction method="markup" status="low">
                    <p>This electronic text file was created by optical character recognition (OCR).
                        OCR errors have not been corrected.</p>
                    <p>Illegible text in the original is indicated using <gi>unclear</gi> or
                        <gi>gap</gi>, as appropriate. If corrected, the reference source is
                        indicated with <gi>supplied</gi>.</p>
                </correction>
                <normalization method="silent">
                    <p>Original spelling is preserved. When noticed, obvious misspellings are
                        combined with the correct spelling as <gi>choice</gi> in the TEI. Ligatures
                        are reproduced as multiple letters. Original footnote and marginal note
                        sigla are replaced with sequential numbers for each entry.</p>
                </normalization>
                <punctuation marks="some">
                    <p>Extra space around punctuation marks is removed.</p>
                </punctuation>
                <quotation marks="some">
                    <p>Quotation marks are retained as content in the text. Redundant open quotation
                        marks at the start of lines inside block quotes are silently removed.</p>
                </quotation>
                <hyphenation eol="hard">
                    <p>Soft hyphens are silently removed.</p>
                </hyphenation>
                <segmentation>
                    <p>The <tag>div type="entry"</tag> element divides the text into individual
                        entries.</p>
                    <p>The <tag>div type="section"</tag> and <tag>div type="subsection"</tag>
                        elements are reserved for future entry subsections.</p>
                </segmentation>
            </editorialDecl>
            <tagsDecl>
                <namespace name="http://www.tei-c.org/ns/1.0">
                    <tagUsage gi="div">Unnumbered divs used.</tagUsage>
                </namespace>
            </tagsDecl>
            <projectDesc>
                <p>All text was encoded for the Nineteenth-Century Knowledge Project to provide a
                    machine-readable edition of the Encyclopedia Britannica to analyze using
                    machine-learning methods.</p>
                <p>Subject keywords are added to <gi>teiHeader</gi> for each entry; they were
                    generated by the HIVE2 automated vocabulary server, created by the Metadata
                    Research Center at Drexel University (<link
                    target="https://hive2.cci.drexel.edu"/>https://hive2.cci.drexel.edu).</p>
            </projectDesc>
            <samplingDecl>
                <p>This release reproduces the text matter for all entries. It does not include
                    images, front- or back-matter. The reproduction of tables and formulae is
                    unreliable. </p>
            </samplingDecl>
            <listPrefixDef>
                <prefixDef ident="fast" matchPattern="(\d+)"
                    replacementPattern="http://id.worldcat.org/fast/$1">
                    <p>URIs with the prefix <code>fastgeo:</code> point to terms in the OCLC FAST
                        (Faceted Application of Subject Terminology) Geographical subject heading
                        schema derived from the Library of Congress Subject Headings (LCSH).</p>
                </prefixDef>
                <prefixDef ident="fast" matchPattern="(\d+)"
                    replacementPattern="http://id.worldcat.org/fast/$1">
                    <p>URIs with the prefix <code>fasttopic:</code> point to terms in the OCLC FAST
                        (Faceted Application of Subject Terminology) Topical subject heading schema
                        derived from the Library of Congress Subject Headings (LCSH).</p>
                </prefixDef>
                <prefixDef ident="lcsh1910" matchPattern="(\w+)"
                    replacementPattern="https://n2t.net/ark:/99152/$1">
                    <p>URIs with the prefix <code>lcsh1910:</code> point to subject terms in <hi
                        rend="italic">Subject Headings Used in the Dictionary Catalogues of the
                        Library of Congress</hi>, 2 vols., Library of Congress, 1910.</p>
                </prefixDef>
                <prefixDef ident="ht" matchPattern="([\w\-\.;=\&#34;&amp;]+)"
                    replacementPattern="https://babel.hathitrust.org/cgi/pt?id=$1">
                    <p>URIs with the prefix <code>ht:</code> point to page images in the Hathi
                        Trust.</p>
                </prefixDef>
                <prefixDef ident="ia" matchPattern="(\w+)"
                    replacementPattern="https://archive.org/details/$1">
                    <p>URIs with the prefix <code>ia:</code> point to page images in the Internet
                        Archive.</p>
                </prefixDef>
                <prefixDef ident="nls" matchPattern="([\w?\=]+)"
                    replacementPattern="https://digital.nls.uk/encyclopaedia-britannica/archive/$1">
                    <p>URIs with the prefix <code>nls:</code> point to page images in the National
                        Library of Scotland.</p>
                </prefixDef>
            </listPrefixDef>
        </encodingDesc>
        <profileDesc>
            <textClass default="false">
                <keywords scheme="https://id.cci.drexel.edu/">
                    <term n="2" ref="lcsh1910:b4m90280p">Law</term>
                    <term n="2" ref="lcsh1910:b4n58cv3f">Skins</term>
                    <term n="2" ref="lcsh1910:b4mc8rn70">Snow</term>
                    <term n="2" ref="lcsh1910:b4w08wn8t">Mammals</term>
                    <term n="2" ref="lcsh1910:b45d8nd6f">Skin</term>
                    <term n="1" ref="lcsh1910:b4t727j3q">Darwinism</term>
                </keywords>
                <keywords scheme="http://id.worldcat.org/fast/">
                    <term n="2" ref="fasttopic:846536">Capra</term>
                    <term n="2" ref="fasttopic:966479">Ibex</term>
                    <term n="1" ref="fasttopic:916820">Europeans</term>
                    <term n="3" ref="fasttopic:1037627">Night</term>
                    <term n="2" ref="fasttopic:1176048">Winter</term>
                    <term n="2" ref="fasttopic:993678">Law</term>
                    <term n="2" ref="fasttopic:1121907">Snow</term>
                </keywords>
                <keywords scheme="http://id.worldcat.org/fast/">
                    <term n="1" ref="fastgeo:1239509">Africa</term>
                    <term n="1" ref="fastgeo:1205401">Switzerland</term>
                    <term n="1" ref="fastgeo:1239717">Alps</term>
                    <term n="1" ref="fastgeo:1240495">Asia</term>
                </keywords>
            </textClass>
        </profileDesc>
        <revisionDesc status="published">
            <listChange>
                <change status="public" when="2025-08-15" who="#pml">v1.1. Isolates one entry;
                    corrects "B.c." and variants; replaces "bom" with "born", removed 783 instances
                    of extra space before semicolon. Separates metadata in <gi>teiHeader</gi> into
                    two separate facets: FAST Topical and FAST Geographical.</change>
                <change status="public" when="2023-02-28" who="#pml">v.1 published</change>
                <change status="public" when="2023-02-27" who="#pml">v.1 teiHeader XSL
                    finished</change>
            </listChange>
        </revisionDesc>
    </teiHeader>
    <text>
        <body>
            <div facs="ia:encyclopediabrit12newyrich/page/n620/mode/1up" type="entry">
                <p><label type="entry">IBEX</label>, the common name of several closely allied
                    species of ruminant mammals, belonging to the genus <hi rend="italic">Capra</hi>
                    or goats, inhabiting the loftiest regions of Europe, Asia, and Africa. The
                    European ibex or steinboc <hi rend="italic">(Capra ibex)</hi> abounded during
                    the Middle Ages among the higher <pb break="no"
                    facs="ia:encyclopediabrit12newyrich/page/n621/mode/1up"
                    xml:id="kp-eb0912-0621-0606"/> mountain ranges of Germany, Switzerland, and the
                    Ural, but has since disappeared from the greater part of this area, being now
                    almost wholly confined to the Alps which separate Valais from Piedmont, and to
                    the lofty peaks of Savoy, where its continued existence is mainly due to the
                    action of protective game laws. The ibex is a handsome animal, measuring about
                    <hi rend="italic">4⅛</hi> feet in length and 2∣ feet high; its skin is covered
                    in summer with a short fur of an ashy grey colour, and in winter with much
                    longer yellowish-brown hair concealing a dense fur beneath. A short beard is
                    present in the male in winter, but, as it disappears altogether in spring,
                    Darwin regards this appendage as rudimentary. The horns, especially in the male,
                    form a striking feature: rising from the crest of the skull, they bend gradually
                    backwards, attaining a length in old specimens of about 2 feet; they are thick
                    and flat, and have the anterior face ridged with knotty transverse bands. In the
                    female the horns never exceed half a foot in length, and are much less rugose
                    than in the male. The front legs are somewhat shorter than those behind, which
                    enables the ibex to ascend the mountain slopes with more facility than it can
                    descend, while its hoofs, according to Tschudi, are “as hard as steel, rough
                    underneath, and when walking over a flat surface capable of being spread out.”
                    These, together with its powerful sinews, enable it to take prodigious leaps, to
                    balance itself on the smallest foothold, and to scale almost perpendicular
                    rocks. The ibex lives habitually at a greater height than the chamois or any
                    other of the Alpine mammals, its vertical limit being the line of perpetual
                    snow. There it rests in sunny nooks during the day, descending at night to the
                    highest woods to graze, and retiring at sunrise to its snowy fastnesses. This
                    return journey forms the ibex hunter’s opportunity. To get within gunshot the
                    huntsman has usually to approach from above; accordingly he ascends to the limit
                    of perpetual snow, and there passes the night among the daily haunts of the
                    ibex, lying in wait from early dawn for its return. The ibexes are gregarious,
                    feeding in herds of ten to fifteen individuals; the old males, however,
                    generally live apart from, and usually at greater elevations than, the females
                    and young. They are said to give out a sharp whistling sound not unlike that of
                    the chamois, but when greatly irritated or frightened they make a peculiar
                    snorting noise. The period of gestation in the female is ninety days, after
                    which she produces—usually at the end of June—a single young one, which is able
                    at once to follow its mother. These when caught young and fed on goat’s milk
                    can, it is said, be readily tamed; and in the 16th century young tamed ibexes
                    were, according to Tschudi, frequently driven to the mountains along with the
                    goats, in whose company they would afterwards voluntarily return. Even wild
                    specimens have thus been known to stray among the herds of goats, although,
                    strange to say, they at all times shun the society of the chamois. The ibex was
                    formerly hunted largely for its flesh and skin; but, although the latter, owing
                    to its scarcity, now commands a high price, the difficulty arising from the
                    operation of the game laws, and above all the difficulty and danger inseparable
                    from the sport, have reduced the number of hunters to a few hardy mountaineers,
                    who find in the pursuit of the ibex the keenest enjoyment of life. For weeks the
                    sportsman will follow a track across fields of ice, along narrow ledges, over
                    precipices, and across chasms, nearly frozen to death at night, and often with
                    little more than a crust of bread for sustenance, yet considering himself more
                    than repaid by the sight at last of his prey grazing within range of his rifle.
                    Its flesh is said to resemble mutton, but has a flavour of game.</p>
            </div>
        </body>
    </text>
</TEI>
