<?xml version="1.0" encoding="utf-8"?><?xml-model  href="https://TU-plogan.github.io/code/odd/tei_kp1.rng" type="application/xml" schematypens="http://relaxng.org/ns/structure/1.0"?>
<TEI xml:id="kp-eb0912-0735-0716-02" xml:lang="en" xmlns="http://www.tei-c.org/ns/1.0">
    <teiHeader>
        <fileDesc>
            <titleStmt xml:id="eb09_v1.1">
                <title level="a" type="main">IMMORTELLE</title>
                <title level="m" type="main">Encyclopaedia Britannica: A machine-readable
                    transcription</title>
                <title level="m" type="sub">9th edition, volume 12, page 716</title>
                <editor>Edited by <persName ref="https://orcid.org/0000-0003-2362-8282"
                    role="editor" xml:id="pml">Peter Melville Logan</persName></editor>
                <respStmt>
                    <orgName xml:id="kp">Nineteenth-Century Knowledge Project Staff,
                        <affiliation>Temple University</affiliation></orgName>
                    <resp>OCR transcription and data management</resp>
                </respStmt>
                <respStmt>
                    <persName ref="https://orcid.org/0000-0001-7819-5360" xml:id="jg">Jane
                        Greenberg, <affiliation>Metadata Research Center, Drexel
                        University</affiliation></persName>
                    <resp>metadata development</resp>
                </respStmt>
                <respStmt>
                    <persName xml:id="dk">Don Kretz, <affiliation>Distributed
                        Proofreading</affiliation></persName>
                    <resp>data management</resp>
                </respStmt>
                <funder><orgName ref="http://viaf.org/viaf/137796012" xml:id="neh">National
                    Endowment for the Humanities</orgName></funder>
                <funder><orgName ref="http://viaf.org/viaf/121974598" xml:id="imls">Institute of
                    Museum and Library Services</orgName></funder>
                <funder><orgName ref="http://viaf.org/viaf/127396206" xml:id="tu">Temple
                    University</orgName></funder>
                <sponsor><orgName ref="http://viaf.org/viaf/3653147665869560670009" xml:id="cci"
                    >Drexel University, College of Computing &amp; Informatics</orgName></sponsor>
            </titleStmt>
            <editionStmt>
                <edition n="1.1">Version 1.1 <date when="2025">2025</date></edition>
            </editionStmt>
            <extent>486 MB; 17,775 XML files</extent>
            <publicationStmt>
                <publisher corresp="kp"><orgName corresp="kp">Nineteenth-Century Knowledge
                    Project</orgName><email>19kp@temple.edu</email><link
                    target="https://github.com/TU-plogan/KnowledgeProject"/></publisher>
                <availability status="free">
                    <p>Licensed under a Creative Commons Attribution 4.0 International License.</p>
                    <licence target="https://creativecommons.org/licenses/by/4.0/"> CC BY 4.0
                    </licence>
                </availability>
                <date when="2025">2025</date>
            </publicationStmt>
            <seriesStmt>
                <title level="s">Encyclopaedia Britannica: A machine-readable transcription</title>
                <editor corresp="pml">Peter Melville Logan</editor>
            </seriesStmt>
            <sourceDesc>
                <biblFull xml:lang="en">
                    <titleStmt>
                        <title level="m">Encyclopaedia Britannica</title>
                        <editor><persName ref="http://viaf.org/viaf/12465694" xml:id="mn">Baynes, T.
                            Spencer (Thomas Spencer), <date from="1823" to="1887"
                            >1823-1887</date></persName></editor>
                    </titleStmt>
                    <editionStmt>
                        <edition>Ninth Edition</edition>
                    </editionStmt>
                    <extent><measure quantity="25" unit="vol">25 volumes</measure></extent>
                    <publicationStmt>
                        <publisher>Charles Scribner's Sons</publisher>
                        <authority>Authorized reprint from Edinburgh plates</authority>
                        <pubPlace>New York</pubPlace>
                        <date from="1875" to="1889">1875-1889</date>
                    </publicationStmt>
                    <sourceDesc>
                        <bibl xml:id="ia-uc"><title>Encyclopaedia Britannica: a dictionary of arts,
                            sciences, and general literature</title><publisher><orgName
                            ref="https://archive.org/">Internet Archive</orgName><orgName
                            ref="https://archive.org/details/cdl">University of California
                            Libraries, California Digital Library</orgName></publisher><date
                            when="2019">2006</date><idno type="OCLC">592355607</idno><idno
                            type="ark">13960/t0ks6j612</idno><availability>
                            <p>Internet Archive: NOT_IN_COPYRIGHT</p>
                            </availability></bibl>
                    </sourceDesc>
                </biblFull>
                <listBibl>
                    <head>Alternate image sources for this edition:</head>
                    <desc>Alternate images of the same print editions were substituted when the
                        primary source had unusable images for those pages.</desc>
                    <bibl xml:id="um-ht">Hathi Trust, from print source at the University of
                        Michigan: vol. 14, pp. 34-35; vol. 15, pp. 170-171.</bibl>
                </listBibl>
            </sourceDesc>
        </fileDesc>
        <encodingDesc>
            <editorialDecl>
                <ab><list rend="bulleted" type="basic">
                    <item>Encoding has been done using the recommendations for Level 3 of the "TEI
                        in Libraries Guidelines."</item>
                    <item>Individual entries and page-breaks are encoded, but column breaks are
                        omitted.</item>
                    <item>Print page headers and side descriptions are not included.</item>
                    <item>OCR successfully reproduced simple tables, but complex tabular data is not
                        captured dependably and the results should not be relied upon.</item>
                    <item>OCR was not able to successfully reproduce math and chemical formulas. The
                        uncorrected results remain in the text.</item>
                    <item>Some font formatting is preserved: <val>italic</val>,
                        <val>smallcaps</val>, <val>strikethrough</val>, <val>subscript</val>,
                        <val>superscript</val>, <val>underline</val>. The following print styles are
                        ignored: bold, font size, typeface.</item>
                    </list></ab>
                <correction method="markup" status="low">
                    <p>This electronic text file was created by optical character recognition (OCR).
                        OCR errors have not been corrected.</p>
                    <p>Illegible text in the original is indicated using <gi>unclear</gi> or
                        <gi>gap</gi>, as appropriate. If corrected, the reference source is
                        indicated with <gi>supplied</gi>.</p>
                </correction>
                <normalization method="silent">
                    <p>Original spelling is preserved. When noticed, obvious misspellings are
                        combined with the correct spelling as <gi>choice</gi> in the TEI. Ligatures
                        are reproduced as multiple letters. Original footnote and marginal note
                        sigla are replaced with sequential numbers for each entry.</p>
                </normalization>
                <punctuation marks="some">
                    <p>Extra space around punctuation marks is removed.</p>
                </punctuation>
                <quotation marks="some">
                    <p>Quotation marks are retained as content in the text. Redundant open quotation
                        marks at the start of lines inside block quotes are silently removed.</p>
                </quotation>
                <hyphenation eol="hard">
                    <p>Soft hyphens are silently removed.</p>
                </hyphenation>
                <segmentation>
                    <p>The <tag>div type="entry"</tag> element divides the text into individual
                        entries.</p>
                    <p>The <tag>div type="section"</tag> and <tag>div type="subsection"</tag>
                        elements are reserved for future entry subsections.</p>
                </segmentation>
            </editorialDecl>
            <tagsDecl>
                <namespace name="http://www.tei-c.org/ns/1.0">
                    <tagUsage gi="div">Unnumbered divs used.</tagUsage>
                </namespace>
            </tagsDecl>
            <projectDesc>
                <p>All text was encoded for the Nineteenth-Century Knowledge Project to provide a
                    machine-readable edition of the Encyclopedia Britannica to analyze using
                    machine-learning methods.</p>
                <p>Subject keywords are added to <gi>teiHeader</gi> for each entry; they were
                    generated by the HIVE2 automated vocabulary server, created by the Metadata
                    Research Center at Drexel University (<link
                    target="https://hive2.cci.drexel.edu"/>https://hive2.cci.drexel.edu).</p>
            </projectDesc>
            <samplingDecl>
                <p>This release reproduces the text matter for all entries. It does not include
                    images, front- or back-matter. The reproduction of tables and formulae is
                    unreliable. </p>
            </samplingDecl>
            <listPrefixDef>
                <prefixDef ident="fast" matchPattern="(\d+)"
                    replacementPattern="http://id.worldcat.org/fast/$1">
                    <p>URIs with the prefix <code>fastgeo:</code> point to terms in the OCLC FAST
                        (Faceted Application of Subject Terminology) Geographical subject heading
                        schema derived from the Library of Congress Subject Headings (LCSH).</p>
                </prefixDef>
                <prefixDef ident="fast" matchPattern="(\d+)"
                    replacementPattern="http://id.worldcat.org/fast/$1">
                    <p>URIs with the prefix <code>fasttopic:</code> point to terms in the OCLC FAST
                        (Faceted Application of Subject Terminology) Topical subject heading schema
                        derived from the Library of Congress Subject Headings (LCSH).</p>
                </prefixDef>
                <prefixDef ident="lcsh1910" matchPattern="(\w+)"
                    replacementPattern="https://n2t.net/ark:/99152/$1">
                    <p>URIs with the prefix <code>lcsh1910:</code> point to subject terms in <hi
                        rend="italic">Subject Headings Used in the Dictionary Catalogues of the
                        Library of Congress</hi>, 2 vols., Library of Congress, 1910.</p>
                </prefixDef>
                <prefixDef ident="ht" matchPattern="([\w\-\.;=\&#34;&amp;]+)"
                    replacementPattern="https://babel.hathitrust.org/cgi/pt?id=$1">
                    <p>URIs with the prefix <code>ht:</code> point to page images in the Hathi
                        Trust.</p>
                </prefixDef>
                <prefixDef ident="ia" matchPattern="(\w+)"
                    replacementPattern="https://archive.org/details/$1">
                    <p>URIs with the prefix <code>ia:</code> point to page images in the Internet
                        Archive.</p>
                </prefixDef>
                <prefixDef ident="nls" matchPattern="([\w?\=]+)"
                    replacementPattern="https://digital.nls.uk/encyclopaedia-britannica/archive/$1">
                    <p>URIs with the prefix <code>nls:</code> point to page images in the National
                        Library of Scotland.</p>
                </prefixDef>
            </listPrefixDef>
        </encodingDesc>
        <profileDesc>
            <textClass default="false">
                <keywords scheme="http://id.worldcat.org/fast/">
                    <term n="2" ref="fastgeo:1239509">Africa</term>
                    <term n="1" ref="fastgeo:1240495">Asia</term>
                    <term n="1" ref="fastgeo:1204543">Australia</term>
                </keywords>
                <keywords scheme="http://id.worldcat.org/fast/">
                    <term n="2" ref="fasttopic:837146">Bouquets</term>
                    <term n="2" ref="fasttopic:1065823">Plants</term>
                    <term n="2" ref="fasttopic:1182641">Yellow</term>
                    <term n="2" ref="fasttopic:1098312">Rivers</term>
                    <term n="1" ref="fasttopic:892063">Dew</term>
                </keywords>
                <keywords scheme="https://id.cci.drexel.edu/">
                    <term n="2" ref="lcsh1910:b4vd6pc2x">Planting</term>
                    <term n="2" ref="lcsh1910:b4wh2dg8p">Rivers</term>
                    <term n="2" ref="lcsh1910:b47d2q79t">Plants</term>
                    <term n="1" ref="lcsh1910:b4st7f04z">Dew</term>
                    <term n="1" ref="lcsh1910:b4d50g08p">Groups</term>
                </keywords>
            </textClass>
        </profileDesc>
        <revisionDesc status="published">
            <listChange>
                <change status="public" when="2025-08-15" who="#pml">v1.1. Isolates one entry;
                    corrects "B.c." and variants; replaces "bom" with "born", removed 783 instances
                    of extra space before semicolon. Separates metadata in <gi>teiHeader</gi> into
                    two separate facets: FAST Topical and FAST Geographical.</change>
                <change status="public" when="2023-02-28" who="#pml">v.1 published</change>
                <change status="public" when="2023-02-27" who="#pml">v.1 teiHeader XSL
                    finished</change>
            </listChange>
        </revisionDesc>
    </teiHeader>
    <text>
        <body>
            <div facs="ia:encyclopediabrit12newyrich/page/n735/mode/1up" type="entry">
                <p><label type="entry">IMMORTELLE</label>, or <hi rend="smallcaps">Everlasting.</hi>
                    The immortelle plant belongs to the division <hi rend="italic">Tubulifloroe</hi>
                    of the natural family <hi rend="italic">Compositae,</hi> and is scientifically
                    known as <hi rend="italic">Gnaphalium (HelicJιry8urn)</hi><hi rend="italic"
                    >orientale</hi> of Linnaeus. It is a native of North Africa, Crete, and the
                    parts of Asia bordering on the Mediterranean; and it is cultivated in many parts
                    of Europe. It first became known in Europe about the year 1629, and has been
                    cultivated since 1815. In common with several other plants of the same group,
                    known as “everlastings,” the immortelle plant possesses a large involucre of dry
                    scale-like or scarious bracts, which preserve their appearance when dried,
                    provided the plant be gathered in proper condition. The chief supplies of <hi
                    rend="italic">Helichrysum</hi><hi rend="italic">orientale</hi> come from Lower
                    Provence, where it is cultivated in large quantities on the ground sloping to
                    the Mediterranean, in positions well exposed to the sun, and usually in plots
                    surrounded<pb break="no" facs="ia:encyclopediabrit12newyrich/page/n736/mode/1up"
                    xml:id="kp-eb0912-0736-0717"/> by dry stone walls. The finest flowers are grown
                    on the slopes of Bandols and Ciotat, where the plant begins to flower in June.
                    It requires a light sandy or stony soil, and is very readily injured* by rain or
                    heavy dews. It can be propagated in quantity by means of offsets from the older
                    stems. The flowering stems are gathered in June, when the bracts are fully
                    developed, all the fully-expanded and immature flowers being pulled off and
                    rejected. After being dried, they are sent to Paris in boxes containing 100
                    bundles, with the flowers placed outwards and the stems in the centre. The
                    immortelle is sold by weight or by the bundle, the price varying from l⅜d. to
                    3d. per bundle, according to size, or from 12s. to 18s. per hundredweight,
                    according to quality. A well-managed plantation is productive for eight or ten
                    years. The plant is tufted in its growth, each plant producing 60 or 70 stems,
                    while each stem produces an average of 20 flowers. About 400 such stems weigh a
                    kilogramme. A hectare of ground will produce 40,000 plants, bearing from
                    2,400,000 to 2,800,000 stems, and weighing from <hi rend="italic">5⅛</hi> to 6⅜
                    tons, or from 2 to 3 tons per acre. The colour of the bracts is a deep yellow.
                    The natural flowers are commonly used for garlands for the dead, or plants dyed
                    black are mixed with the yellow ones. The plant is also dyed green or
                    orange-red, and thus employed for bouquets or other ornamental purposes.</p>
                <p>The following is a list of the more important everlasting flowers :— <hi
                    rend="italic">Acroclinium</hi><hi rend="italic">roseum</hi><hi rend="italic">;
                    Ammobium</hi><hi rend="italic">alatum</hi><hi rend="italic">; Gnaphalium
                    orientate</hi> and other species; <hi rend="italic">Helichrysum</hi><hi
                    rend="italic">bracteatum,</hi><hi rend="italic">macranthum,</hi> and <hi
                    rend="italic">compositum,</hi> from Australia, and <hi rend="italic">H.</hi><hi
                    rend="italic">vestitum,</hi> from the Cape of Good Hope; <hi rend="italic"
                    >Helipterum</hi><hi rend="italic">canescens</hi> and <hi rend="italic"
                    >Sandforti,</hi> from South Africa; <hi rend="italic">Rhodanthe
                    Manglcsii,</hi><hi rend="italic">maculata,</hi> and <hi rend="italic"
                    >atrosanguinea,</hi> from Swan River; <hi rend="italic">Waitzia</hi><hi
                    rend="italic">nitida</hi> and <hi rend="italic">nivea,</hi> from Swan River; and
                    <hi rend="italic">Xeranthemum</hi><hi rend="italic">annuum.</hi> Frequently
                    these everlastings are mixed with bleached grasses, as <hi rend="italic"
                    >Lagurus</hi><hi rend="italic">ovatus,</hi><hi rend="italic">Briza maxima,
                    Bromus</hi><hi rend="italic">brizoe-</hi><hi rend="italic">formis,</hi> or with
                    the leaves of the Cape silver tree <hi rend="italic">{Leucadendron</hi><hi
                    rend="italic">argenteum),</hi> to form bouquets or ornamental groups.</p>
            </div>
        </body>
    </text>
</TEI>
