<?xml version="1.0" encoding="utf-8"?><?xml-model  href="https://TU-plogan.github.io/code/odd/tei_kp1.rng" type="application/xml" schematypens="http://relaxng.org/ns/structure/1.0"?>
<TEI xml:id="kp-eb0913-0565-0542-04" xml:lang="en" xmlns="http://www.tei-c.org/ns/1.0">
    <teiHeader>
        <fileDesc>
            <titleStmt xml:id="eb09_v1.1">
                <title level="a" type="main">JAHN, Johann</title>
                <title level="m" type="main">Encyclopaedia Britannica: A machine-readable
                    transcription</title>
                <title level="m" type="sub">9th edition, volume 13, page 542</title>
                <editor>Edited by <persName ref="https://orcid.org/0000-0003-2362-8282"
                    role="editor" xml:id="pml">Peter Melville Logan</persName></editor>
                <respStmt>
                    <orgName xml:id="kp">Nineteenth-Century Knowledge Project Staff,
                        <affiliation>Temple University</affiliation></orgName>
                    <resp>OCR transcription and data management</resp>
                </respStmt>
                <respStmt>
                    <persName ref="https://orcid.org/0000-0001-7819-5360" xml:id="jg">Jane
                        Greenberg, <affiliation>Metadata Research Center, Drexel
                        University</affiliation></persName>
                    <resp>metadata development</resp>
                </respStmt>
                <respStmt>
                    <persName xml:id="dk">Don Kretz, <affiliation>Distributed
                        Proofreading</affiliation></persName>
                    <resp>data management</resp>
                </respStmt>
                <funder><orgName ref="http://viaf.org/viaf/137796012" xml:id="neh">National
                    Endowment for the Humanities</orgName></funder>
                <funder><orgName ref="http://viaf.org/viaf/121974598" xml:id="imls">Institute of
                    Museum and Library Services</orgName></funder>
                <funder><orgName ref="http://viaf.org/viaf/127396206" xml:id="tu">Temple
                    University</orgName></funder>
                <sponsor><orgName ref="http://viaf.org/viaf/3653147665869560670009" xml:id="cci"
                    >Drexel University, College of Computing &amp; Informatics</orgName></sponsor>
            </titleStmt>
            <editionStmt>
                <edition n="1.1">Version 1.1 <date when="2025">2025</date></edition>
            </editionStmt>
            <extent>486 MB; 17,775 XML files</extent>
            <publicationStmt>
                <publisher corresp="kp"><orgName corresp="kp">Nineteenth-Century Knowledge
                    Project</orgName><email>nckp@temple.edu</email><link
                    target="https://github.com/TU-plogan/KnowledgeProject"/></publisher>
                <availability status="free">
                    <p>Licensed under a Creative Commons Attribution 4.0 International License.</p>
                    <licence target="https://creativecommons.org/licenses/by/4.0/"> CC BY 4.0
                    </licence>
                </availability>
                <date when="2025">2025</date>
            </publicationStmt>
            <seriesStmt>
                <title level="s">Encyclopaedia Britannica: A machine-readable transcription</title>
                <editor corresp="pml">Peter Melville Logan</editor>
            </seriesStmt>
            <sourceDesc>
                <biblFull xml:lang="en">
                    <titleStmt>
                        <title level="m">Encyclopaedia Britannica</title>
                        <editor><persName ref="http://viaf.org/viaf/12465694" xml:id="mn">Baynes, T.
                            Spencer (Thomas Spencer), <date from="1823" to="1887"
                            >1823-1887</date></persName></editor>
                    </titleStmt>
                    <editionStmt>
                        <edition>Ninth Edition</edition>
                    </editionStmt>
                    <extent><measure quantity="25" unit="vol">25 volumes</measure></extent>
                    <publicationStmt>
                        <publisher>Charles Scribner's Sons</publisher>
                        <authority>Authorized reprint from Edinburgh plates</authority>
                        <pubPlace>New York</pubPlace>
                        <date from="1875" to="1889">1875-1889</date>
                    </publicationStmt>
                    <sourceDesc>
                        <bibl xml:id="ia-uc"><title>Encyclopaedia Britannica: a dictionary of arts,
                            sciences, and general literature</title><publisher><orgName
                            ref="https://archive.org/">Internet Archive</orgName><orgName
                            ref="https://archive.org/details/cdl">University of California
                            Libraries, California Digital Library</orgName></publisher><date
                            when="2019">2006</date><idno type="OCLC">592355607</idno><idno
                            type="ark">13960/t0ks6j612</idno><availability>
                            <p>Internet Archive: NOT_IN_COPYRIGHT</p>
                            </availability></bibl>
                    </sourceDesc>
                </biblFull>
                <listBibl>
                    <head>Alternate image sources for this edition:</head>
                    <desc>Alternate images of the same print editions were substituted when the
                        primary source had unusable images for those pages.</desc>
                    <bibl xml:id="um-ht">Hathi Trust, from print source at the University of
                        Michigan: vol. 14, pp. 34-35; vol. 15, pp. 170-171.</bibl>
                </listBibl>
            </sourceDesc>
        </fileDesc>
        <encodingDesc>
            <editorialDecl>
                <ab><list rend="bulleted" type="basic">
                    <item>Encoding has been done using the recommendations for Level 3 of the "TEI
                        in Libraries Guidelines."</item>
                    <item>Individual entries and page-breaks are encoded, but column breaks are
                        omitted.</item>
                    <item>Print page headers and side descriptions are not included.</item>
                    <item>OCR successfully reproduced simple tables, but complex tabular data is not
                        captured dependably and the results should not be relied upon.</item>
                    <item>OCR was not able to successfully reproduce math and chemical formulas. The
                        uncorrected results remain in the text.</item>
                    <item>Some font formatting is preserved: <val>italic</val>,
                        <val>smallcaps</val>, <val>strikethrough</val>, <val>subscript</val>,
                        <val>superscript</val>, <val>underline</val>. The following print styles are
                        ignored: bold, font size, typeface.</item>
                    </list></ab>
                <correction method="markup" status="low">
                    <p>This electronic text file was created by optical character recognition (OCR).
                        OCR errors have not been corrected.</p>
                    <p>Illegible text in the original is indicated using <gi>unclear</gi> or
                        <gi>gap</gi>, as appropriate. If corrected, the reference source is
                        indicated with <gi>supplied</gi>.</p>
                </correction>
                <normalization method="silent">
                    <p>Original spelling is preserved. When noticed, obvious misspellings are
                        combined with the correct spelling as <gi>choice</gi> in the TEI. Ligatures
                        are reproduced as multiple letters. Original footnote and marginal note
                        sigla are replaced with sequential numbers for each entry.</p>
                </normalization>
                <punctuation marks="some">
                    <p>Extra space around punctuation marks is removed.</p>
                </punctuation>
                <quotation marks="some">
                    <p>Quotation marks are retained as content in the text. Redundant open quotation
                        marks at the start of lines inside block quotes are silently removed.</p>
                </quotation>
                <hyphenation eol="hard">
                    <p>Soft hyphens are silently removed.</p>
                </hyphenation>
                <segmentation>
                    <p>The <tag>div type="entry"</tag> element divides the text into individual
                        entries.</p>
                    <p>The <tag>div type="section"</tag> and <tag>div type="subsection"</tag>
                        elements are reserved for future entry subsections.</p>
                </segmentation>
            </editorialDecl>
            <tagsDecl>
                <namespace name="http://www.tei-c.org/ns/1.0">
                    <tagUsage gi="div">Unnumbered divs used.</tagUsage>
                </namespace>
            </tagsDecl>
            <projectDesc>
                <p>All text was encoded for the Nineteenth-Century Knowledge Project to provide a
                    machine-readable edition of the Encyclopedia Britannica to analyze using
                    machine-learning methods.</p>
                <p>Subject keywords are added to <gi>teiHeader</gi> for each entry; they were
                    generated by the HIVE2 automated vocabulary server, created by the Metadata
                    Research Center at Drexel University (<link
                    target="https://hive2.cci.drexel.edu"/>https://hive2.cci.drexel.edu).</p>
            </projectDesc>
            <samplingDecl>
                <p>This release reproduces the text matter for all entries. It does not include
                    images, front- or back-matter. The reproduction of tables and formulae is
                    unreliable. </p>
            </samplingDecl>
            <listPrefixDef>
                <prefixDef ident="fast" matchPattern="(\d+)"
                    replacementPattern="http://id.worldcat.org/fast/$1">
                    <p>URIs with the prefix <code>fastgeo:</code> point to terms in the OCLC FAST
                        (Faceted Application of Subject Terminology) Geographical subject heading
                        schema derived from the Library of Congress Subject Headings (LCSH).</p>
                </prefixDef>
                <prefixDef ident="fast" matchPattern="(\d+)"
                    replacementPattern="http://id.worldcat.org/fast/$1">
                    <p>URIs with the prefix <code>fasttopic:</code> point to terms in the OCLC FAST
                        (Faceted Application of Subject Terminology) Topical subject heading schema
                        derived from the Library of Congress Subject Headings (LCSH).</p>
                </prefixDef>
                <prefixDef ident="lcsh1910" matchPattern="(\w+)"
                    replacementPattern="https://n2t.net/ark:/99152/$1">
                    <p>URIs with the prefix <code>lcsh1910:</code> point to subject terms in <hi
                        rend="italic">Subject Headings Used in the Dictionary Catalogues of the
                        Library of Congress</hi>, 2 vols., Library of Congress, 1910.</p>
                </prefixDef>
                <prefixDef ident="ht" matchPattern="([\w\-\.;=\&#34;&amp;]+)"
                    replacementPattern="https://babel.hathitrust.org/cgi/pt?id=$1">
                    <p>URIs with the prefix <code>ht:</code> point to page images in the Hathi
                        Trust.</p>
                </prefixDef>
                <prefixDef ident="ia" matchPattern="(\w+)"
                    replacementPattern="https://archive.org/details/$1">
                    <p>URIs with the prefix <code>ia:</code> point to page images in the Internet
                        Archive.</p>
                </prefixDef>
                <prefixDef ident="nls" matchPattern="([\w?\=]+)"
                    replacementPattern="https://digital.nls.uk/encyclopaedia-britannica/archive/$1">
                    <p>URIs with the prefix <code>nls:</code> point to page images in the National
                        Library of Scotland.</p>
                </prefixDef>
            </listPrefixDef>
        </encodingDesc>
        <profileDesc>
            <textClass default="false">
                <keywords scheme="http://id.worldcat.org/fast/">
                    <term n="2" ref="fasttopic:1166896">Views</term>
                    <term n="2" ref="fasttopic:851811">Chairs</term>
                    <term n="2" ref="fasttopic:877187">Convents</term>
                    <term n="1" ref="fasttopic:1012448">Matter</term>
                    <term n="1" ref="fasttopic:913543">Environmentalism</term>
                    <term n="1" ref="fasttopic:1152027">Tobits</term>
                    <term n="1" ref="fasttopic:860364">Church</term>
                    <term n="1" ref="fasttopic:910709">English</term>
                    <term n="1" ref="fasttopic:1048144">Orientalists</term>
                </keywords>
                <keywords scheme="https://id.cci.drexel.edu/">
                    <term n="2" ref="lcsh1910:b4cn6z139">Chairs</term>
                    <term n="2" ref="lcsh1910:b4057cr7r">Convents</term>
                    <term n="2" ref="lcsh1910:b4gf0mz4b">Conventions</term>
                    <term n="2" ref="lcsh1910:b4w669c71">Views</term>
                    <term n="1" ref="lcsh1910:b47w67561">Visions</term>
                    <term n="1" ref="lcsh1910:b4r49gb4d">Church</term>
                    <term n="1" ref="lcsh1910:b47d2q898">Churches</term>
                </keywords>
            </textClass>
        </profileDesc>
        <revisionDesc status="published">
            <listChange>
                <change status="public" when="2025-08-15" who="#pml">v1.1. Isolates one entry;
                    corrects "B.c." and variants; replaces "bom" with "born", removed 783 instances
                    of extra space before semicolon. Separates metadata in <gi>teiHeader</gi> into
                    two separate facets: FAST Topical and FAST Geographical.</change>
                <change status="public" when="2023-02-28" who="#pml">v.1 published</change>
                <change status="public" when="2023-02-27" who="#pml">v.1 teiHeader XSL
                    finished</change>
            </listChange>
        </revisionDesc>
    </teiHeader>
    <text>
        <body>
            <div facs="ia:encyclopediabrit13newyrich/page/n565/mode/1up" type="entry">
                <p><label type="entry">JAHN, <hi rend="smallcaps">Johann</hi></label> (1750-1816), a
                    distinguished Orientalist and Biblical critic of the Roman Catholic Church, was
                    born at Tasswitz, Moravia, on June 18, 1750. After completing his school
                    education at Znaim he studied philosophy at Olmütz, andin 1772 began his
                    theological studies at the Praemonstratensian convent of Bruck in the
                    neighbourhood of Znaim. Having been ordained to the priesthood in 1775, he for a
                    short time held a cure of souls at Mislitz, but was soon recalled to Bruck to
                    become professor of Oriental languages and Biblical hermeneutics there. On the
                    suppression of the convent by Joseph II. in 1784, Jahn was removed to a chair at
                    Olmütz corresponding to that which he had previously held, and in 1789 he was
                    transferred to Vienna as professor of Oriental languages, Biblical archaeology,
                    and dogmatics. In 1792 he published his <hi rend="italic">Einleitung ins
                    Alte</hi><hi rend="italic">Testament</hi> (2 vols.), which almost <pb break="no"
                    facs="ia:encyclopediabrit13newyrich/page/n566/mode/1up"
                    xml:id="kp-eb0913-0566-0543"/> immediately began to cause him trouble; a certain
                    Cardinal Migazzi laid a complaint against him before the emperor because in his
                    preface he had confessed himself to have in some points departed from the views
                    of his learned predecessors and adopted opinions of his own, while in the work
                    itself he declared Job, Jonah, Tobit, and Judith to be didactic poems. To these
                    charges was added a third, that in his New Testament lectures he had stated the
                    cases of demoniacal possession there mentioned to be cases of natural disease.
                    On the matter being referred to an ecclesiastical commission, it was reported
                    that the views themselves were not necessarily heretical, but that Jahn had
                    shown undue rashness in giving out, as his own, opinions which teachers of
                    theology ought not to mention otherwise than as foreign; in accordance with this
                    it was decided that he ought to modify his expressions in future editions of his
                    work and in his subsequent lecturing. Although he appears honestly to have
                    accepted this judgment, the hostility of those who were opposed to his teaching
                    did not cease until at last (1806) he was compelled to accept a canonry at
                    Vienna, which involved the resignation of his chair. This step had been preceded
                    by the condemnation of his <hi rend="italic">Introductio</hi><hi rend="italic"
                    >in</hi><hi rend="italic">libros sacros Veteris</hi><hi rend="italic">Foederis
                    in compendium</hi><hi rend="italic">redacta,</hi> published in 1804, and also of
                    his <hi rend="italic">Archaeologia</hi><hi rend="italic">Biblica in
                    compendium</hi><hi rend="italic">redacta</hi> (1805). The only work of
                    importance, outside the region of mere philology, afterwards published by him,
                    was the <hi rend="italic">Enchiridion</hi><hi rend="italic">Hermeneuticae</hi>
                    (1812). He died August 16, 1816. Jahn’s place in the history of the modern
                    science of Biblical criticism is undoubtedly an honourable one, and also of some
                    importance, especially when his ecclesiastical environment is taken into
                    account. If he cannot be said to have been either very original or very
                    profound, he has at least the merit of being laborious, candid, and
                    clear-sighted within his range of vision; one of his books, the <hi
                    rend="italic">Archaeo-</hi><hi rend="italic">logia,</hi> is not even yet
                    entirely superseded.</p>
                <p>Besides the works already mentioned, he published <hi rend="italic">Hebräische
                    Sprachlehre</hi><hi rend="italic">fur</hi><hi rend="italic">Anfänger,</hi> 1792;
                    <hi rend="italic">Aramäische</hi><hi rend="italic">οd.</hi><hi rend="italic"
                    >Chaldäische u. Syrische Sprachlehre für Anfänger,</hi> 1793; <hi rend="italic"
                    >Arabische Sprachlehre,</hi> 1796; <hi rend="italic">Elementarbuch der Hebr.
                    Sprache,</hi> 1799; <hi rend="italic">Chaldäische Chrestomathie,</hi> 1800; <hi
                    rend="italic">Arabische Chrestomathie,</hi> 1802; <hi rend="italic"
                    >Lexicon</hi><hi rend="italic">Arabico-</hi><hi rend="italic">Latinum</hi><hi
                    rend="italic">Chrestomathiae</hi><hi rend="italic">accommodatum,</hi> 1802; an
                    edition of the Hebrew Bible, 1806; <hi rend="italic">Grammatica</hi><hi
                    rend="italic">linguae Hebraicae,</hi> 1809; a critical commentary on the
                    Messianic passages of the Old Testament <hi rend="italic">(</hi><hi
                    rend="italic">Vaticinia prophetarum</hi><hi rend="italic">de Jesu</hi><hi
                    rend="italic">Messia),</hi> 1815. In 1821 a collection of <hi rend="italic"
                    >Nachträge</hi> appeared, containing six dissertations on Biblical subjects. The
                    English translation of the <hi rend="italic">Archaeologia</hi> by Upham has
                    passed through several editions. See A. G. Hoffmann’s article in Erseh and
                    Gruber’s <hi rend="italic">Encyclopädie.</hi></p>
            </div>
        </body>
    </text>
</TEI>
