<?xml version="1.0" encoding="utf-8"?><?xml-model  href="https://TU-plogan.github.io/code/odd/tei_kp1.rng" type="application/xml" schematypens="http://relaxng.org/ns/structure/1.0"?>
<TEI xml:id="kp-eb0913-0555-0532-03" xml:lang="en" xmlns="http://www.tei-c.org/ns/1.0">
    <teiHeader>
        <fileDesc>
            <titleStmt xml:id="eb09_v1.1">
                <title level="a" type="main">JACKDAW, or simply Daw</title>
                <title level="m" type="main">Encyclopaedia Britannica: A machine-readable
                    transcription</title>
                <title level="m" type="sub">9th edition, volume 13, page 532</title>
                <editor>Edited by <persName ref="https://orcid.org/0000-0003-2362-8282"
                    role="editor" xml:id="pml">Peter Melville Logan</persName></editor>
                <respStmt>
                    <orgName xml:id="kp">Nineteenth-Century Knowledge Project Staff,
                        <affiliation>Temple University</affiliation></orgName>
                    <resp>OCR transcription and data management</resp>
                </respStmt>
                <respStmt>
                    <persName ref="https://orcid.org/0000-0001-7819-5360" xml:id="jg">Jane
                        Greenberg, <affiliation>Metadata Research Center, Drexel
                        University</affiliation></persName>
                    <resp>metadata development</resp>
                </respStmt>
                <respStmt>
                    <persName xml:id="dk">Don Kretz, <affiliation>Distributed
                        Proofreading</affiliation></persName>
                    <resp>data management</resp>
                </respStmt>
                <funder><orgName ref="http://viaf.org/viaf/137796012" xml:id="neh">National
                    Endowment for the Humanities</orgName></funder>
                <funder><orgName ref="http://viaf.org/viaf/121974598" xml:id="imls">Institute of
                    Museum and Library Services</orgName></funder>
                <funder><orgName ref="http://viaf.org/viaf/127396206" xml:id="tu">Temple
                    University</orgName></funder>
                <sponsor><orgName ref="http://viaf.org/viaf/3653147665869560670009" xml:id="cci"
                    >Drexel University, College of Computing &amp; Informatics</orgName></sponsor>
            </titleStmt>
            <editionStmt>
                <edition n="1.1">Version 1.1 <date when="2025">2025</date></edition>
            </editionStmt>
            <extent>486 MB; 17,775 XML files</extent>
            <publicationStmt>
                <publisher corresp="kp"><orgName corresp="kp">Nineteenth-Century Knowledge
                    Project</orgName><email>nckp@temple.edu</email><link
                    target="https://github.com/TU-plogan/KnowledgeProject"/></publisher>
                <availability status="free">
                    <p>Licensed under a Creative Commons Attribution 4.0 International License.</p>
                    <licence target="https://creativecommons.org/licenses/by/4.0/"> CC BY 4.0
                    </licence>
                </availability>
                <date when="2025">2025</date>
            </publicationStmt>
            <seriesStmt>
                <title level="s">Encyclopaedia Britannica: A machine-readable transcription</title>
                <editor corresp="pml">Peter Melville Logan</editor>
            </seriesStmt>
            <sourceDesc>
                <biblFull xml:lang="en">
                    <titleStmt>
                        <title level="m">Encyclopaedia Britannica</title>
                        <editor><persName ref="http://viaf.org/viaf/12465694" xml:id="mn">Baynes, T.
                            Spencer (Thomas Spencer), <date from="1823" to="1887"
                            >1823-1887</date></persName></editor>
                    </titleStmt>
                    <editionStmt>
                        <edition>Ninth Edition</edition>
                    </editionStmt>
                    <extent><measure quantity="25" unit="vol">25 volumes</measure></extent>
                    <publicationStmt>
                        <publisher>Charles Scribner's Sons</publisher>
                        <authority>Authorized reprint from Edinburgh plates</authority>
                        <pubPlace>New York</pubPlace>
                        <date from="1875" to="1889">1875-1889</date>
                    </publicationStmt>
                    <sourceDesc>
                        <bibl xml:id="ia-uc"><title>Encyclopaedia Britannica: a dictionary of arts,
                            sciences, and general literature</title><publisher><orgName
                            ref="https://archive.org/">Internet Archive</orgName><orgName
                            ref="https://archive.org/details/cdl">University of California
                            Libraries, California Digital Library</orgName></publisher><date
                            when="2019">2006</date><idno type="OCLC">592355607</idno><idno
                            type="ark">13960/t0ks6j612</idno><availability>
                            <p>Internet Archive: NOT_IN_COPYRIGHT</p>
                            </availability></bibl>
                    </sourceDesc>
                </biblFull>
                <listBibl>
                    <head>Alternate image sources for this edition:</head>
                    <desc>Alternate images of the same print editions were substituted when the
                        primary source had unusable images for those pages.</desc>
                    <bibl xml:id="um-ht">Hathi Trust, from print source at the University of
                        Michigan: vol. 14, pp. 34-35; vol. 15, pp. 170-171.</bibl>
                </listBibl>
            </sourceDesc>
        </fileDesc>
        <encodingDesc>
            <editorialDecl>
                <ab><list rend="bulleted" type="basic">
                    <item>Encoding has been done using the recommendations for Level 3 of the "TEI
                        in Libraries Guidelines."</item>
                    <item>Individual entries and page-breaks are encoded, but column breaks are
                        omitted.</item>
                    <item>Print page headers and side descriptions are not included.</item>
                    <item>OCR successfully reproduced simple tables, but complex tabular data is not
                        captured dependably and the results should not be relied upon.</item>
                    <item>OCR was not able to successfully reproduce math and chemical formulas. The
                        uncorrected results remain in the text.</item>
                    <item>Some font formatting is preserved: <val>italic</val>,
                        <val>smallcaps</val>, <val>strikethrough</val>, <val>subscript</val>,
                        <val>superscript</val>, <val>underline</val>. The following print styles are
                        ignored: bold, font size, typeface.</item>
                    </list></ab>
                <correction method="markup" status="low">
                    <p>This electronic text file was created by optical character recognition (OCR).
                        OCR errors have not been corrected.</p>
                    <p>Illegible text in the original is indicated using <gi>unclear</gi> or
                        <gi>gap</gi>, as appropriate. If corrected, the reference source is
                        indicated with <gi>supplied</gi>.</p>
                </correction>
                <normalization method="silent">
                    <p>Original spelling is preserved. When noticed, obvious misspellings are
                        combined with the correct spelling as <gi>choice</gi> in the TEI. Ligatures
                        are reproduced as multiple letters. Original footnote and marginal note
                        sigla are replaced with sequential numbers for each entry.</p>
                </normalization>
                <punctuation marks="some">
                    <p>Extra space around punctuation marks is removed.</p>
                </punctuation>
                <quotation marks="some">
                    <p>Quotation marks are retained as content in the text. Redundant open quotation
                        marks at the start of lines inside block quotes are silently removed.</p>
                </quotation>
                <hyphenation eol="hard">
                    <p>Soft hyphens are silently removed.</p>
                </hyphenation>
                <segmentation>
                    <p>The <tag>div type="entry"</tag> element divides the text into individual
                        entries.</p>
                    <p>The <tag>div type="section"</tag> and <tag>div type="subsection"</tag>
                        elements are reserved for future entry subsections.</p>
                </segmentation>
            </editorialDecl>
            <tagsDecl>
                <namespace name="http://www.tei-c.org/ns/1.0">
                    <tagUsage gi="div">Unnumbered divs used.</tagUsage>
                </namespace>
            </tagsDecl>
            <projectDesc>
                <p>All text was encoded for the Nineteenth-Century Knowledge Project to provide a
                    machine-readable edition of the Encyclopedia Britannica to analyze using
                    machine-learning methods.</p>
                <p>Subject keywords are added to <gi>teiHeader</gi> for each entry; they were
                    generated by the HIVE2 automated vocabulary server, created by the Metadata
                    Research Center at Drexel University (<link
                    target="https://hive2.cci.drexel.edu"/>https://hive2.cci.drexel.edu).</p>
            </projectDesc>
            <samplingDecl>
                <p>This release reproduces the text matter for all entries. It does not include
                    images, front- or back-matter. The reproduction of tables and formulae is
                    unreliable. </p>
            </samplingDecl>
            <listPrefixDef>
                <prefixDef ident="fast" matchPattern="(\d+)"
                    replacementPattern="http://id.worldcat.org/fast/$1">
                    <p>URIs with the prefix <code>fastgeo:</code> point to terms in the OCLC FAST
                        (Faceted Application of Subject Terminology) Geographical subject heading
                        schema derived from the Library of Congress Subject Headings (LCSH).</p>
                </prefixDef>
                <prefixDef ident="fast" matchPattern="(\d+)"
                    replacementPattern="http://id.worldcat.org/fast/$1">
                    <p>URIs with the prefix <code>fasttopic:</code> point to terms in the OCLC FAST
                        (Faceted Application of Subject Terminology) Topical subject heading schema
                        derived from the Library of Congress Subject Headings (LCSH).</p>
                </prefixDef>
                <prefixDef ident="lcsh1910" matchPattern="(\w+)"
                    replacementPattern="https://n2t.net/ark:/99152/$1">
                    <p>URIs with the prefix <code>lcsh1910:</code> point to subject terms in <hi
                        rend="italic">Subject Headings Used in the Dictionary Catalogues of the
                        Library of Congress</hi>, 2 vols., Library of Congress, 1910.</p>
                </prefixDef>
                <prefixDef ident="ht" matchPattern="([\w\-\.;=\&#34;&amp;]+)"
                    replacementPattern="https://babel.hathitrust.org/cgi/pt?id=$1">
                    <p>URIs with the prefix <code>ht:</code> point to page images in the Hathi
                        Trust.</p>
                </prefixDef>
                <prefixDef ident="ia" matchPattern="(\w+)"
                    replacementPattern="https://archive.org/details/$1">
                    <p>URIs with the prefix <code>ia:</code> point to page images in the Internet
                        Archive.</p>
                </prefixDef>
                <prefixDef ident="nls" matchPattern="([\w?\=]+)"
                    replacementPattern="https://digital.nls.uk/encyclopaedia-britannica/archive/$1">
                    <p>URIs with the prefix <code>nls:</code> point to page images in the National
                        Library of Scotland.</p>
                </prefixDef>
            </listPrefixDef>
        </encodingDesc>
        <profileDesc>
            <textClass default="false">
                <keywords scheme="https://id.cci.drexel.edu/">
                    <term n="1" ref="lcsh1910:b4028pk7k">Museums</term>
                    <term n="1" ref="lcsh1910:b42j68511">Life</term>
                    <term n="1" ref="lcsh1910:b43775w66">Cat</term>
                    <term n="1" ref="lcsh1910:b4zk55m9h">Birds</term>
                    <term n="1" ref="lcsh1910:b45m62b4v">Germans</term>
                    <term n="2" ref="lcsh1910:b4dz0399k">Towers</term>
                    <term n="2" ref="lcsh1910:b4s17ss11">Trees</term>
                    <term n="1" ref="lcsh1910:b45t3g41m">Rabbit</term>
                    <term n="1" ref="lcsh1910:b4qr4nq4d">Fishing</term>
                </keywords>
                <keywords scheme="http://id.worldcat.org/fast/">
                    <term n="1" ref="fastgeo:1239786">America</term>
                    <term n="1" ref="fastgeo:1204082">Japan</term>
                    <term n="1" ref="fastgeo:1240495">Asia</term>
                    <term n="1" ref="fastgeo:1206073">China</term>
                </keywords>
                <keywords scheme="http://id.worldcat.org/fast/">
                    <term n="3" ref="fasttopic:1174597">White</term>
                    <term n="3" ref="fasttopic:1174816">Whites</term>
                    <term n="2" ref="fasttopic:1155984">Trees</term>
                    <term n="2" ref="fasttopic:1153279">Towers</term>
                    <term n="1" ref="fasttopic:1142246">Tales</term>
                    <term n="1" ref="fasttopic:1198505">Life</term>
                    <term n="1" ref="fasttopic:942100">Germans</term>
                    <term n="1" ref="fasttopic:1030128">Museums</term>
                    <term n="1" ref="fasttopic:849374">Cats</term>
                </keywords>
            </textClass>
        </profileDesc>
        <revisionDesc status="published">
            <listChange>
                <change status="public" when="2025-08-15" who="#pml">v1.1. Isolates one entry;
                    corrects "B.c." and variants; replaces "bom" with "born", removed 783 instances
                    of extra space before semicolon. Separates metadata in <gi>teiHeader</gi> into
                    two separate facets: FAST Topical and FAST Geographical.</change>
                <change status="public" when="2023-02-28" who="#pml">v.1 published</change>
                <change status="public" when="2023-02-27" who="#pml">v.1 teiHeader XSL
                    finished</change>
            </listChange>
        </revisionDesc>
    </teiHeader>
    <text>
        <body>
            <div facs="ia:encyclopediabrit13newyrich/page/n555/mode/1up" type="entry">
                <p><label type="entry">JACKDAW, or simply <hi rend="smallcaps">Daw</hi></label> (Old
                    Low German, <hi rend="italic">Daha;</hi> Dutch, <hi rend="italic">Kaauw),</hi>
                    the prefix being doubtless imitative of the bird’s cry, as indeed is probably
                    the substantive name<note anchored="true" place="bottom" type="authorial"><p>See
                    Professor Skeat’s <hi rend="italic">Etyrnοl. Dictionary,</hi> pp. 153,
                    304.</p></note> —one of the smallest species of the genus <hi rend="italic"
                    >Corvus</hi><hi rend="smallcaps">(Crow,</hi> vol. vi. p. 617), and a very well
                    known inhabitant of Europe, the <hi rend="italic">C.</hi><hi rend="italic"
                    >monedula</hi> of ornithologists. In some of its habits it much resembles its
                    congener the <hi rend="smallcaps">Rook</hi><hi rend="italic">(q.vi),</hi> with
                    which it constantly associates during a great part of the year; but, while the
                    Rook only exceptionally places its nest elsewhere than on the boughs of trees
                    and open to the sky, the Daw almost invariably chooses holes, whether in rocks,
                    hollow trees, rabbit-burrows, or buildings. Nearly every church-tower and
                    castle, ruined or not, is more or less numerously occupied by Daws, and if they
                    are not <pb break="no" facs="ia:encyclopediabrit13newyrich/page/n556/mode/1up"
                    xml:id="kp-eb0913-0556-0533"/> also tenants with us of our own dwellings, it is
                    because convenient recesses are therein ordinarily wanting. Yet our chimneys
                    frequently give them the accommodation they desire, much to the annoyance of the
                    householder, who finds the funnel choked by the quantity of sticks brought
                    together by the birds, since their industry in collecting materials for their
                    nests is as marvellous as it often is futile.<note anchored="true"
                    place="bottom" type="authorial"><p>Some writers, as Jesse <hi rend="italic"
                    >{Scenes and Tales of a Country Life,</hi> p. 57), have ascribed great sagacity
                    to the Daw as a nest-builder, but the statement of this author seems open to a
                    very different interpretation (YarrelΓs <hi rend="italic">Br. Birds,</hi> ed. 4,
                    ii. p. 308, note); and Jardine’s remark (Λαi. <hi rend="italic">Library, x.</hi>
                    p. 236) that it often exhibits great want of instinct, seems to be quite
                    justifie 1 by the known facts.</p></note> In some cases the stack of loose
                    sticks piled up by Daws in a belfry or tower has been known to form a structure
                    10 or 12 feet in height, and hence this species may be accounted one of the
                    greatest nest-builders in the world. The style of architecture practised by the
                    Daw thus brings it more than the Rook into contact with man, and its familiarity
                    is increased by the boldness of its disposition, which, though tempered by
                    discreet cunning, is hardly surpassed among birds. Its small size, in comparison
                    with most of its congeners, alone incapacitates it from inflicting the serious
                    injuries of which some of them are often the authors, yet its pilferings are not
                    to be denied, though on the whole its services to the agriculturist are great,
                    for in the destruction of injurious insects it is hardly inferior to the Rook,
                    and it has the useful habit of ridding sheep, on whose backs it may be
                    frequently seen perched, of some of their parasites.</p>
                <p>The Daw displays the glossy black plumage so char acteristic of the true Crows,
                    varied only by the hoary grey of the ear-coverts, and of the nape and sides of
                    the neck, which is the mark of the adult; but examples from the east of Europe
                    and western Asia have these parts much lighter, passing into a silvery white,
                    and hence have been deemed by some authorities to constitute a distinct species
                    <hi rend="italic">(C.</hi><hi rend="italic">collaris,</hi> Drumm.). Further to
                    the eastward occurs the <hi rend="italic">C. dauuricus</hi> of Pallas, which has
                    not only the collar broader and of a pure white, but much of the lower parts of
                    the body white also. Japan and northern China are inhabited also by a form
                    resembling that of western Europe, but wanting the grey nape of the latter. This
                    is the <hi rend="italic">C. neglectus</hi> of Professor Schlegel, and is said by
                    Mr Dresser, on the authority of Swinhoe, to interbreed frequently with <hi
                    rend="italic">C. dauuricus.</hi> These are all the birds that seem entitled to
                    be considered Daws, though Mr Sharpe <hi rend="italic">(Cat. B. Brit.
                    Museum,</hi> vol. iii. p. 24) associates with them (under the little-deserved
                    separate generic distinction <hi rend="italic">Colοeus)</hi> the Fish-Crow of
                    North America, which appears both in structure and in habits to be a true Crow.
                    <hi rend="smallcaps">(a. n.)</hi></p>
            </div>
        </body>
    </text>
</TEI>
