<?xml version="1.0" encoding="utf-8"?><?xml-model  href="https://TU-plogan.github.io/code/odd/tei_kp1.rng" type="application/xml" schematypens="http://relaxng.org/ns/structure/1.0"?>
<TEI xml:id="kp-eb0713-1522-0009-01" xml:lang="en" xmlns="http://www.tei-c.org/ns/1.0">
    <teiHeader>
        <fileDesc>
            <titleStmt xml:id="eb07_v3.0">
                <title level="a" type="main">LACTANTIUS</title>
                <title level="m" type="main">Encyclopaedia Britannica: A machine-readable
                    transcription</title>
                <title level="m" type="sub">7th edition, volume 13, page 9</title>
                <editor>Edited by <persName ref="https://orcid.org/0000-0003-2362-8282"
                    role="editor" xml:id="pml">Peter Melville Logan</persName></editor>
                <respStmt>
                    <orgName xml:id="kp">Nineteenth-Century Knowledge Project Staff,
                        <affiliation>Temple University</affiliation></orgName>
                    <resp>OCR transcription and data management</resp>
                </respStmt>
                <respStmt>
                    <persName ref="https://orcid.org/0000-0001-7819-5360" xml:id="jg">Jane
                        Greenberg, <affiliation>Metadata Research Center, Drexel
                        University</affiliation></persName>
                    <resp>metadata development</resp>
                </respStmt>
                <respStmt>
                    <persName xml:id="dk">Don Kretz, <affiliation>Distributed
                        Proofreading</affiliation></persName>
                    <resp>data management</resp>
                </respStmt>
                <funder><orgName ref="http://viaf.org/viaf/137796012" xml:id="neh">National
                    Endowment for the Humanities</orgName></funder>
                <funder><orgName ref="http://viaf.org/viaf/121974598" xml:id="imls">Institute of
                    Museum and Library Services</orgName></funder>
                <funder><orgName ref="http://viaf.org/viaf/127396206" xml:id="tu">Temple
                    University</orgName></funder>
                <sponsor><orgName ref="http://viaf.org/viaf/3653147665869560670009" xml:id="cci"
                    >Drexel University, College of Computing &amp; Informatics</orgName></sponsor>
            </titleStmt>
            <editionStmt>
                <edition n="3.0">Version 3.0<date when="2024">2024</date></edition>
            </editionStmt>
            <extent>464 MB; 21,116 XML files </extent>
            <publicationStmt>
                <publisher corresp="kp"><orgName corresp="kp">Nineteenth-Century Knowledge
                    Project</orgName><email>nckp@temple.edu</email><link
                    target="https://github.com/TU-plogan/KnowledgeProject"/></publisher>
                <availability status="free">
                    <p>Licensed under a Creative Commons Attribution 4.0 International License.</p>
                    <licence target="https://creativecommons.org/licenses/by/4.0/"> CC BY 4.0
                    </licence>
                </availability>
                <date when="2024">2024</date>
            </publicationStmt>
            <seriesStmt>
                <title level="s">Encyclopaedia Britannica: A machine-readable transcription</title>
                <editor corresp="pml">Peter Melville Logan</editor>
            </seriesStmt>
            <sourceDesc>
                <biblFull xml:lang="en">
                    <titleStmt>
                        <title level="m">Encyclopaedia Britannica</title>
                        <editor><persName ref="http://viaf.org/viaf/79392506" xml:id="mn">Napier,
                            Macvey, 1776-1847</persName></editor>
                    </titleStmt>
                    <editionStmt>
                        <edition>Seventh Edition</edition>
                    </editionStmt>
                    <extent><measure quantity="21" unit="vol">21 volumes</measure></extent>
                    <publicationStmt>
                        <publisher>Adam and Charles Black</publisher>
                        <pubPlace>Edinburgh</pubPlace>
                        <date from="1830" to="1842">1830-1842</date>
                    </publicationStmt>
                    <sourceDesc>
                        <bibl xml:id="NLS"><title>Seventh edition - Encyclopaedia Britannica
                            [190218838]</title><publisher><orgName
                            ref="https://digital.nls.uk/encyclopaedia-britannica/archive/190218838"
                            >National Library of Scotland</orgName></publisher><date when="2019"
                            >2019</date><idno type="DOI">https://doi.org/10.34812/cg4r-dn40</idno><availability>
                            <p>National Library of Scotland License: CC BY 4.0</p>
                            <licence target="https://creativecommons.org/licenses/by/4.0/">CC BY 4.0
                            </licence>
                            </availability></bibl>
                    </sourceDesc>
                </biblFull>
                <listBibl>
                    <head>Alternate image sources for this edition:</head>
                    <bibl xml:id="UW-HT">Hathi Trust, from print source at the University of
                        Wisconsin: vol. 9, pp. 29, 31, 32, 36, 37, 39, 41, 48, 50-55, 57, 59, 62,
                        63, 66, 67, 69-71, 76, 88; vol. 19 (all).</bibl>
                    <bibl xml:id="UCH-HT">Hathi Trust, from print source at the University of
                        Chicago: vol. 10, pp. 7-10; vols. 20, 21 (all).</bibl>
                </listBibl>
            </sourceDesc>
        </fileDesc>
        <encodingDesc>
            <editorialDecl>
                <ab><list rend="bulleted" type="basic">
                    <item>Encoding has been done using the recommendations for Level 3 of the "TEI
                        in Libraries Guidelines."</item>
                    <item>Individual entries and page-breaks are encoded, but column breaks are
                        omitted.</item>
                    <item>Print page headers and side descriptions are not included.</item>
                    <item>OCR successfully reproduced simple tables, but complex tabular data is not
                        captured dependably and the results should not be relied upon.</item>
                    <item>OCR was not able to successfully reproduce math and chemical formulas. The
                        uncorrected results remain in the text.</item>
                    <item>Some font formatting is preserved: <val>italic</val>,
                        <val>smallcaps</val>, <val>strikethrough</val>, <val>subscript</val>,
                        <val>superscript</val>, <val>underline</val>. The following print styles are
                        ignored: bold, font size, typeface.</item>
                    </list></ab>
                <correction method="markup" status="low">
                    <p>This electronic text file was created by optical character recognition (OCR).
                        Some OCR errors have been corrected.</p>
                    <p>Illegible text in the original is indicated using <gi>unclear</gi> or
                        <gi>gap</gi>, as appropriate. If corrected, the reference source is
                        indicated with <gi>supplied</gi>.</p>
                    <p>Some volumes of the print edition substituted "c" for "e" letters across
                        multiple pages. These are silently corrected.</p>
                </correction>
                <normalization method="silent">
                    <p>Original spelling is preserved. When noticed, obvious misspellings are
                        combined with the correct spelling as <gi>choice</gi> in the TEI. Ligatures
                        are reproduced as multiple letters. Original footnote and marginal note
                        sigla are replaced with sequential numbers for each entry.</p>
                </normalization>
                <punctuation marks="some">
                    <p>Extra space around punctuation marks is removed.</p>
                    <p>Ordinal numbers, such as 1st, 2ndly, etc., are inconsistently italicized in
                        the printed text; they are normalized as roman throughout.</p>
                </punctuation>
                <quotation marks="some">
                    <p>Quotation marks are retained as content in the text. Redundant open quotation
                        marks at the start of lines inside block quotes are silently removed.</p>
                </quotation>
                <hyphenation eol="hard">
                    <p>Soft hyphens are silently removed.</p>
                </hyphenation>
                <segmentation>
                    <p>The <tag>div type="entry"</tag> element divides the text into individual
                        entries.</p>
                    <p>The <tag>div type="section"</tag> and <tag>div type="subsection"</tag>
                        elements are reserved for entry subsections, but their inclusion is largely
                        aspirational.</p>
                </segmentation>
            </editorialDecl>
            <tagsDecl>
                <namespace name="http://www.tei-c.org/ns/1.0">
                    <tagUsage gi="div">Unnumbered <gi>div</gi> tags are used throughout.</tagUsage>
                </namespace>
            </tagsDecl>
            <projectDesc>
                <p>All text was encoded for the Nineteenth-Century Knowledge Project to provide a
                    machine-readable edition of the Encyclopedia Britannica to analyze using
                    machine-learning methods.</p>
                <p>Subject keywords are added to <gi>teiHeader</gi> for each entry; they were
                    generated by the HIVE2 automated vocabulary server, created by the Metadata
                    Research Center at Drexel University (<link
                    target="https://hive2.cci.drexel.edu"/>https://hive2.cci.drexel.edu).</p>
            </projectDesc>
            <samplingDecl>
                <p>This release reproduces the text matter for all entries. It does not include
                    images, front- or back-matter. It omits volume 1, which consists of
                    "Dissertations" rather than entries. The reproduction of tables and formulae is
                    unreliable. </p>
            </samplingDecl>
            <listPrefixDef>
                <prefixDef ident="fastgeo" matchPattern="(\d+)"
                    replacementPattern="http://id.worldcat.org/fast/$1">
                    <p>URIs with the prefix <code>fastgeo:</code> point to terms in the OCLC FAST
                        (Faceted Application of Subject Terminology) Geographical subject heading
                        schema derived from the Library of Congress Subject Headings (LCSH).</p>
                </prefixDef>
                <prefixDef ident="fasttopic" matchPattern="(\d+)"
                    replacementPattern="http://id.worldcat.org/fast/$1">
                    <p>URIs with the prefix <code>fasttopic:</code> point to terms in the OCLC FAST
                        (Faceted Application of Subject Terminology) Topical subject heading schema
                        derived from the Library of Congress Subject Headings (LCSH).</p>
                </prefixDef>
                <prefixDef ident="lcsh1910" matchPattern="(\w+)"
                    replacementPattern="https://n2t.net/ark:/99152/$1">
                    <p>URIs with the prefix <code>lcsh1910:</code> point to subject terms in <hi
                        rend="italic">Subject Headings Used in the Dictionary Catalogues of the
                        Library of Congress</hi>, 2 vols., Library of Congress, 1910.</p>
                </prefixDef>
                <prefixDef ident="ht" matchPattern="([\w\-\.;=\&#34;&amp;]+)"
                    replacementPattern="https://babel.hathitrust.org/cgi/pt?id=$1">
                    <p>URIs with the prefix <code>ht:</code> point to page images in the Hathi
                        Trust.</p>
                </prefixDef>
                <prefixDef ident="ia" matchPattern="(\w+)"
                    replacementPattern="https://archive.org/details/$1">
                    <p>URIs with the prefix <code>ia:</code> point to page images in the Internet
                        Archive.</p>
                </prefixDef>
                <prefixDef ident="nls" matchPattern="([\w?\=]+)"
                    replacementPattern="https://digital.nls.uk/encyclopaedia-britannica/archive/$1">
                    <p>URIs with the prefix <code>nls:</code> point to page images in the National
                        Library of Scotland.</p>
                </prefixDef>
            </listPrefixDef>
        </encodingDesc>
        <profileDesc>
            <textClass default="false">
                <keywords scheme="http://id.worldcat.org/fast/">
                    <term n="1" ref="fastgeo:1239509">Africa</term>
                </keywords>
                <keywords scheme="http://id.worldcat.org/fast/">
                    <term n="3" ref="fasttopic:1180188">Work</term>
                    <term n="3" ref="fasttopic:836401">Books</term>
                    <term n="2" ref="fasttopic:921865">Fathers</term>
                    <term n="2" ref="fasttopic:860364">Church</term>
                    <term n="2" ref="fasttopic:946284">Grammarians</term>
                    <term n="3" ref="fasttopic:859599">Christianity</term>
                    <term n="3" ref="fasttopic:859760">Christians</term>
                    <term n="1" ref="fasttopic:799938">Africans</term>
                    <term n="1" ref="fasttopic:799932">Africanization</term>
                    <term n="1" ref="fasttopic:1050321">Paganism</term>
                </keywords>
                <keywords scheme="https://id.cci.drexel.edu/">
                    <term n="3" ref="lcsh1910:b4v11vw02">Work</term>
                    <term n="3" ref="lcsh1910:b43775w28">Books</term>
                    <term n="2" ref="lcsh1910:b4r49gb4d">Church</term>
                    <term n="2" ref="lcsh1910:b47d2q898">Churches</term>
                    <term n="1" ref="lcsh1910:b4j38kj57">Caesarism</term>
                    <term n="3" ref="lcsh1910:b49c6s277">Christianity</term>
                    <term n="1" ref="lcsh1910:b40p0wv7t">Paganism</term>
                    <term n="1" ref="lcsh1910:b4xd0r48v">Passions</term>
                    <term n="1" ref="lcsh1910:b4sq8qk1s">Christ</term>
                </keywords>
            </textClass>
        </profileDesc>
        <revisionDesc status="published">
            <listChange>
                <change n="3.0" status="public" when="2024-12-06" who="#pml">v3.0. Includes
                    significant corrections to the OCR text, predominantly in cases of confusing "c"
                    and "e." Isolates 90 entries that were mistakenly included at the end of prior
                    entries in v1 and v2. Normalizes ordinal numbers. Separates metadata in
                    <gi>teiHeader</gi> into two separate facets: FAST Topical and FAST Geographical.
                    Moves commas following <gi>pb</gi> in the text to preceding it and removes extra
                    space around the <gi>pb</gi> tag. Where a word is hyphenated at a <gi>pb</gi>,
                    the end fragment is now joined to the start fragment, making a machine-readable
                    word.</change>
                <change n="2.0" status="public" when="2023-10-11" who="#pml">v2.0. Isolates 42
                    entries that were mistakenly included at the end of prior entries in v1. Removes
                    <att>xml:id</att> from the <gi>div</gi> for the entry and adds it to the
                    <gi>TEI</gi> tag. Adds schema link to all files.</change>
                <change n="1.0" status="public" when="2022-11-28" who="#pml">v1.0. Initial
                    release.</change>
            </listChange>
        </revisionDesc>
    </teiHeader>
    <text>
        <body>
            <div facs="nls:193201522" type="entry">
                <p><label type="entry">LACTANTIUS</label>, Lucius <hi rend="smallcaps">Coelius
                    Firmianus,</hi> an eminent father of the church, at the beginning of the fourth
                    century, was, according to Baronius, an African; but, according to others, was
                    born at Fermo, in the March of Ancona, whence it is imagined he was called <hi
                    rend="italic">Eirmianus.</hi> He studied rhetoric under Arnobius, and was
                    afterwards professor thereof in Africa and Nicoedia, where he was so much
                    admired that the Emperor Constantine chose him as preceptor to his son Crispus
                    Caesar. Lactantius was so far from seeking the pleasures and riches of a court,
                    that he lived there in poverty, and, according to Eusebius, frequently wanted
                    the necessaries of life. He is justly accounted the most eloquent of all the
                    ecclesiastical authors who have written in the Latin language. He formed himself
                    upon Cicero as a model, and wrote in a style so remarkable for its purity,
                    natural grace, and smoothness, that he is generally distinguished by the
                    denomination of the Christian Cicero. Several works of his are still extant, the
                    principal of which are, 1. his <hi rend="italic">Institutiones</hi><hi
                    rend="italic">Divinoe,</hi> a treatise in seven books, of which he made an
                    abridgment, adding thereto another tract, <hi rend="italic">De Ira</hi><hi
                    rend="italic">Divina</hi><hi rend="italic">;</hi> 2. <hi rend="italic"
                    >De</hi><hi rend="italic">Asscribus</hi><hi rend="italic">Dei,</hi> in which he
                    treats of the creation of man, and of divine providence; 3. Two books to
                    Aescepiades, eight books of letters, a poem in hexameter verse, a treatise
                    entitled The Grammarian, and another <hi rend="italic">De</hi><hi rend="italic"
                    >Persecutione.</hi> It is also believed that the treatise <hi rend="italic"
                    >De</hi><hi rend="italic">Mortibus Persecutorum</hi> was written by Lactantius.
                    Some works, however, have been erroneously attributed to this father of the
                    church. Amongst these may be mentioned the Phoenix, which is the production of a
                    Pagan, not of a Christian; the poem upon Easter; that on the Passion of Christ;
                    the Arguments upon the Metamorphoses of Ovid; and the Notes upon the Thebaid of
                    Statius. Of the two last productions, the real author was Lactantius Placidius
                    the grammarian. The prominent characteristic of Lactantius as a Christian writer
                    is, that he exposes the illusions of Paganism with great force of reasoning. But
                    he treats theology more like a philosopher than a divine. He did not thoroughly
                    understand the nature of the Christian mysteries, nor distinguish between the
                    respective provinces of faith and of reason; and hence he was betrayed into some
                    errors, of which advantage has been taken by persons who either knew not, or
                    chose to make no allowance for, the circumstances in which they originated. The
                    best edition of his works is that published at Paris in 1748, in two vols.
                    4to.</p>
            </div>
        </body>
    </text>
</TEI>
