<?xml version="1.0" encoding="utf-8"?><?xml-model  href="https://TU-plogan.github.io/code/odd/tei_kp1.rng" type="application/xml" schematypens="http://relaxng.org/ns/structure/1.0"?>
<TEI xml:id="kp-eb0713-1808-0031-02" xml:lang="en" xmlns="http://www.tei-c.org/ns/1.0">
    <teiHeader>
        <fileDesc>
            <titleStmt xml:id="eb07_v3.0">
                <title level="a" type="main">LAMANON, Robert Paul</title>
                <title level="m" type="main">Encyclopaedia Britannica: A machine-readable
                    transcription</title>
                <title level="m" type="sub">7th edition, volume 13, page 31</title>
                <editor>Edited by <persName ref="https://orcid.org/0000-0003-2362-8282"
                    role="editor" xml:id="pml">Peter Melville Logan</persName></editor>
                <respStmt>
                    <orgName xml:id="kp">Nineteenth-Century Knowledge Project Staff,
                        <affiliation>Temple University</affiliation></orgName>
                    <resp>OCR transcription and data management</resp>
                </respStmt>
                <respStmt>
                    <persName ref="https://orcid.org/0000-0001-7819-5360" xml:id="jg">Jane
                        Greenberg, <affiliation>Metadata Research Center, Drexel
                        University</affiliation></persName>
                    <resp>metadata development</resp>
                </respStmt>
                <respStmt>
                    <persName xml:id="dk">Don Kretz, <affiliation>Distributed
                        Proofreading</affiliation></persName>
                    <resp>data management</resp>
                </respStmt>
                <funder><orgName ref="http://viaf.org/viaf/137796012" xml:id="neh">National
                    Endowment for the Humanities</orgName></funder>
                <funder><orgName ref="http://viaf.org/viaf/121974598" xml:id="imls">Institute of
                    Museum and Library Services</orgName></funder>
                <funder><orgName ref="http://viaf.org/viaf/127396206" xml:id="tu">Temple
                    University</orgName></funder>
                <sponsor><orgName ref="http://viaf.org/viaf/3653147665869560670009" xml:id="cci"
                    >Drexel University, College of Computing &amp; Informatics</orgName></sponsor>
            </titleStmt>
            <editionStmt>
                <edition n="3.0">Version 3.0<date when="2024">2024</date></edition>
            </editionStmt>
            <extent>464 MB; 21,116 XML files </extent>
            <publicationStmt>
                <publisher corresp="kp"><orgName corresp="kp">Nineteenth-Century Knowledge
                    Project</orgName><email>nckp@temple.edu</email><link
                    target="https://github.com/TU-plogan/KnowledgeProject"/></publisher>
                <availability status="free">
                    <p>Licensed under a Creative Commons Attribution 4.0 International License.</p>
                    <licence target="https://creativecommons.org/licenses/by/4.0/"> CC BY 4.0
                    </licence>
                </availability>
                <date when="2024">2024</date>
            </publicationStmt>
            <seriesStmt>
                <title level="s">Encyclopaedia Britannica: A machine-readable transcription</title>
                <editor corresp="pml">Peter Melville Logan</editor>
            </seriesStmt>
            <sourceDesc>
                <biblFull xml:lang="en">
                    <titleStmt>
                        <title level="m">Encyclopaedia Britannica</title>
                        <editor><persName ref="http://viaf.org/viaf/79392506" xml:id="mn">Napier,
                            Macvey, 1776-1847</persName></editor>
                    </titleStmt>
                    <editionStmt>
                        <edition>Seventh Edition</edition>
                    </editionStmt>
                    <extent><measure quantity="21" unit="vol">21 volumes</measure></extent>
                    <publicationStmt>
                        <publisher>Adam and Charles Black</publisher>
                        <pubPlace>Edinburgh</pubPlace>
                        <date from="1830" to="1842">1830-1842</date>
                    </publicationStmt>
                    <sourceDesc>
                        <bibl xml:id="NLS"><title>Seventh edition - Encyclopaedia Britannica
                            [190218838]</title><publisher><orgName
                            ref="https://digital.nls.uk/encyclopaedia-britannica/archive/190218838"
                            >National Library of Scotland</orgName></publisher><date when="2019"
                            >2019</date><idno type="DOI">https://doi.org/10.34812/cg4r-dn40</idno><availability>
                            <p>National Library of Scotland License: CC BY 4.0</p>
                            <licence target="https://creativecommons.org/licenses/by/4.0/">CC BY 4.0
                            </licence>
                            </availability></bibl>
                    </sourceDesc>
                </biblFull>
                <listBibl>
                    <head>Alternate image sources for this edition:</head>
                    <bibl xml:id="UW-HT">Hathi Trust, from print source at the University of
                        Wisconsin: vol. 9, pp. 29, 31, 32, 36, 37, 39, 41, 48, 50-55, 57, 59, 62,
                        63, 66, 67, 69-71, 76, 88; vol. 19 (all).</bibl>
                    <bibl xml:id="UCH-HT">Hathi Trust, from print source at the University of
                        Chicago: vol. 10, pp. 7-10; vols. 20, 21 (all).</bibl>
                </listBibl>
            </sourceDesc>
        </fileDesc>
        <encodingDesc>
            <editorialDecl>
                <ab><list rend="bulleted" type="basic">
                    <item>Encoding has been done using the recommendations for Level 3 of the "TEI
                        in Libraries Guidelines."</item>
                    <item>Individual entries and page-breaks are encoded, but column breaks are
                        omitted.</item>
                    <item>Print page headers and side descriptions are not included.</item>
                    <item>OCR successfully reproduced simple tables, but complex tabular data is not
                        captured dependably and the results should not be relied upon.</item>
                    <item>OCR was not able to successfully reproduce math and chemical formulas. The
                        uncorrected results remain in the text.</item>
                    <item>Some font formatting is preserved: <val>italic</val>,
                        <val>smallcaps</val>, <val>strikethrough</val>, <val>subscript</val>,
                        <val>superscript</val>, <val>underline</val>. The following print styles are
                        ignored: bold, font size, typeface.</item>
                    </list></ab>
                <correction method="markup" status="low">
                    <p>This electronic text file was created by optical character recognition (OCR).
                        Some OCR errors have been corrected.</p>
                    <p>Illegible text in the original is indicated using <gi>unclear</gi> or
                        <gi>gap</gi>, as appropriate. If corrected, the reference source is
                        indicated with <gi>supplied</gi>.</p>
                    <p>Some volumes of the print edition substituted "c" for "e" letters across
                        multiple pages. These are silently corrected.</p>
                </correction>
                <normalization method="silent">
                    <p>Original spelling is preserved. When noticed, obvious misspellings are
                        combined with the correct spelling as <gi>choice</gi> in the TEI. Ligatures
                        are reproduced as multiple letters. Original footnote and marginal note
                        sigla are replaced with sequential numbers for each entry.</p>
                </normalization>
                <punctuation marks="some">
                    <p>Extra space around punctuation marks is removed.</p>
                    <p>Ordinal numbers, such as 1st, 2ndly, etc., are inconsistently italicized in
                        the printed text; they are normalized as roman throughout.</p>
                </punctuation>
                <quotation marks="some">
                    <p>Quotation marks are retained as content in the text. Redundant open quotation
                        marks at the start of lines inside block quotes are silently removed.</p>
                </quotation>
                <hyphenation eol="hard">
                    <p>Soft hyphens are silently removed.</p>
                </hyphenation>
                <segmentation>
                    <p>The <tag>div type="entry"</tag> element divides the text into individual
                        entries.</p>
                    <p>The <tag>div type="section"</tag> and <tag>div type="subsection"</tag>
                        elements are reserved for entry subsections, but their inclusion is largely
                        aspirational.</p>
                </segmentation>
            </editorialDecl>
            <tagsDecl>
                <namespace name="http://www.tei-c.org/ns/1.0">
                    <tagUsage gi="div">Unnumbered <gi>div</gi> tags are used throughout.</tagUsage>
                </namespace>
            </tagsDecl>
            <projectDesc>
                <p>All text was encoded for the Nineteenth-Century Knowledge Project to provide a
                    machine-readable edition of the Encyclopedia Britannica to analyze using
                    machine-learning methods.</p>
                <p>Subject keywords are added to <gi>teiHeader</gi> for each entry; they were
                    generated by the HIVE2 automated vocabulary server, created by the Metadata
                    Research Center at Drexel University (<link
                    target="https://hive2.cci.drexel.edu"/>https://hive2.cci.drexel.edu).</p>
            </projectDesc>
            <samplingDecl>
                <p>This release reproduces the text matter for all entries. It does not include
                    images, front- or back-matter. It omits volume 1, which consists of
                    "Dissertations" rather than entries. The reproduction of tables and formulae is
                    unreliable. </p>
            </samplingDecl>
            <listPrefixDef>
                <prefixDef ident="fastgeo" matchPattern="(\d+)"
                    replacementPattern="http://id.worldcat.org/fast/$1">
                    <p>URIs with the prefix <code>fastgeo:</code> point to terms in the OCLC FAST
                        (Faceted Application of Subject Terminology) Geographical subject heading
                        schema derived from the Library of Congress Subject Headings (LCSH).</p>
                </prefixDef>
                <prefixDef ident="fasttopic" matchPattern="(\d+)"
                    replacementPattern="http://id.worldcat.org/fast/$1">
                    <p>URIs with the prefix <code>fasttopic:</code> point to terms in the OCLC FAST
                        (Faceted Application of Subject Terminology) Topical subject heading schema
                        derived from the Library of Congress Subject Headings (LCSH).</p>
                </prefixDef>
                <prefixDef ident="lcsh1910" matchPattern="(\w+)"
                    replacementPattern="https://n2t.net/ark:/99152/$1">
                    <p>URIs with the prefix <code>lcsh1910:</code> point to subject terms in <hi
                        rend="italic">Subject Headings Used in the Dictionary Catalogues of the
                        Library of Congress</hi>, 2 vols., Library of Congress, 1910.</p>
                </prefixDef>
                <prefixDef ident="ht" matchPattern="([\w\-\.;=\&#34;&amp;]+)"
                    replacementPattern="https://babel.hathitrust.org/cgi/pt?id=$1">
                    <p>URIs with the prefix <code>ht:</code> point to page images in the Hathi
                        Trust.</p>
                </prefixDef>
                <prefixDef ident="ia" matchPattern="(\w+)"
                    replacementPattern="https://archive.org/details/$1">
                    <p>URIs with the prefix <code>ia:</code> point to page images in the Internet
                        Archive.</p>
                </prefixDef>
                <prefixDef ident="nls" matchPattern="([\w?\=]+)"
                    replacementPattern="https://digital.nls.uk/encyclopaedia-britannica/archive/$1">
                    <p>URIs with the prefix <code>nls:</code> point to page images in the National
                        Library of Scotland.</p>
                </prefixDef>
            </listPrefixDef>
        </encodingDesc>
        <profileDesc>
            <textClass default="false">
                <keywords scheme="https://id.cci.drexel.edu/">
                    <term n="2" ref="lcsh1910:b4r49gb4d">Church</term>
                    <term n="2" ref="lcsh1910:b47d2q898">Churches</term>
                    <term n="2" ref="lcsh1910:b4x05xd69">Canonization</term>
                    <term n="1" ref="lcsh1910:b4v11vs35">Naturalists</term>
                    <term n="1" ref="lcsh1910:b49k45x1d">Salons</term>
                    <term n="1" ref="lcsh1910:b4df6k36b">Earth</term>
                    <term n="1" ref="lcsh1910:b4028pk7k">Museums</term>
                </keywords>
                <keywords scheme="http://id.worldcat.org/fast/">
                    <term n="2" ref="fastgeo:1239717">Alps</term>
                    <term n="2" ref="fastgeo:1205401">Switzerland</term>
                    <term n="1" ref="fastgeo:1219920">England</term>
                </keywords>
                <keywords scheme="http://id.worldcat.org/fast/">
                    <term n="1" ref="fasttopic:934209">French</term>
                    <term n="1" ref="fasttopic:878051">Cooks</term>
                    <term n="1" ref="fasttopic:1754966">Cooking</term>
                    <term n="1" ref="fasttopic:1030128">Museums</term>
                    <term n="2" ref="fasttopic:860364">Church</term>
                    <term n="2" ref="fasttopic:845944">Canonization</term>
                    <term n="2" ref="fasttopic:1095569">Resignation</term>
                    <term n="1" ref="fasttopic:1034543">Naturalists</term>
                    <term n="1" ref="fasttopic:1104198">Salons</term>
                </keywords>
            </textClass>
        </profileDesc>
        <revisionDesc status="published">
            <listChange>
                <change n="3.0" status="public" when="2024-12-06" who="#pml">v3.0. Includes
                    significant corrections to the OCR text, predominantly in cases of confusing "c"
                    and "e." Isolates 90 entries that were mistakenly included at the end of prior
                    entries in v1 and v2. Normalizes ordinal numbers. Separates metadata in
                    <gi>teiHeader</gi> into two separate facets: FAST Topical and FAST Geographical.
                    Moves commas following <gi>pb</gi> in the text to preceding it and removes extra
                    space around the <gi>pb</gi> tag. Where a word is hyphenated at a <gi>pb</gi>,
                    the end fragment is now joined to the start fragment, making a machine-readable
                    word.</change>
                <change n="2.0" status="public" when="2023-10-11" who="#pml">v2.0. Isolates 42
                    entries that were mistakenly included at the end of prior entries in v1. Removes
                    <att>xml:id</att> from the <gi>div</gi> for the entry and adds it to the
                    <gi>TEI</gi> tag. Adds schema link to all files.</change>
                <change n="1.0" status="public" when="2022-11-28" who="#pml">v1.0. Initial
                    release.</change>
            </listChange>
        </revisionDesc>
    </teiHeader>
    <text>
        <body>
            <div facs="nls:193201808" type="entry">
                <p><label type="entry">LAMANON, <hi rend="smallcaps">Robert Paul</hi></label>, a
                    celebrated naturalist, was born at Salon, in Provence, in the year 1752, being
                    descended of a respectable family. He was destined for the church, and sent to
                    Paris to study divinity; but the acquaintance of philosophers having induced him
                    to relinquish theological pursuits, he turned his attention to chemistry and
                    mineralogy. Yet he afterwards became a canon in the church; but the death of his
                    father and elder brother caused him to resign an office to which he was never
                    attached, and he now possessed the power of directing his own future exertions.
                    One amiable trait in the character of Lamanon is worthy of notice, and that is,
                    that he refused to accept of his paternal inheritance except as an equal sharer
                    with his brothers and sisters. When offered a considerable sum to resign his
                    office of canon in favour of a certain individual, he replied, “The chapter of
                    Arles did not sell me my benefice; I shall therefore restore it in the same
                    manner that I received it.” Anxious to remove the veil which conceals the
                    secrets of nature from mortal eyes, he travelled through Provence and Dauphine,
                    and scaled the Alps and Pyrenees. He reached the summit of rocks, and explored
                    the abysses of caverns, weighed the air, analysed specimens, in short considered
                    himself as qualified to form a new system of this world. After a time he
                    returned to Paris, and thence proceeded to England; and although he was in
                    imminent danger of being overwhelmed by the ungovernable fury of the waves, he
                    ordered himself to be tied to the mainmast, that he might be enabled to
                    contemplate more at leisure this grand and terrific spectacle. Instead of being
                    dismayed, he was transported with the tremendous roar of thunder, the vivid
                    flashes of lightning, and the glancing spray with which he was almost
                    incessantly covered; and, in his own estimation, this was the most exquisite day
                    which he had ever enjoyed. During the time which Lamanon afterwards spent at
                    Paris, he became one of the founders of the Museum. Having resolved to revisit
                    Switzerland and Italy, he went first to Turin, where he joined himself to the
                    learned of that country. From Piedmont he proceeded to Italy, returning by the
                    way of Switzerland, where he explored the Alps, and ascended to the top of Mont
                    Blanc; and on his return to Provence with the spoils of the countries which he
                    had visited, he arranged the interesting fruits of his journey. Whilst Lamanon
                    was preparing for the press his work on the Theory of the Earth, the French
                    government conceived the design of completing the discoveries of Captain Cook,
                    and the Academy of Sciences was charged with the selection of men qualified to
                    rectify our notions of the southern hemisphere. Condorcet therefore made choice
                    of Lamanon for advancing the progress of natural history connected with this
                    great enterprise, and he received the invitation of that philosopher with the
                    most eager transport. He set out for Paris, refused the salary offered him, took
                    leave of his friends, and went directly for Brest. The armament, under the
                    command of the justly celebrated but unfortunate La Perouse, set sail on the 1st
                    of August 1785; and having reached the island of Maouna, Lamanon went ashore
                    with the crew of two boats, where he felļ a sacrifice to the fury of the
                    savages, bravely fighting in his own defence to the last.</p>
            </div>
        </body>
    </text>
</TEI>
