<?xml version="1.0" encoding="utf-8"?><?xml-model  href="https://TU-plogan.github.io/code/odd/tei_kp1.rng" type="application/xml" schematypens="http://relaxng.org/ns/structure/1.0"?>
<TEI xml:id="kp-eb0713-4907-0268-05" xml:lang="en" xmlns="http://www.tei-c.org/ns/1.0">
    <teiHeader>
        <fileDesc>
            <titleStmt xml:id="eb07_v3.0">
                <title level="a" type="main">LHUYD, or Lhoyd</title>
                <title level="m" type="main">Encyclopaedia Britannica: A machine-readable
                    transcription</title>
                <title level="m" type="sub">7th edition, volume 13, page 268</title>
                <editor>Edited by <persName ref="https://orcid.org/0000-0003-2362-8282"
                    role="editor" xml:id="pml">Peter Melville Logan</persName></editor>
                <respStmt>
                    <orgName xml:id="kp">Nineteenth-Century Knowledge Project Staff,
                        <affiliation>Temple University</affiliation></orgName>
                    <resp>OCR transcription and data management</resp>
                </respStmt>
                <respStmt>
                    <persName ref="https://orcid.org/0000-0001-7819-5360" xml:id="jg">Jane
                        Greenberg, <affiliation>Metadata Research Center, Drexel
                        University</affiliation></persName>
                    <resp>metadata development</resp>
                </respStmt>
                <respStmt>
                    <persName xml:id="dk">Don Kretz, <affiliation>Distributed
                        Proofreading</affiliation></persName>
                    <resp>data management</resp>
                </respStmt>
                <funder><orgName ref="http://viaf.org/viaf/137796012" xml:id="neh">National
                    Endowment for the Humanities</orgName></funder>
                <funder><orgName ref="http://viaf.org/viaf/121974598" xml:id="imls">Institute of
                    Museum and Library Services</orgName></funder>
                <funder><orgName ref="http://viaf.org/viaf/127396206" xml:id="tu">Temple
                    University</orgName></funder>
                <sponsor><orgName ref="http://viaf.org/viaf/3653147665869560670009" xml:id="cci"
                    >Drexel University, College of Computing &amp; Informatics</orgName></sponsor>
            </titleStmt>
            <editionStmt>
                <edition n="3.0">Version 3.0<date when="2024">2024</date></edition>
            </editionStmt>
            <extent>464 MB; 21,116 XML files </extent>
            <publicationStmt>
                <publisher corresp="kp"><orgName corresp="kp">Nineteenth-Century Knowledge
                    Project</orgName><email>nckp@temple.edu</email><link
                    target="https://github.com/TU-plogan/KnowledgeProject"/></publisher>
                <availability status="free">
                    <p>Licensed under a Creative Commons Attribution 4.0 International License.</p>
                    <licence target="https://creativecommons.org/licenses/by/4.0/"> CC BY 4.0
                    </licence>
                </availability>
                <date when="2024">2024</date>
            </publicationStmt>
            <seriesStmt>
                <title level="s">Encyclopaedia Britannica: A machine-readable transcription</title>
                <editor corresp="pml">Peter Melville Logan</editor>
            </seriesStmt>
            <sourceDesc>
                <biblFull xml:lang="en">
                    <titleStmt>
                        <title level="m">Encyclopaedia Britannica</title>
                        <editor><persName ref="http://viaf.org/viaf/79392506" xml:id="mn">Napier,
                            Macvey, 1776-1847</persName></editor>
                    </titleStmt>
                    <editionStmt>
                        <edition>Seventh Edition</edition>
                    </editionStmt>
                    <extent><measure quantity="21" unit="vol">21 volumes</measure></extent>
                    <publicationStmt>
                        <publisher>Adam and Charles Black</publisher>
                        <pubPlace>Edinburgh</pubPlace>
                        <date from="1830" to="1842">1830-1842</date>
                    </publicationStmt>
                    <sourceDesc>
                        <bibl xml:id="NLS"><title>Seventh edition - Encyclopaedia Britannica
                            [190218838]</title><publisher><orgName
                            ref="https://digital.nls.uk/encyclopaedia-britannica/archive/190218838"
                            >National Library of Scotland</orgName></publisher><date when="2019"
                            >2019</date><idno type="DOI">https://doi.org/10.34812/cg4r-dn40</idno><availability>
                            <p>National Library of Scotland License: CC BY 4.0</p>
                            <licence target="https://creativecommons.org/licenses/by/4.0/">CC BY 4.0
                            </licence>
                            </availability></bibl>
                    </sourceDesc>
                </biblFull>
                <listBibl>
                    <head>Alternate image sources for this edition:</head>
                    <bibl xml:id="UW-HT">Hathi Trust, from print source at the University of
                        Wisconsin: vol. 9, pp. 29, 31, 32, 36, 37, 39, 41, 48, 50-55, 57, 59, 62,
                        63, 66, 67, 69-71, 76, 88; vol. 19 (all).</bibl>
                    <bibl xml:id="UCH-HT">Hathi Trust, from print source at the University of
                        Chicago: vol. 10, pp. 7-10; vols. 20, 21 (all).</bibl>
                </listBibl>
            </sourceDesc>
        </fileDesc>
        <encodingDesc>
            <editorialDecl>
                <ab><list rend="bulleted" type="basic">
                    <item>Encoding has been done using the recommendations for Level 3 of the "TEI
                        in Libraries Guidelines."</item>
                    <item>Individual entries and page-breaks are encoded, but column breaks are
                        omitted.</item>
                    <item>Print page headers and side descriptions are not included.</item>
                    <item>OCR successfully reproduced simple tables, but complex tabular data is not
                        captured dependably and the results should not be relied upon.</item>
                    <item>OCR was not able to successfully reproduce math and chemical formulas. The
                        uncorrected results remain in the text.</item>
                    <item>Some font formatting is preserved: <val>italic</val>,
                        <val>smallcaps</val>, <val>strikethrough</val>, <val>subscript</val>,
                        <val>superscript</val>, <val>underline</val>. The following print styles are
                        ignored: bold, font size, typeface.</item>
                    </list></ab>
                <correction method="markup" status="low">
                    <p>This electronic text file was created by optical character recognition (OCR).
                        Some OCR errors have been corrected.</p>
                    <p>Illegible text in the original is indicated using <gi>unclear</gi> or
                        <gi>gap</gi>, as appropriate. If corrected, the reference source is
                        indicated with <gi>supplied</gi>.</p>
                    <p>Some volumes of the print edition substituted "c" for "e" letters across
                        multiple pages. These are silently corrected.</p>
                </correction>
                <normalization method="silent">
                    <p>Original spelling is preserved. When noticed, obvious misspellings are
                        combined with the correct spelling as <gi>choice</gi> in the TEI. Ligatures
                        are reproduced as multiple letters. Original footnote and marginal note
                        sigla are replaced with sequential numbers for each entry.</p>
                </normalization>
                <punctuation marks="some">
                    <p>Extra space around punctuation marks is removed.</p>
                    <p>Ordinal numbers, such as 1st, 2ndly, etc., are inconsistently italicized in
                        the printed text; they are normalized as roman throughout.</p>
                </punctuation>
                <quotation marks="some">
                    <p>Quotation marks are retained as content in the text. Redundant open quotation
                        marks at the start of lines inside block quotes are silently removed.</p>
                </quotation>
                <hyphenation eol="hard">
                    <p>Soft hyphens are silently removed.</p>
                </hyphenation>
                <segmentation>
                    <p>The <tag>div type="entry"</tag> element divides the text into individual
                        entries.</p>
                    <p>The <tag>div type="section"</tag> and <tag>div type="subsection"</tag>
                        elements are reserved for entry subsections, but their inclusion is largely
                        aspirational.</p>
                </segmentation>
            </editorialDecl>
            <tagsDecl>
                <namespace name="http://www.tei-c.org/ns/1.0">
                    <tagUsage gi="div">Unnumbered <gi>div</gi> tags are used throughout.</tagUsage>
                </namespace>
            </tagsDecl>
            <projectDesc>
                <p>All text was encoded for the Nineteenth-Century Knowledge Project to provide a
                    machine-readable edition of the Encyclopedia Britannica to analyze using
                    machine-learning methods.</p>
                <p>Subject keywords are added to <gi>teiHeader</gi> for each entry; they were
                    generated by the HIVE2 automated vocabulary server, created by the Metadata
                    Research Center at Drexel University (<link
                    target="https://hive2.cci.drexel.edu"/>https://hive2.cci.drexel.edu).</p>
            </projectDesc>
            <samplingDecl>
                <p>This release reproduces the text matter for all entries. It does not include
                    images, front- or back-matter. It omits volume 1, which consists of
                    "Dissertations" rather than entries. The reproduction of tables and formulae is
                    unreliable. </p>
            </samplingDecl>
            <listPrefixDef>
                <prefixDef ident="fastgeo" matchPattern="(\d+)"
                    replacementPattern="http://id.worldcat.org/fast/$1">
                    <p>URIs with the prefix <code>fastgeo:</code> point to terms in the OCLC FAST
                        (Faceted Application of Subject Terminology) Geographical subject heading
                        schema derived from the Library of Congress Subject Headings (LCSH).</p>
                </prefixDef>
                <prefixDef ident="fasttopic" matchPattern="(\d+)"
                    replacementPattern="http://id.worldcat.org/fast/$1">
                    <p>URIs with the prefix <code>fasttopic:</code> point to terms in the OCLC FAST
                        (Faceted Application of Subject Terminology) Topical subject heading schema
                        derived from the Library of Congress Subject Headings (LCSH).</p>
                </prefixDef>
                <prefixDef ident="lcsh1910" matchPattern="(\w+)"
                    replacementPattern="https://n2t.net/ark:/99152/$1">
                    <p>URIs with the prefix <code>lcsh1910:</code> point to subject terms in <hi
                        rend="italic">Subject Headings Used in the Dictionary Catalogues of the
                        Library of Congress</hi>, 2 vols., Library of Congress, 1910.</p>
                </prefixDef>
                <prefixDef ident="ht" matchPattern="([\w\-\.;=\&#34;&amp;]+)"
                    replacementPattern="https://babel.hathitrust.org/cgi/pt?id=$1">
                    <p>URIs with the prefix <code>ht:</code> point to page images in the Hathi
                        Trust.</p>
                </prefixDef>
                <prefixDef ident="ia" matchPattern="(\w+)"
                    replacementPattern="https://archive.org/details/$1">
                    <p>URIs with the prefix <code>ia:</code> point to page images in the Internet
                        Archive.</p>
                </prefixDef>
                <prefixDef ident="nls" matchPattern="([\w?\=]+)"
                    replacementPattern="https://digital.nls.uk/encyclopaedia-britannica/archive/$1">
                    <p>URIs with the prefix <code>nls:</code> point to page images in the National
                        Library of Scotland.</p>
                </prefixDef>
            </listPrefixDef>
        </encodingDesc>
        <profileDesc>
            <textClass default="false">
                <keywords scheme="http://id.worldcat.org/fast/">
                    <term n="3" ref="fasttopic:910709">English</term>
                    <term n="3" ref="fasttopic:978902">Irish</term>
                    <term n="2" ref="fasttopic:1173757">Welsh</term>
                    <term n="2" ref="fasttopic:839044">British</term>
                    <term n="3" ref="fasttopic:1030128">Museums</term>
                    <term n="3" ref="fasttopic:795344">Accountants</term>
                    <term n="3" ref="fasttopic:795379">Accounting</term>
                    <term n="3" ref="fasttopic:795510">Accounts</term>
                </keywords>
                <keywords scheme="http://id.worldcat.org/fast/">
                    <term n="6" ref="fastgeo:1207649">Wales</term>
                    <term n="3" ref="fastgeo:1206715">Scotland</term>
                    <term n="2" ref="fastgeo:1205427">Ireland</term>
                </keywords>
                <keywords scheme="https://id.cci.drexel.edu/">
                    <term n="2" ref="lcsh1910:b4028pk7k">Museums</term>
                    <term n="3" ref="lcsh1910:b4k649s3x">Accountants</term>
                    <term n="3" ref="lcsh1910:b4ff3kz95">Accounting</term>
                    <term n="3" ref="lcsh1910:b4tt4fz4p">Irish</term>
                    <term n="1" ref="lcsh1910:b45h7bt4s">Manuscripts</term>
                    <term n="2" ref="lcsh1910:b4vx06c7f">Welsh</term>
                    <term n="1" ref="lcsh1910:b4z892m1t">Celtic</term>
                </keywords>
            </textClass>
        </profileDesc>
        <revisionDesc status="published">
            <listChange>
                <change n="3.0" status="public" when="2024-12-06" who="#pml">v3.0. Includes
                    significant corrections to the OCR text, predominantly in cases of confusing "c"
                    and "e." Isolates 90 entries that were mistakenly included at the end of prior
                    entries in v1 and v2. Normalizes ordinal numbers. Separates metadata in
                    <gi>teiHeader</gi> into two separate facets: FAST Topical and FAST Geographical.
                    Moves commas following <gi>pb</gi> in the text to preceding it and removes extra
                    space around the <gi>pb</gi> tag. Where a word is hyphenated at a <gi>pb</gi>,
                    the end fragment is now joined to the start fragment, making a machine-readable
                    word.</change>
                <change n="2.0" status="public" when="2023-10-11" who="#pml">v2.0. Isolates 42
                    entries that were mistakenly included at the end of prior entries in v1. Removes
                    <att>xml:id</att> from the <gi>div</gi> for the entry and adds it to the
                    <gi>TEI</gi> tag. Adds schema link to all files.</change>
                <change n="1.0" status="public" when="2022-11-28" who="#pml">v1.0. Initial
                    release.</change>
            </listChange>
        </revisionDesc>
    </teiHeader>
    <text>
        <body>
            <div facs="nls:193204907" type="entry">
                <p><label type="entry">LHUYD, or <hi rend="smallcaps">Lhoyd</hi></label>, <hi
                    rend="italic">Humphrey,</hi> a learned antiquary of the sixteenth century, born
                    at Denbigh. He applied himself to the study of physic, and, living mostly within
                    the walls of Denbigh Castle, practised there as a physician, and died in 1570,
                    with the character of a well-bred gentleman. He wrote and translated several
                    pieces relative to history and antiquities, particularly the History of Cambria,
                    or Wales, from Caradoc of Langcarvan, which however, he did not live to finish;
                    but Sir Henry Sidney, lord-president of Wales, employed Dr David Powel to
                    complete it, and by him it was published in 1584. A new and improved edition of
                    this work was published in 1774.</p>
                <p><hi rend="smallcaps">Lhuyd,</hi><hi rend="italic">Edward,</hi> keeper of the
                    museum at Oxford, was a native of South Wales, and the son of Mr Charles Lhuyd
                    of Lhanvorde. He was educated at Jesus College, Oxford, where he was created
                    master of arts in July 1701, He was bred under Dr Plot, whom he succeeded as
                    keeper of the Ashmolean Museum, and had the use of all Vaughan’s collection.
                    With incessant labour and great exactness he employed a considerable part of his
                    life in searching into the Welsh antiquities, and perused or collected a great
                    deal of ancient and valuable matter from their manuscripts; transcribed all the
                    old charters of the monasteries that he could meet with; travelled several times
                    over Wales, Cornwall, Scotland, Ireland, and Armorica (Bretagne), countries
                    inhabited by the same people; compared their antiquities, and made observations
                    on the whole. But he died in July 1709, before he had digested them into the
                    form of a treatise, as he intended, on the ancient inhabitants of this island.
                    The untimely death of this excellent antiquary prevented the completion of many
                    admirable designs. For want of proper encouragement, he .did very little towards
                    illustrating the British bards, having seen but one of those of the sixth
                    century, and not being able to procure access to two of the principal libraries
                    in the country. He communicated many observations to Bishop Gibson, whose
                    edition of the <hi rend="italic">13ritannia</hi> he revised; and he published
                    <hi rend="italic">Archoeologia Britannica,</hi> giving some further account of
                    the language, history, and customs of the original inhabitants of Great Britain,
                    from collections and observations made in travels through Wales, Cornwall,
                    Bretagne, Ireland, and Scotland. He left in manuscript a Scottish or
                    Irish-English Dictionary, proposed to be published in 1732 by subscription, by
                    Mr David Malcolm, a minister of the church of Scotland, with additions; as also
                    the Elements of the same Language, with necessary and useful information, for
                    propagating more effectually the English language, and for promoting the
                    knowledge of the ancient Scottish or Irish, besides many branches of useful and
                    curious learning. Lhuyd, at the end of his preface to the <hi rend="italic"
                    >Archoeologia,</hi> promises an historical dictionary of British persons and
                    places mentioned in ancient records; and it seems to have been ready for press,
                    though he could not fix the time of publication. His collections for a second
                    volume, which was to give an account of the antiquities, monuments, and remains,
                    in the principality of Wales, were numerous and well chosen; but, on account of
                    a quarrel between him and Dr Wynne, then fellow, and afterwards principal, of
                    the college, and bishop of St Asaph, he refused to buy them, and they were
                    purchased by Sir Thomas Sebright of Beachwood, in Hertfordshire. They consist of
                    about forty volumes in folio, ten in quarto, and above a hundred of smaller
                    size, all relating to Irish or Welsh antiquities, and chiefly in those
                    languages. Carte made extracts from them about 1736; but these were chiefly
                    historical. Sir John Sebright gave to Mr Pennant twenty-three of Lhuyd’s
                    manuscripts, in Latin and English. Many of his letters to Lister, and other
                    learned contemporaries, were presented by Dr Fothergill to the University of
                    Oxford, and are now in the Ashmolean Museum. Lhuyd undertook <pb break="no"
                    facs="nls:193204920" xml:id="kp-eb0713-4920-0269"/>more for illustrating the
                    Celtic part of the kingdom than any man besides ever attempted.</p>
            </div>
        </body>
    </text>
</TEI>
