<?xml version="1.0" encoding="utf-8"?><?xml-model  href="https://TU-plogan.github.io/code/odd/tei_kp1.rng" type="application/xml" schematypens="http://relaxng.org/ns/structure/1.0"?>
<TEI xmlns="http://www.tei-c.org/ns/1.0" xml:id="kp-eb0914-0027-0018-02" xml:lang="en">
    <teiHeader>
        <fileDesc>
            <titleStmt xml:id="eb07_v1.0">
                <title level="a" type="main">KAVA (9th edition, volume 14, page 18)</title>
                <title level="m" type="main">Encyclopaedia Britannica, 9th edition</title>
                <title level="m" type="sub">A machine-readable transcription</title>
                <editor>Edited by <persName ref="https://orcid.org/0000-0003-2362-8282"
                        role="editor" xml:id="pml">Peter Melville Logan</persName></editor>
                <respStmt>
                    <orgName xml:id="kp">Nineteenth-Century Knowledge Project Staff,
                            <affiliation>Temple University</affiliation></orgName>
                    <resp>OCR transcription and data management</resp>
                </respStmt>
                <respStmt>
                    <persName ref="https://orcid.org/0000-0001-7819-5360" xml:id="jg">Jane
                        Greenberg, <affiliation>Metadata Research Center, Drexel
                            University</affiliation></persName>
                    <resp>metadata development</resp>
                </respStmt>
                <respStmt>
                    <persName xml:id="dk">Don Kretz, <affiliation>Distributed
                            Proofreading</affiliation></persName>
                    <resp>data management</resp>
                </respStmt>
                <funder><orgName ref="http://viaf.org/viaf/137796012" xml:id="neh">National
                        Endowment for the Humanities</orgName></funder>
                <funder><orgName ref="http://viaf.org/viaf/121974598" xml:id="imls">Institute of
                        Museum and Library Services</orgName></funder>
                <funder><orgName ref="http://viaf.org/viaf/127396206" xml:id="tu">Temple
                        University</orgName></funder>
                <sponsor><orgName ref="http://viaf.org/viaf/3653147665869560670009" xml:id="cci"
                        >Drexel University, College of Computing &amp;
                    Informatics</orgName></sponsor>
            </titleStmt>
            <editionStmt>
                <edition n="1.0">Version 1.0, initial release <date when="2023"
                    >2023</date></edition>
            </editionStmt>
            <extent>387 MB; 17,772 XML files in 47 folders </extent>
            <publicationStmt>
                <publisher corresp="kp"><orgName corresp="kp">Nineteenth-Century Knowledge
                        Project</orgName><email>nckp@temple.edu</email><link
                        target="https://tu-plogan.github.io/index.html"/></publisher>
                <availability status="free">
                    <p>Licensed under a Creative Commons Attribution 4.0 International License.</p>
                    <licence target="https://creativecommons.org/licenses/by/4.0/"> CC BY 4.0
                    </licence>
                </availability>
                <date when="2020">2023</date>
            </publicationStmt>
            <seriesStmt>
                <title level="s">Encyclopaedia Britannica: A machine-readable text
                    transcription</title>
                <editor corresp="pml">Peter Melville Logan</editor>
            </seriesStmt>
            <sourceDesc>
                <biblFull xml:lang="en">
                    <titleStmt>
                        <title level="m">Encyclopaedia Britannica</title>
                        <editor><persName ref="http://viaf.org/viaf/12465694" xml:id="mn">Baynes, T.
                                Spencer (Thomas Spencer), <date from="1823" to="1887"
                                    >1823-1887</date></persName></editor>
                    </titleStmt>
                    <editionStmt>
                        <edition>Ninth Edition</edition>
                    </editionStmt>
                    <extent><measure quantity="25" unit="vol">25 volumes</measure></extent>
                    <publicationStmt>
                        <publisher>Charles Scribner's Sons</publisher>
                        <authority>Authorized reprint from Edinburgh plates</authority>
                        <pubPlace>New York</pubPlace>
                        <date from="1875" to="1889">1875-1889</date>
                    </publicationStmt>
                    <sourceDesc>
                        <bibl xml:id="ia-uc"><title>Encyclopaedia Britannica: a dictionary of arts,
                                sciences, and general literature</title><publisher><orgName
                                    ref="https://archive.org/">Internet Archive</orgName><orgName
                                    ref="https://archive.org/details/cdl">University of California
                                    Libraries, California Digital Library</orgName></publisher><date
                                when="2019">2006</date><idno type="OCLC">592355607</idno><idno
                                type="ark">13960/t0ks6j612</idno><availability>
                                <p>Internet Archive: NOT_IN_COPYRIGHT</p>
                            </availability></bibl>
                    </sourceDesc>
                </biblFull>
                <listBibl>
                    <head>Alternate image sources for this edition:</head>
                    <desc>Alternate images of the same print editions were substituted when the
                        primary source had unusable images for those pages.</desc>
                    <bibl xml:id="um-ht">Hathi Trust, from print source at the University of
                        Michigan: vol. 14, pp. 34-35; vol. 15, pp. 170-171.</bibl>
                </listBibl>
            </sourceDesc>
        </fileDesc>
        <encodingDesc>
            <editorialDecl>
                <correction method="markup" status="low">
                    <p>This electronic text file was created by optical character recognition (OCR).
                        OCR errors have not been corrected.</p>
                    <p>Illegible text in the original is indicated using <gi>unclear</gi> or
                            <gi>gap</gi>, as appropriate. If corrected, the reference source is
                        indicated with <gi>supplied</gi>.</p>
                </correction>
                <normalization method="silent">
                    <p>Original spelling is preserved. When noticed, obvious misspellings are
                        combined with the correct spelling as <gi>choice</gi> in the TEI. Ligatures
                        are reproduced as multiple letters. Original footnote and marginal note
                        sigla are replaced with sequential numbers for each entry.</p>
                </normalization>
                <punctuation marks="some">
                    <p>Extra space around punctuation marks is removed.</p>
                </punctuation>
                <quotation marks="some">
                    <p>Quotation marks are retained as content in the text. Redundant open quotation
                        marks at the start of lines inside block quotes are silently removed.</p>
                </quotation>
                <hyphenation eol="hard">
                    <p>Soft hyphens are removed silently.</p>
                </hyphenation>
                <segmentation>
                    <p>The <tag>div type="entry"</tag> element divides the text into individual
                        entries.</p>
                    <p>The <tag>div type="section"</tag> and <tag>div type="subsection"</tag>
                        elements are reserved for future entry subsections.</p>
                </segmentation>
                <ab><list>
                        <item>Encoding uses the recommendations for Level 3 of the TEI in Libraries
                            Guidelines.</item>
                        <item>Individual entries and page-breaks are encoded, but column breaks are
                            omitted.</item>
                        <item>Running headers and side descriptions are not included.</item>
                        <item>Some font formatting is preserved: italic, small caps, strike-through,
                            subscript, superscript, underline. The following formatting is ignored:
                            bold, font size, typeface.</item>
                    </list></ab>
            </editorialDecl>
            <tagsDecl>
                <namespace name="http://www.tei-c.org/ns/1.0">
                    <tagUsage gi="div">Unnumbered divs used.</tagUsage>
                </namespace>
            </tagsDecl>
            <projectDesc>
                <p>All text was encoded for the Nineteenth-Century Knowledge Project to provide a
                    machine-readable edition of the Encyclopedia Britannica to analyze.</p>
                <p>Subject-level metadata was added to each entry using the HIVE automated
                    vocabulary server created by the Metadata Research Center at Drexel University
                        (<link target="https://hive2.cci.drexel.edu"
                    />https://hive2.cci.drexel.edu).</p>
            </projectDesc>
            <samplingDecl>
                <p>The first release is a reproduction of text matter for all entries. It does not
                    include images, tables, formulae, front- or back-matter. It omits volume 1,
                    which consists of "Dissertations" rather than entries.</p>
            </samplingDecl>
            <listPrefixDef>
                <prefixDef ident="fast" matchPattern="(\d+)"
                    replacementPattern="http://id.worldcat.org/fast/$1">
                    <p>URIs with the prefix <code>fast:</code> point to terms in the OCLC FAST
                        (Faceted Application of Subject Terminology) subject heading schema derived
                        from the Library of Congress Subject Headings (LCSH).</p>
                </prefixDef>
                <prefixDef ident="lcsh1910" matchPattern="(\w+)"
                    replacementPattern="https://n2t.net/ark:/99152/$1">
                    <p>URIs with the prefix <code>lcsh1910:</code> point to subject terms in the
                        volume <hi rend="italic">Subject Headings Used in the Dictionary Catalogues
                            of the Library of Congress</hi>, 7 vols., Library of Congress, 1910.</p>
                </prefixDef>
                <prefixDef ident="ht" matchPattern="([\w\-\.;=\&#34;&amp;]+)"
                    replacementPattern="https://babel.hathitrust.org/cgi/pt?id=$1">
                    <p>URIs with the prefix <code>ht:</code> point to page images in the Hathi
                        Trust.</p>
                </prefixDef>
                <prefixDef ident="ia" matchPattern="(\w+)"
                    replacementPattern="https://archive.org/details/$1">
                    <p>URIs with the prefix <code>ia:</code> point to page images in the Internet
                        Archive.</p>
                </prefixDef>
                <prefixDef ident="nls" matchPattern="([\w?\=]+)"
                    replacementPattern="https://digital.nls.uk/encyclopaedia-britannica/archive/$1">
                    <p>URIs with the prefix <code>nls:</code> point to page images in the National
                        Library of Scotland.</p>
                </prefixDef>
            </listPrefixDef>
        </encodingDesc>
        <profileDesc>
            <textClass>
                <keywords scheme="http://id.worldcat.org/fast/">
                    <term ref="fast:999671">Liquidation</term>
                    <term ref="fast:999687">Liquids</term>
                    <term ref="fast:1171139">Water</term>
                    <term ref="fast:1124682">Soils</term>
                    <term ref="fast:1145710">Teeth</term>
                    <term ref="fast:916820">Europeans</term>
                    <term ref="fast:1100116">Romans</term>
                    <term ref="fast:1054286">Pashas</term>
                    <term ref="fast:1151043">Time</term>
                    <term ref="fast:946934">Gray</term>
                </keywords>
                <keywords scheme="https://id.cci.drexel.edu/">
                    <term ref="lcsh1910:b42v2c962">Time</term>
                    <term ref="lcsh1910:b4zk55q5x">Liquids</term>
                    <term ref="lcsh1910:b4c24qq7p">Drinks</term>
                    <term ref="lcsh1910:b4513v11w">Water</term>
                    <term ref="lcsh1910:b4hq3s746">Towns</term>
                    <term ref="lcsh1910:b4028pc5x">Soils</term>
                </keywords>
                <keywords scheme="http://id.worldcat.org/fast/">
                    <term ref="fast:1208479">Fiji</term>
                    <term ref="fast:1208724">Hawaii</term>
                    <term ref="fast:1208963">Turkey</term>
                    <term ref="fast:1208755">Egypt</term>
                </keywords>
            </textClass>
        </profileDesc>
        <revisionDesc status="published">
            <change status="public" when="2023-02-28" who="#pml">v.1 published</change>
            <change status="public" when="2023-02-27" who="#pml">v.1 teiHeader XSL finished</change>
        </revisionDesc>
    </teiHeader>
    <text>
        <body>
            <div facs="ia:encyclopediabrit14newyrich/page/n27/mode/1up" type="entry">
                <p><label type="entry">KAVA</label>, an intoxicating drink used in the islands of
                    the South Pacific from the Sandwich Islands to Fiji. In Hawaii it is called
                    “kawa”; in the Marquesas “kava kava”; “ava,” “ava-ava,” and “evava” in Tahiti;
                    and in Fiji “yaquona.” It is made from the roots or leaves of <hi rend="italic"
                        >Piper methysticum,</hi> Miq,, a species of pepper indigenous in these
                    islands; several varieties are also cultivated by the natives, those growing in
                    a dry soil being considered to be the most active.. To prepare the liquid the
                    fresh roots or leaves, after being chewed by young girls or boys, with good
                    teeth, clean mouths, and free from colds, are placed in a large wooden bowl
                    (“umete”) on three legs made of the wood of the vesi <hi rend="italic"
                        >(Afzelia</hi><hi rend="italic">bijuga,</hi> Gray), and water or cocoa-nut
                    milk poured over the mass. The liquid is then stirred up, and the woody matter
                    of the root is removed by repeatedly drawing through the infusion long fibres
                    prepared by crushing the green stems of the vau <hi rend="italic"
                        >{Hibiscus,</hi> sp.), and passing them frequently between two pieces of
                    wood. By this means a muddy-looking liquid resembling <hi rend="italic">café au
                        lait</hi> in appearance, or of a greenish hue if made from the leaves, is
                    left in the bowl, a quantity of faecula remaining suspended in the fluid. The
                    drink is then distributed into cups made of plantain leaves, by dipping some of
                    the vau fibre into it and squeezing the liquid into the cups, which are handed
                    to the individuals present. As the process of infusion only takes about twenty
                    minutes, it is obvious that no fermentation can take place. The taste of the
                    liquid is at first sweet and then pungent and acrid. The usual dose is half a
                    cupful, equal to about two mouthfuls of the root Intoxication follows in about
                    twenty minutes, or immediately if twice the usual quantity be taken.</p>
                <p>The drunkenness produced by kava differs from that of alcohol in being of a
                    melancholy, silent, and drowsy character, accompanied, if the drink be made from
                    roots growing in a damp soil, with great irritability at the slightest noise.
                    The fit lasts for about two hours, but in persons who only take it occasionally
                    it may continue for six or twelve hours. At Nukahiva kava is said to be used as
                    a daily beverage, probably in small quantities,—its use, however, being
                    forbidden to women and children. In many of the Pacific islands kava is given at
                    official receptions, being the offered and accepted token of hospitality.
                    Formerly the drinking of it preceded warlike enterprises and religious
                    festivals.</p>
                <p>The daily use of the drug is sometimes followed by a kind of skin disease, called
                    in Tahiti “arevareva.” The effect on those who are addicted to the use of kava
                    for any length of time is to produce obscurity of vision, red conjunctiva, and
                    yellow coloration of the teeth, while the skin where thick becomes dry, scaly,
                    cracked, and ulcerated, and the body becomes emaciated and decrepit. In Nukahiva
                    it is given as a medicine in phthisis and in bronchitis, a small dose being
                    taken before going to bed.</p>
                <p>Mr Collie, surgeon to the ship “Blossom,” states that he observed the infusion of
                    the root to be useful in certain skin diseases (Beachy, <hi rend="italic">Voyage
                        of the “Blossom,”</hi> vol. ii. p. 120). Some years ago it was introduced
                    into France as a remedy for various diseases of the mucous membranes <hi
                        rend="italic">{Annal.</hi><hi rend="italic">de Therap.,</hi> 1857, p. 61),
                    and it has also been recommended in gout <hi rend="italic">{Med. Times and
                        Gazette,</hi> 1856, p. 591).</p>
                <p>The root contains an essential oil of a yellow colour and agreeable odour, 2 per
                    cent, of a balsamic resin called kawin, and about 49 per cent, of starch, also a
                    neutral crystalline principle discovered in 1844 by Mr J. R. N. Morson, and
                    called <hi rend="italic">kavahiηe,</hi> or by Gobley <hi rend="italic"
                        >methysticin.</hi> It is readily soluble in boiling alcohol, crystallizing
                    out on cooling. Hydrochloric acid colours it red, this colour changing to yellow
                    on exposure on the air; concentrated sulphuric acid changes it to a rich purple
                    violet, which on exposure to the air gradually becomes green, or immediately if
                    diluted with water. These tests distinguish it from cubebin and piperin.</p>
                <p>See <hi rend="italic">Phαrm. Jοurη,,</hi> (1) iii. 474, (2) iv. 85, (2) ix. 219,
                    (3) vii. 149; <hi rend="italic">Comptes Rendus,</hi> 1. 436, 598, lii. 206; and
                        <hi rend="italic">Jowrn. de Pharm.,</hi> 1860, p. 20, and 1862, p. 218;
                    Seemann, <hi rend="italic">Flora ViUensis,</hi> p. 260.</p>
                <p>K AVAL A, or <hi rend="smallcaps">Cavallo,</hi> a walled town of European Turkey
                    in the vilayet of Saloniki, situated on a promontory stretching southwards into
                    the bay of Kavala, opposite the island of Thaso. Numerous Roman remains have
                    been found in the neighbourhood, of which the chief is the large aqueduct on two
                    tiers of arches, which still serves to supply the town and dilapidated citadel
                    with water from Mount Pangeus. Kavala has a port on each side of its promontory,
                    and exports cotton and tobacco. The Turkish college <pb break="no"
                        facs="ia:encyclopediabrit14newyrich/page/n28/mode/1up"
                        xml:id="kp-eb0914-0028-0019"/> was founded by Mehemet Ali, pasha of Egypt,
                    who was born in the town in 1769. The population is about 5000.</p>
                <p>Kavala has been identified with Neapolis, at which St Paul landed on his way from
                    Samothrace to Philippi, 10 miles to the north (Acts xvi. 11). Neapolis was the
                    port of Philippi, as Kavala now is of Seres; and in the bay on which it stands
                    the fleet of Brutus and Cassius was moored during the battle of Philippi. Some
                    authorities identify Neapolis with Datum (∆ατov), mentioned by Herodotus as
                    famous for its gold mines.</p>
            </div>
        </body>
    </text>
</TEI>
