<?xml version="1.0" encoding="utf-8"?><?xml-model  href="https://TU-plogan.github.io/code/odd/tei_kp1.rng" type="application/xml" schematypens="http://relaxng.org/ns/structure/1.0"?>
<TEI xmlns="http://www.tei-c.org/ns/1.0" xml:id="kp-eb0914-0060-0049-04" xml:lang="en">
    <teiHeader>
        <fileDesc>
            <titleStmt xml:id="eb07_v1.0">
                <title level="a" type="main">KERMES (9th edition, volume 14, page 49)</title>
                <title level="m" type="main">Encyclopaedia Britannica, 9th edition</title>
                <title level="m" type="sub">A machine-readable transcription</title>
                <editor>Edited by <persName ref="https://orcid.org/0000-0003-2362-8282"
                        role="editor" xml:id="pml">Peter Melville Logan</persName></editor>
                <respStmt>
                    <orgName xml:id="kp">Nineteenth-Century Knowledge Project Staff,
                            <affiliation>Temple University</affiliation></orgName>
                    <resp>OCR transcription and data management</resp>
                </respStmt>
                <respStmt>
                    <persName ref="https://orcid.org/0000-0001-7819-5360" xml:id="jg">Jane
                        Greenberg, <affiliation>Metadata Research Center, Drexel
                            University</affiliation></persName>
                    <resp>metadata development</resp>
                </respStmt>
                <respStmt>
                    <persName xml:id="dk">Don Kretz, <affiliation>Distributed
                            Proofreading</affiliation></persName>
                    <resp>data management</resp>
                </respStmt>
                <funder><orgName ref="http://viaf.org/viaf/137796012" xml:id="neh">National
                        Endowment for the Humanities</orgName></funder>
                <funder><orgName ref="http://viaf.org/viaf/121974598" xml:id="imls">Institute of
                        Museum and Library Services</orgName></funder>
                <funder><orgName ref="http://viaf.org/viaf/127396206" xml:id="tu">Temple
                        University</orgName></funder>
                <sponsor><orgName ref="http://viaf.org/viaf/3653147665869560670009" xml:id="cci"
                        >Drexel University, College of Computing &amp;
                    Informatics</orgName></sponsor>
            </titleStmt>
            <editionStmt>
                <edition n="1.0">Version 1.0, initial release <date when="2023"
                    >2023</date></edition>
            </editionStmt>
            <extent>387 MB; 17,772 XML files in 47 folders </extent>
            <publicationStmt>
                <publisher corresp="kp"><orgName corresp="kp">Nineteenth-Century Knowledge
                        Project</orgName><email>nckp@temple.edu</email><link
                        target="https://tu-plogan.github.io/index.html"/></publisher>
                <availability status="free">
                    <p>Licensed under a Creative Commons Attribution 4.0 International License.</p>
                    <licence target="https://creativecommons.org/licenses/by/4.0/"> CC BY 4.0
                    </licence>
                </availability>
                <date when="2020">2023</date>
            </publicationStmt>
            <seriesStmt>
                <title level="s">Encyclopaedia Britannica: A machine-readable text
                    transcription</title>
                <editor corresp="pml">Peter Melville Logan</editor>
            </seriesStmt>
            <sourceDesc>
                <biblFull xml:lang="en">
                    <titleStmt>
                        <title level="m">Encyclopaedia Britannica</title>
                        <editor><persName ref="http://viaf.org/viaf/12465694" xml:id="mn">Baynes, T.
                                Spencer (Thomas Spencer), <date from="1823" to="1887"
                                    >1823-1887</date></persName></editor>
                    </titleStmt>
                    <editionStmt>
                        <edition>Ninth Edition</edition>
                    </editionStmt>
                    <extent><measure quantity="25" unit="vol">25 volumes</measure></extent>
                    <publicationStmt>
                        <publisher>Charles Scribner's Sons</publisher>
                        <authority>Authorized reprint from Edinburgh plates</authority>
                        <pubPlace>New York</pubPlace>
                        <date from="1875" to="1889">1875-1889</date>
                    </publicationStmt>
                    <sourceDesc>
                        <bibl xml:id="ia-uc"><title>Encyclopaedia Britannica: a dictionary of arts,
                                sciences, and general literature</title><publisher><orgName
                                    ref="https://archive.org/">Internet Archive</orgName><orgName
                                    ref="https://archive.org/details/cdl">University of California
                                    Libraries, California Digital Library</orgName></publisher><date
                                when="2019">2006</date><idno type="OCLC">592355607</idno><idno
                                type="ark">13960/t0ks6j612</idno><availability>
                                <p>Internet Archive: NOT_IN_COPYRIGHT</p>
                            </availability></bibl>
                    </sourceDesc>
                </biblFull>
                <listBibl>
                    <head>Alternate image sources for this edition:</head>
                    <desc>Alternate images of the same print editions were substituted when the
                        primary source had unusable images for those pages.</desc>
                    <bibl xml:id="um-ht">Hathi Trust, from print source at the University of
                        Michigan: vol. 14, pp. 34-35; vol. 15, pp. 170-171.</bibl>
                </listBibl>
            </sourceDesc>
        </fileDesc>
        <encodingDesc>
            <editorialDecl>
                <correction method="markup" status="low">
                    <p>This electronic text file was created by optical character recognition (OCR).
                        OCR errors have not been corrected.</p>
                    <p>Illegible text in the original is indicated using <gi>unclear</gi> or
                            <gi>gap</gi>, as appropriate. If corrected, the reference source is
                        indicated with <gi>supplied</gi>.</p>
                </correction>
                <normalization method="silent">
                    <p>Original spelling is preserved. When noticed, obvious misspellings are
                        combined with the correct spelling as <gi>choice</gi> in the TEI. Ligatures
                        are reproduced as multiple letters. Original footnote and marginal note
                        sigla are replaced with sequential numbers for each entry.</p>
                </normalization>
                <punctuation marks="some">
                    <p>Extra space around punctuation marks is removed.</p>
                </punctuation>
                <quotation marks="some">
                    <p>Quotation marks are retained as content in the text. Redundant open quotation
                        marks at the start of lines inside block quotes are silently removed.</p>
                </quotation>
                <hyphenation eol="hard">
                    <p>Soft hyphens are removed silently.</p>
                </hyphenation>
                <segmentation>
                    <p>The <tag>div type="entry"</tag> element divides the text into individual
                        entries.</p>
                    <p>The <tag>div type="section"</tag> and <tag>div type="subsection"</tag>
                        elements are reserved for future entry subsections.</p>
                </segmentation>
                <ab><list>
                        <item>Encoding uses the recommendations for Level 3 of the TEI in Libraries
                            Guidelines.</item>
                        <item>Individual entries and page-breaks are encoded, but column breaks are
                            omitted.</item>
                        <item>Running headers and side descriptions are not included.</item>
                        <item>Some font formatting is preserved: italic, small caps, strike-through,
                            subscript, superscript, underline. The following formatting is ignored:
                            bold, font size, typeface.</item>
                    </list></ab>
            </editorialDecl>
            <tagsDecl>
                <namespace name="http://www.tei-c.org/ns/1.0">
                    <tagUsage gi="div">Unnumbered divs used.</tagUsage>
                </namespace>
            </tagsDecl>
            <projectDesc>
                <p>All text was encoded for the Nineteenth-Century Knowledge Project to provide a
                    machine-readable edition of the Encyclopedia Britannica to analyze.</p>
                <p>Subject-level metadata was added to each entry using the HIVE automated
                    vocabulary server created by the Metadata Research Center at Drexel University
                        (<link target="https://hive2.cci.drexel.edu"
                    />https://hive2.cci.drexel.edu).</p>
            </projectDesc>
            <samplingDecl>
                <p>The first release is a reproduction of text matter for all entries. It does not
                    include images, tables, formulae, front- or back-matter. It omits volume 1,
                    which consists of "Dissertations" rather than entries.</p>
            </samplingDecl>
            <listPrefixDef>
                <prefixDef ident="fast" matchPattern="(\d+)"
                    replacementPattern="http://id.worldcat.org/fast/$1">
                    <p>URIs with the prefix <code>fast:</code> point to terms in the OCLC FAST
                        (Faceted Application of Subject Terminology) subject heading schema derived
                        from the Library of Congress Subject Headings (LCSH).</p>
                </prefixDef>
                <prefixDef ident="lcsh1910" matchPattern="(\w+)"
                    replacementPattern="https://n2t.net/ark:/99152/$1">
                    <p>URIs with the prefix <code>lcsh1910:</code> point to subject terms in the
                        volume <hi rend="italic">Subject Headings Used in the Dictionary Catalogues
                            of the Library of Congress</hi>, 7 vols., Library of Congress, 1910.</p>
                </prefixDef>
                <prefixDef ident="ht" matchPattern="([\w\-\.;=\&#34;&amp;]+)"
                    replacementPattern="https://babel.hathitrust.org/cgi/pt?id=$1">
                    <p>URIs with the prefix <code>ht:</code> point to page images in the Hathi
                        Trust.</p>
                </prefixDef>
                <prefixDef ident="ia" matchPattern="(\w+)"
                    replacementPattern="https://archive.org/details/$1">
                    <p>URIs with the prefix <code>ia:</code> point to page images in the Internet
                        Archive.</p>
                </prefixDef>
                <prefixDef ident="nls" matchPattern="([\w?\=]+)"
                    replacementPattern="https://digital.nls.uk/encyclopaedia-britannica/archive/$1">
                    <p>URIs with the prefix <code>nls:</code> point to page images in the National
                        Library of Scotland.</p>
                </prefixDef>
            </listPrefixDef>
        </encodingDesc>
        <profileDesc>
            <textClass>
                <keywords scheme="http://id.worldcat.org/fast/">
                    <term ref="fast:1204303">Spain</term>
                </keywords>
                <keywords scheme="http://id.worldcat.org/fast/">
                    <term ref="fast:974074">Insects</term>
                    <term ref="fast:828732">Baths</term>
                    <term ref="fast:1065823">Plants</term>
                    <term ref="fast:946112">Graining</term>
                    <term ref="fast:945891">Grain</term>
                    <term ref="fast:1100116">Romans</term>
                </keywords>
                <keywords scheme="https://id.cci.drexel.edu/">
                    <term ref="lcsh1910:b4sq8qh88">Insects</term>
                    <term ref="lcsh1910:b4ms3k224">Baths</term>
                    <term ref="lcsh1910:b4d50g08p">Groups</term>
                    <term ref="lcsh1910:b4vd6pc2x">Planting</term>
                    <term ref="lcsh1910:b47d2q79t">Plants</term>
                </keywords>
            </textClass>
        </profileDesc>
        <revisionDesc status="published">
            <change status="public" when="2023-02-28" who="#pml">v.1 published</change>
            <change status="public" when="2023-02-27" who="#pml">v.1 teiHeader XSL finished</change>
        </revisionDesc>
    </teiHeader>
    <text>
        <body>
            <div facs="ia:encyclopediabrit14newyrich/page/n60/mode/1up" type="entry">
                <p><label type="entry">KERMES</label> (Arabic, <hi rend="italic">kirmis),</hi> a
                    crimson dye, now superseded by cochineal, obtained from <hi rend="italic"
                        >Coccus</hi><hi rend="italic">ilicis,</hi> L. <hi rend="italic">(Coccus
                        vermilio,</hi> G. Planchon), an hemipterous insect found in Spain, Italy,
                    the south of Trance, and other parts of the Mediterranean region, feeding on <hi
                        rend="italic">Quercus</hi><hi rend="italic">cocctfera,</hi> a small shrub
                    from 2 to 5 feet high. The discovery of the animal nature of kermes is due to
                    Eméric, Garidel, and Cestoni. Until the year 1714 it was thought to be a gall or
                    excrescence.</p>
                <p>Like other members of the group to which it belongs, the female kermes insect is
                    wingless, and furnished with a beak or sucker attached to its breast, by which
                    it fixes itself immovably on its food plant, and through which it draws its
                    nourishment. The male insect is unknown, two insects mistaken for it being,
                    according to Planchon, parasitic hymenoptera of the chalcidian group, living in
                    the kermes grains. In the month of May, when full grown, the insects are
                    globose, 6 to 7 millim. in diameter, of a reddish-brown colour, and covered with
                    an ash-coloured powder. They are found attached to the twigs or buds by a
                    circular lower surface 2 millim. in diameter, and surrounded by a narrow zone of
                    white cottony down. At this time there are concealed under a cavity, formed by
                    the approach of the abdominal wall of the insect to the dorsal one, thousands of
                    eggs of a lively red colour, and smaller than poppy seed, which are protruded
                    and ranged regularly beneath the insect. At the end of May or the beginning of
                    June the young escape by a small orifice, near the point of attachment of the
                    parent. They are then of a fine red colour, elliptic and convex in shape, but
                    rounded at the two extremities, and bear two threads half as long as their body
                    at their posterior extremity. At this period they are extremely active, and
                    swarm with extraordinary rapidity all over the food plant, and in the course of
                    two or three days attach themselves to fissures in the bark or buds, but rarely
                    to the leaves. In warm and dry summers the insects breed again in the months of
                    August and September, according to Eméric, and then they are more frequently
                    found attached to the leaves. Usually, however, they remain immovable and
                    apparently unaltered until the end of the succeeding March, when their bodies
                    become gradually distended and lose all trace of abdominal rings. They then
                    appear full of a reddish juice resembling discoloured blood. In this state, or
                    when the eggs are ready to be extruded, the insects are collected. In some cases
                    the insects from which the young are ready to escape are dried in the sun on
                    linen cloths—care being taken to prevent the escape of the young from the cloths
                    until they are dead. The young insects are then sifted from the shells, made
                    into a paste with vinegar, and dried on skins exposed to the sun, and the paste
                    packed in skins is then ready for exportation to the East under the name of
                    “pâte d’écarlate.”</p>
                <p>In the pharmacopoeia of the ancients kermes triturated with vinegar was used as
                    an outward application, especially in wounds of the nerves. From the 9th to the
                    16th <pb break="no" facs="ia:encyclopediabrit14newyrich/page/n61/mode/1up"
                        xml:id="kp-eb0914-0061-0050"/> century this insect formed an ingredient in
                    the “confectio alkermes,” a well known medicine, at one time official in the
                    London pharmacopoeia as an astringent and corroborant in doses of 20 to 60
                    grains or more. Syrup of kermes was also prepared. Both these preparations have
                    now fallen into disuse, the latter being replaced by the syrup of cochineal.</p>
                <p>To dye spun worsted with kermes, the material is first boiled for half an hour
                    with bran in water, and then for two hours in a fresh bath containing one-fifth
                    of Roman alum and one-fifth of tartar, to which “souι∙ water” is commonly added.
                    It is then taken out and laid in a linen bag for some days in a cool place. In
                    order to obtain a full colour it is then put in a warm bath as at the first
                    boiling, the bath containing as much kermes as is equal to three-fourths or even
                    the whole weight of the worsted used. For cloth one-fourth less of the salt and
                    kermes was required. The colour imparted by kermes has much less bloom than the
                    scarlet made with cochineal, hence the former has fallen into disuse.</p>
                <p>Mineral kermes is an amorphous tersulphide of antimony, prepared by a variety of
                    processes, and containing a variable proportion of teroxide of antimony and
                    sometimes a little alkaline antimonite. The oldest method consists in boiling
                    the finely powdered sulphide with a solution of an alkaline carbonate and
                    leaving the hot filtered solution to cool, the kermes being deposited on
                    cooling. In another method dilute nitric acid was added to the alkaline solution
                    to precipitate the kermes mineral. Mineral kermes is a brown red powder becoming
                    blackish-grey when washed with boiling water. By fusion and slow cooling it is
                    converted into a day-like mass devoid of crystalline structure, in which it
                    differs essentially from the pure amorphous sulphide.</p>
                <p>See G. Planchon, <hi rend="italic">Le</hi><hi rend="italic">Kermes</hi><hi
                        rend="italic">du Chêne,</hi> Montpellier, 1864; Watts’s <hi rend="italic"
                        >Dictionary of Chemistry,</hi> i. p. 830-33, iii. p. 446; Gmelin, <hi
                        rend="italic">Handbook of Chemistry,</hi> iv. p. 340-49; Lewis, <hi
                        rend="italic">Materia</hi><hi rend="italic">Medica,</hi> 1784, pp. 71, 365;
                        <hi rend="italic">Memorias</hi><hi rend="italic">sobre</hi><hi rend="italic"
                        >la</hi><hi rend="italic">grana</hi><hi rend="italic">Kermes de</hi><hi
                        rend="italic">Espana,</hi> Madrid, 1788; Adams, <hi rend="italic"
                        >Paulus</hi><hi rend="italic">Aegineta,</hi> iii. 180; Beckmann, <hi
                        rend="italic">History of</hi><hi rend="italic">Inventions.</hi></p>
            </div>
        </body>
    </text>
</TEI>
