<?xml version="1.0" encoding="utf-8"?><?xml-model  href="https://TU-plogan.github.io/code/odd/tei_kp1.rng" type="application/xml" schematypens="http://relaxng.org/ns/structure/1.0"?>
<TEI xmlns="http://www.tei-c.org/ns/1.0" xml:id="kp-eb0914-0147-0136-03" xml:lang="en">
    <teiHeader>
        <fileDesc>
            <titleStmt xml:id="eb07_v1.0">
                <title level="a" type="main">KOLÁR, or Col ar (9th edition, volume 14, page
                    136)</title>
                <title level="m" type="main">Encyclopaedia Britannica, 9th edition</title>
                <title level="m" type="sub">A machine-readable transcription</title>
                <editor>Edited by <persName ref="https://orcid.org/0000-0003-2362-8282"
                        role="editor" xml:id="pml">Peter Melville Logan</persName></editor>
                <respStmt>
                    <orgName xml:id="kp">Nineteenth-Century Knowledge Project Staff,
                            <affiliation>Temple University</affiliation></orgName>
                    <resp>OCR transcription and data management</resp>
                </respStmt>
                <respStmt>
                    <persName ref="https://orcid.org/0000-0001-7819-5360" xml:id="jg">Jane
                        Greenberg, <affiliation>Metadata Research Center, Drexel
                            University</affiliation></persName>
                    <resp>metadata development</resp>
                </respStmt>
                <respStmt>
                    <persName xml:id="dk">Don Kretz, <affiliation>Distributed
                            Proofreading</affiliation></persName>
                    <resp>data management</resp>
                </respStmt>
                <funder><orgName ref="http://viaf.org/viaf/137796012" xml:id="neh">National
                        Endowment for the Humanities</orgName></funder>
                <funder><orgName ref="http://viaf.org/viaf/121974598" xml:id="imls">Institute of
                        Museum and Library Services</orgName></funder>
                <funder><orgName ref="http://viaf.org/viaf/127396206" xml:id="tu">Temple
                        University</orgName></funder>
                <sponsor><orgName ref="http://viaf.org/viaf/3653147665869560670009" xml:id="cci"
                        >Drexel University, College of Computing &amp;
                    Informatics</orgName></sponsor>
            </titleStmt>
            <editionStmt>
                <edition n="1.0">Version 1.0, initial release <date when="2023"
                    >2023</date></edition>
            </editionStmt>
            <extent>387 MB; 17,772 XML files in 47 folders </extent>
            <publicationStmt>
                <publisher corresp="kp"><orgName corresp="kp">Nineteenth-Century Knowledge
                        Project</orgName><email>nckp@temple.edu</email><link
                        target="https://tu-plogan.github.io/index.html"/></publisher>
                <availability status="free">
                    <p>Licensed under a Creative Commons Attribution 4.0 International License.</p>
                    <licence target="https://creativecommons.org/licenses/by/4.0/"> CC BY 4.0
                    </licence>
                </availability>
                <date when="2020">2023</date>
            </publicationStmt>
            <seriesStmt>
                <title level="s">Encyclopaedia Britannica: A machine-readable text
                    transcription</title>
                <editor corresp="pml">Peter Melville Logan</editor>
            </seriesStmt>
            <sourceDesc>
                <biblFull xml:lang="en">
                    <titleStmt>
                        <title level="m">Encyclopaedia Britannica</title>
                        <editor><persName ref="http://viaf.org/viaf/12465694" xml:id="mn">Baynes, T.
                                Spencer (Thomas Spencer), <date from="1823" to="1887"
                                    >1823-1887</date></persName></editor>
                    </titleStmt>
                    <editionStmt>
                        <edition>Ninth Edition</edition>
                    </editionStmt>
                    <extent><measure quantity="25" unit="vol">25 volumes</measure></extent>
                    <publicationStmt>
                        <publisher>Charles Scribner's Sons</publisher>
                        <authority>Authorized reprint from Edinburgh plates</authority>
                        <pubPlace>New York</pubPlace>
                        <date from="1875" to="1889">1875-1889</date>
                    </publicationStmt>
                    <sourceDesc>
                        <bibl xml:id="ia-uc"><title>Encyclopaedia Britannica: a dictionary of arts,
                                sciences, and general literature</title><publisher><orgName
                                    ref="https://archive.org/">Internet Archive</orgName><orgName
                                    ref="https://archive.org/details/cdl">University of California
                                    Libraries, California Digital Library</orgName></publisher><date
                                when="2019">2006</date><idno type="OCLC">592355607</idno><idno
                                type="ark">13960/t0ks6j612</idno><availability>
                                <p>Internet Archive: NOT_IN_COPYRIGHT</p>
                            </availability></bibl>
                    </sourceDesc>
                </biblFull>
                <listBibl>
                    <head>Alternate image sources for this edition:</head>
                    <desc>Alternate images of the same print editions were substituted when the
                        primary source had unusable images for those pages.</desc>
                    <bibl xml:id="um-ht">Hathi Trust, from print source at the University of
                        Michigan: vol. 14, pp. 34-35; vol. 15, pp. 170-171.</bibl>
                </listBibl>
            </sourceDesc>
        </fileDesc>
        <encodingDesc>
            <editorialDecl>
                <correction method="markup" status="low">
                    <p>This electronic text file was created by optical character recognition (OCR).
                        OCR errors have not been corrected.</p>
                    <p>Illegible text in the original is indicated using <gi>unclear</gi> or
                            <gi>gap</gi>, as appropriate. If corrected, the reference source is
                        indicated with <gi>supplied</gi>.</p>
                </correction>
                <normalization method="silent">
                    <p>Original spelling is preserved. When noticed, obvious misspellings are
                        combined with the correct spelling as <gi>choice</gi> in the TEI. Ligatures
                        are reproduced as multiple letters. Original footnote and marginal note
                        sigla are replaced with sequential numbers for each entry.</p>
                </normalization>
                <punctuation marks="some">
                    <p>Extra space around punctuation marks is removed.</p>
                </punctuation>
                <quotation marks="some">
                    <p>Quotation marks are retained as content in the text. Redundant open quotation
                        marks at the start of lines inside block quotes are silently removed.</p>
                </quotation>
                <hyphenation eol="hard">
                    <p>Soft hyphens are removed silently.</p>
                </hyphenation>
                <segmentation>
                    <p>The <tag>div type="entry"</tag> element divides the text into individual
                        entries.</p>
                    <p>The <tag>div type="section"</tag> and <tag>div type="subsection"</tag>
                        elements are reserved for future entry subsections.</p>
                </segmentation>
                <ab><list>
                        <item>Encoding uses the recommendations for Level 3 of the TEI in Libraries
                            Guidelines.</item>
                        <item>Individual entries and page-breaks are encoded, but column breaks are
                            omitted.</item>
                        <item>Running headers and side descriptions are not included.</item>
                        <item>Some font formatting is preserved: italic, small caps, strike-through,
                            subscript, superscript, underline. The following formatting is ignored:
                            bold, font size, typeface.</item>
                    </list></ab>
            </editorialDecl>
            <tagsDecl>
                <namespace name="http://www.tei-c.org/ns/1.0">
                    <tagUsage gi="div">Unnumbered divs used.</tagUsage>
                </namespace>
            </tagsDecl>
            <projectDesc>
                <p>All text was encoded for the Nineteenth-Century Knowledge Project to provide a
                    machine-readable edition of the Encyclopedia Britannica to analyze.</p>
                <p>Subject-level metadata was added to each entry using the HIVE automated
                    vocabulary server created by the Metadata Research Center at Drexel University
                        (<link target="https://hive2.cci.drexel.edu"
                    />https://hive2.cci.drexel.edu).</p>
            </projectDesc>
            <samplingDecl>
                <p>The first release is a reproduction of text matter for all entries. It does not
                    include images, tables, formulae, front- or back-matter. It omits volume 1,
                    which consists of "Dissertations" rather than entries.</p>
            </samplingDecl>
            <listPrefixDef>
                <prefixDef ident="fast" matchPattern="(\d+)"
                    replacementPattern="http://id.worldcat.org/fast/$1">
                    <p>URIs with the prefix <code>fast:</code> point to terms in the OCLC FAST
                        (Faceted Application of Subject Terminology) subject heading schema derived
                        from the Library of Congress Subject Headings (LCSH).</p>
                </prefixDef>
                <prefixDef ident="lcsh1910" matchPattern="(\w+)"
                    replacementPattern="https://n2t.net/ark:/99152/$1">
                    <p>URIs with the prefix <code>lcsh1910:</code> point to subject terms in the
                        volume <hi rend="italic">Subject Headings Used in the Dictionary Catalogues
                            of the Library of Congress</hi>, 7 vols., Library of Congress, 1910.</p>
                </prefixDef>
                <prefixDef ident="ht" matchPattern="([\w\-\.;=\&#34;&amp;]+)"
                    replacementPattern="https://babel.hathitrust.org/cgi/pt?id=$1">
                    <p>URIs with the prefix <code>ht:</code> point to page images in the Hathi
                        Trust.</p>
                </prefixDef>
                <prefixDef ident="ia" matchPattern="(\w+)"
                    replacementPattern="https://archive.org/details/$1">
                    <p>URIs with the prefix <code>ia:</code> point to page images in the Internet
                        Archive.</p>
                </prefixDef>
                <prefixDef ident="nls" matchPattern="([\w?\=]+)"
                    replacementPattern="https://digital.nls.uk/encyclopaedia-britannica/archive/$1">
                    <p>URIs with the prefix <code>nls:</code> point to page images in the National
                        Library of Scotland.</p>
                </prefixDef>
            </listPrefixDef>
        </encodingDesc>
        <profileDesc>
            <textClass>
                <keywords scheme="http://id.worldcat.org/fast/">
                    <term ref="fast:1210276">India</term>
                </keywords>
                <keywords scheme="http://id.worldcat.org/fast/">
                    <term ref="fast:839044">British</term>
                    <term ref="fast:957175">Hindus</term>
                    <term ref="fast:859599">Christianity</term>
                    <term ref="fast:859760">Christians</term>
                    <term ref="fast:916820">Europeans</term>
                    <term ref="fast:1153794">Tracts</term>
                    <term ref="fast:1097334">Rice</term>
                    <term ref="fast:1137272">Sugar</term>
                    <term ref="fast:1137549">Sugars</term>
                    <term ref="fast:1107958">Schools</term>
                </keywords>
                <keywords scheme="https://id.cci.drexel.edu/">
                    <term ref="lcsh1910:b41j9770v">State</term>
                    <term ref="lcsh1910:b4zs2kn9v">Tracts</term>
                    <term ref="lcsh1910:b4804xr51">Mohammedans</term>
                    <term ref="lcsh1910:b4v698h77">Mohammedanism</term>
                    <term ref="lcsh1910:b4p26qb5b">Rice</term>
                    <term ref="lcsh1910:b44q7qq38">Hindus</term>
                    <term ref="lcsh1910:b49c6s277">Christianity</term>
                </keywords>
            </textClass>
        </profileDesc>
        <revisionDesc status="published">
            <change status="public" when="2023-02-28" who="#pml">v.1 published</change>
            <change status="public" when="2023-02-27" who="#pml">v.1 teiHeader XSL finished</change>
        </revisionDesc>
    </teiHeader>
    <text>
        <body>
            <div facs="ia:encyclopediabrit14newyrich/page/n147/mode/1up" type="entry">
                <p><label type="entry">KOLÁR, or <hi rend="smallcaps">Col ar</hi></label>, a
                    district of Mysore state, Southern India, lying between 12° 46' and 13° 36' N.
                    lat., and 78° 5' and 78° 35' E. long. It occupies that portion of the Mysore
                    table-land immediately bordering the Eastern Ghâts. The principal watershed lies
                    in the north-west, around the hill of Nandidrug (4810 feet), from which rivers
                    radiate in all directions; and the whole country is broken by numerous hill
                    ranges. The chief rivers are the Pâlâr, the South Pinâkini or Pennâr, the North
                    Pinâkini, and the Pâpaghni, which are industriously utilized for irrigation by
                    means of anicuts and tanks. The rocks of the district are mostly syenite or
                    granite, with a small admixture of mica and felspar. The soil in the valleys
                    consists of a fertile loam; and in the higher levels sand and gravel are found.
                    The hills are covered with scrub, jungle, and brushwood. The only tract where
                    the trees attain any size is in the neighbourhood of Nandidrug, where an area of
                    7 square miles has been reserved by the forest department.</p>
                <p>The population in 1871 was 618,954, spread over an area of 2577 square
                    miles—Hindus numbering 592,652; Mohammedans, 25,038; Jains, 651; and Christians,
                    613. Four towns contain upwards of 5000 inhabitants, namely, Kolar, 9924;
                    Chikballapur, 9882; Siâlghata, 7009; and Hosur, 5711. The staple agricultural
                    products are rice, <hi rend="italic">ragi,</hi> and <hi rend="italic">joar.</hi>
                    Pulses, oil-seed.«, vegetables, and tobacco are also grown on limited areas.
                    Cattle breeding has recently been fostered by the British Government, and large
                    cattle fairs are held annually. The manufactures of the district comprise sugar,
                    silk and cotton weaving, and oil-pressing. Iron ore is smelted in considerable
                    quantities. The principal exports are sugar, rice, <hi rend="italic">vagi,</hi>
                    vegetables, cotton cloth, betel leaf, opium, and <hi rend="italic">ghi;</hi> the
                    imports are European piece goods and salt. The total revenue of the district in
                    1873-74 amounted to £119,446, of which £97,470 was derived from the land and
                    paid by 78,247 proprietors of 678 separate estates. The Government aided and
                    inspected schools in 1874 numbered 233, attended by 5547 pupils; in addition
                    there were also 102 unaided schools. The district bears a good reputation for
                    healthiness, the mean annual temperature being 76°, and the average annual
                    rainfall 29Ί7 inches.</p>
                <p>The early history of the district is enshrouded in the usual Hindu legends,
                    chiefly localized at the village of Avani, which is still a popular place of
                    pilgrimage, as containing a <hi rend="italic">linga</hi> set up l&gt;y'Γama
                    himself. The earliest authentic evidence shows that Kolar in primitive times
                    formed part of the kingdom of the Pallavas, a dynasty overthrown by the Cholâs,
                    to whom is assigned the foundation of Kolar town. After the Cholâs came the
                    Ballâla kings, who in their turn gave way to the powerful monarch of
                    Vijayanagar, in the early part of the 14th century. About this period arose the
                    Gauda family, whose chiefs appear to have submitted successively to every
                    conqueror until they were swept away by Hyder Ali. The first Mohammedans to
                    invade this tract were the Bijâpur kings, whose general was the Marhattâ Shâhji,
                    the father of Sivaji the Great. In 1639 Shahji obtained Kolar as a fief, which
                    he transmitted to his son Venkoji or Ekojf, the <pb break="no"
                        facs="ia:encyclopediabrit14newyrich/page/n148/mode/1up"
                        xml:id="kp-eb0914-0148-0137"/> founder of the Tanjore line. Subsequently
                    Kolar was overrun by the Mughals. In 1761 it was formally ceded by the nizam to
                    Hyder Ali, who was a native of the state, having been born at the little village
                    of Budikot; and after the fall of Tipιi in 1799 it was incorporated in the Hindu
                    state of Mysore. The chief historical interest of modern times centres round the
                    hill fort of Nandidrug (Nundydroog), which was stormed by the British in 1791,
                    after a bombardment of twenty-one days. Kolar, which with the rest of Mysore had
                    been under British administration since 1835, was restored to its native chief
                    in March 1881.</p>
            </div>
        </body>
    </text>
</TEI>
