<?xml version="1.0" encoding="utf-8"?><?xml-model  href="https://TU-plogan.github.io/code/odd/tei_kp1.rng" type="application/xml" schematypens="http://relaxng.org/ns/structure/1.0"?>
<TEI xml:id="kp-eb0913-0390-0375-03" xml:lang="en" xmlns="http://www.tei-c.org/ns/1.0">
    <teiHeader>
        <fileDesc>
            <titleStmt xml:id="eb09_v1.1">
                <title level="a" type="main">ISAeUS</title>
                <title level="m" type="main">Encyclopaedia Britannica: A machine-readable
                    transcription</title>
                <title level="m" type="sub">9th edition, volume 13, page 375</title>
                <editor>Edited by <persName ref="https://orcid.org/0000-0003-2362-8282"
                    role="editor" xml:id="pml">Peter Melville Logan</persName></editor>
                <respStmt>
                    <orgName xml:id="kp">Nineteenth-Century Knowledge Project Staff,
                        <affiliation>Temple University</affiliation></orgName>
                    <resp>OCR transcription and data management</resp>
                </respStmt>
                <respStmt>
                    <persName ref="https://orcid.org/0000-0001-7819-5360" xml:id="jg">Jane
                        Greenberg, <affiliation>Metadata Research Center, Drexel
                        University</affiliation></persName>
                    <resp>metadata development</resp>
                </respStmt>
                <respStmt>
                    <persName xml:id="dk">Don Kretz, <affiliation>Distributed
                        Proofreading</affiliation></persName>
                    <resp>data management</resp>
                </respStmt>
                <funder><orgName ref="http://viaf.org/viaf/137796012" xml:id="neh">National
                    Endowment for the Humanities</orgName></funder>
                <funder><orgName ref="http://viaf.org/viaf/121974598" xml:id="imls">Institute of
                    Museum and Library Services</orgName></funder>
                <funder><orgName ref="http://viaf.org/viaf/127396206" xml:id="tu">Temple
                    University</orgName></funder>
                <sponsor><orgName ref="http://viaf.org/viaf/3653147665869560670009" xml:id="cci"
                    >Drexel University, College of Computing &amp; Informatics</orgName></sponsor>
            </titleStmt>
            <editionStmt>
                <edition n="1.1">Version 1.1 <date when="2025">2025</date></edition>
            </editionStmt>
            <extent>486 MB; 17,775 XML files</extent>
            <publicationStmt>
                <publisher corresp="kp"><orgName corresp="kp">Nineteenth-Century Knowledge
                    Project</orgName><email>nckp@temple.edu</email><link
                    target="https://github.com/TU-plogan/KnowledgeProject"/></publisher>
                <availability status="free">
                    <p>Licensed under a Creative Commons Attribution 4.0 International License.</p>
                    <licence target="https://creativecommons.org/licenses/by/4.0/"> CC BY 4.0
                    </licence>
                </availability>
                <date when="2025">2025</date>
            </publicationStmt>
            <seriesStmt>
                <title level="s">Encyclopaedia Britannica: A machine-readable transcription</title>
                <editor corresp="pml">Peter Melville Logan</editor>
            </seriesStmt>
            <sourceDesc>
                <biblFull xml:lang="en">
                    <titleStmt>
                        <title level="m">Encyclopaedia Britannica</title>
                        <editor><persName ref="http://viaf.org/viaf/12465694" xml:id="mn">Baynes, T.
                            Spencer (Thomas Spencer), <date from="1823" to="1887"
                            >1823-1887</date></persName></editor>
                    </titleStmt>
                    <editionStmt>
                        <edition>Ninth Edition</edition>
                    </editionStmt>
                    <extent><measure quantity="25" unit="vol">25 volumes</measure></extent>
                    <publicationStmt>
                        <publisher>Charles Scribner's Sons</publisher>
                        <authority>Authorized reprint from Edinburgh plates</authority>
                        <pubPlace>New York</pubPlace>
                        <date from="1875" to="1889">1875-1889</date>
                    </publicationStmt>
                    <sourceDesc>
                        <bibl xml:id="ia-uc"><title>Encyclopaedia Britannica: a dictionary of arts,
                            sciences, and general literature</title><publisher><orgName
                            ref="https://archive.org/">Internet Archive</orgName><orgName
                            ref="https://archive.org/details/cdl">University of California
                            Libraries, California Digital Library</orgName></publisher><date
                            when="2019">2006</date><idno type="OCLC">592355607</idno><idno
                            type="ark">13960/t0ks6j612</idno><availability>
                            <p>Internet Archive: NOT_IN_COPYRIGHT</p>
                            </availability></bibl>
                    </sourceDesc>
                </biblFull>
                <listBibl>
                    <head>Alternate image sources for this edition:</head>
                    <desc>Alternate images of the same print editions were substituted when the
                        primary source had unusable images for those pages.</desc>
                    <bibl xml:id="um-ht">Hathi Trust, from print source at the University of
                        Michigan: vol. 14, pp. 34-35; vol. 15, pp. 170-171.</bibl>
                </listBibl>
            </sourceDesc>
        </fileDesc>
        <encodingDesc>
            <editorialDecl>
                <ab><list rend="bulleted" type="basic">
                    <item>Encoding has been done using the recommendations for Level 3 of the "TEI
                        in Libraries Guidelines."</item>
                    <item>Individual entries and page-breaks are encoded, but column breaks are
                        omitted.</item>
                    <item>Print page headers and side descriptions are not included.</item>
                    <item>OCR successfully reproduced simple tables, but complex tabular data is not
                        captured dependably and the results should not be relied upon.</item>
                    <item>OCR was not able to successfully reproduce math and chemical formulas. The
                        uncorrected results remain in the text.</item>
                    <item>Some font formatting is preserved: <val>italic</val>,
                        <val>smallcaps</val>, <val>strikethrough</val>, <val>subscript</val>,
                        <val>superscript</val>, <val>underline</val>. The following print styles are
                        ignored: bold, font size, typeface.</item>
                    </list></ab>
                <correction method="markup" status="low">
                    <p>This electronic text file was created by optical character recognition (OCR).
                        OCR errors have not been corrected.</p>
                    <p>Illegible text in the original is indicated using <gi>unclear</gi> or
                        <gi>gap</gi>, as appropriate. If corrected, the reference source is
                        indicated with <gi>supplied</gi>.</p>
                </correction>
                <normalization method="silent">
                    <p>Original spelling is preserved. When noticed, obvious misspellings are
                        combined with the correct spelling as <gi>choice</gi> in the TEI. Ligatures
                        are reproduced as multiple letters. Original footnote and marginal note
                        sigla are replaced with sequential numbers for each entry.</p>
                </normalization>
                <punctuation marks="some">
                    <p>Extra space around punctuation marks is removed.</p>
                </punctuation>
                <quotation marks="some">
                    <p>Quotation marks are retained as content in the text. Redundant open quotation
                        marks at the start of lines inside block quotes are silently removed.</p>
                </quotation>
                <hyphenation eol="hard">
                    <p>Soft hyphens are silently removed.</p>
                </hyphenation>
                <segmentation>
                    <p>The <tag>div type="entry"</tag> element divides the text into individual
                        entries.</p>
                    <p>The <tag>div type="section"</tag> and <tag>div type="subsection"</tag>
                        elements are reserved for future entry subsections.</p>
                </segmentation>
            </editorialDecl>
            <tagsDecl>
                <namespace name="http://www.tei-c.org/ns/1.0">
                    <tagUsage gi="div">Unnumbered divs used.</tagUsage>
                </namespace>
            </tagsDecl>
            <projectDesc>
                <p>All text was encoded for the Nineteenth-Century Knowledge Project to provide a
                    machine-readable edition of the Encyclopedia Britannica to analyze using
                    machine-learning methods.</p>
                <p>Subject keywords are added to <gi>teiHeader</gi> for each entry; they were
                    generated by the HIVE2 automated vocabulary server, created by the Metadata
                    Research Center at Drexel University (<link
                    target="https://hive2.cci.drexel.edu"/>https://hive2.cci.drexel.edu).</p>
            </projectDesc>
            <samplingDecl>
                <p>This release reproduces the text matter for all entries. It does not include
                    images, front- or back-matter. The reproduction of tables and formulae is
                    unreliable. </p>
            </samplingDecl>
            <listPrefixDef>
                <prefixDef ident="fast" matchPattern="(\d+)"
                    replacementPattern="http://id.worldcat.org/fast/$1">
                    <p>URIs with the prefix <code>fastgeo:</code> point to terms in the OCLC FAST
                        (Faceted Application of Subject Terminology) Geographical subject heading
                        schema derived from the Library of Congress Subject Headings (LCSH).</p>
                </prefixDef>
                <prefixDef ident="fast" matchPattern="(\d+)"
                    replacementPattern="http://id.worldcat.org/fast/$1">
                    <p>URIs with the prefix <code>fasttopic:</code> point to terms in the OCLC FAST
                        (Faceted Application of Subject Terminology) Topical subject heading schema
                        derived from the Library of Congress Subject Headings (LCSH).</p>
                </prefixDef>
                <prefixDef ident="lcsh1910" matchPattern="(\w+)"
                    replacementPattern="https://n2t.net/ark:/99152/$1">
                    <p>URIs with the prefix <code>lcsh1910:</code> point to subject terms in <hi
                        rend="italic">Subject Headings Used in the Dictionary Catalogues of the
                        Library of Congress</hi>, 2 vols., Library of Congress, 1910.</p>
                </prefixDef>
                <prefixDef ident="ht" matchPattern="([\w\-\.;=\&#34;&amp;]+)"
                    replacementPattern="https://babel.hathitrust.org/cgi/pt?id=$1">
                    <p>URIs with the prefix <code>ht:</code> point to page images in the Hathi
                        Trust.</p>
                </prefixDef>
                <prefixDef ident="ia" matchPattern="(\w+)"
                    replacementPattern="https://archive.org/details/$1">
                    <p>URIs with the prefix <code>ia:</code> point to page images in the Internet
                        Archive.</p>
                </prefixDef>
                <prefixDef ident="nls" matchPattern="([\w?\=]+)"
                    replacementPattern="https://digital.nls.uk/encyclopaedia-britannica/archive/$1">
                    <p>URIs with the prefix <code>nls:</code> point to page images in the National
                        Library of Scotland.</p>
                </prefixDef>
            </listPrefixDef>
        </encodingDesc>
        <profileDesc>
            <textClass default="false">
                <keywords scheme="http://id.worldcat.org/fast/">
                    <term n="13" ref="fasttopic:1129153">Speech</term>
                    <term n="1" ref="fasttopic:817721">Arts</term>
                    <term n="10" ref="fasttopic:815177">Art</term>
                    <term n="8" ref="fasttopic:1198505">Life</term>
                    <term n="6" ref="fasttopic:1093581">Relationism</term>
                    <term n="5" ref="fasttopic:947546">Greeks</term>
                    <term n="1" ref="fasttopic:910709">English</term>
                    <term n="1" ref="fasttopic:1030128">Museums</term>
                    <term n="1" ref="fasttopic:957175">Hindus</term>
                </keywords>
                <keywords scheme="https://id.cci.drexel.edu/">
                    <term n="13" ref="lcsh1910:b4q23r546">Speech</term>
                    <term n="1" ref="lcsh1910:b4x34mr95">Art</term>
                    <term n="8" ref="lcsh1910:b42j68511">Life</term>
                    <term n="6" ref="lcsh1910:b45717w2f">Proof</term>
                    <term n="4" ref="lcsh1910:b4v11vw02">Work</term>
                    <term n="5" ref="lcsh1910:b48g8fh7d">Greeks</term>
                    <term n="1" ref="lcsh1910:b4028pk7k">Museums</term>
                    <term n="1" ref="lcsh1910:b44q7qq38">Hindus</term>
                </keywords>
            </textClass>
        </profileDesc>
        <revisionDesc status="published">
            <listChange>
                <change status="public" when="2025-08-15" who="#pml">v1.1. Isolates one entry;
                    corrects "B.c." and variants; replaces "bom" with "born", removed 783 instances
                    of extra space before semicolon. Separates metadata in <gi>teiHeader</gi> into
                    two separate facets: FAST Topical and FAST Geographical.</change>
                <change status="public" when="2023-02-28" who="#pml">v.1 published</change>
                <change status="public" when="2023-02-27" who="#pml">v.1 teiHeader XSL
                    finished</change>
            </listChange>
        </revisionDesc>
    </teiHeader>
    <text>
        <body>
            <div facs="ia:encyclopediabrit13newyrich/page/n390/mode/1up" type="entry">
                <p><label type="entry">ISAeUS</label> owes his place in the decade of the Attic
                    orators to his mastery of forensic argument; but his literary significance, in
                    relation to the historical development of Attic prose, is not inferior to that
                    of any other name in the series. The chronological limits of his extant work
                    fall between the years 390-353 <hi rend="smallcaps">b.c.</hi>; and his birth may
                    with probability be placed about 420 <hi rend="smallcaps">b.c.</hi> The
                    Plutarchic life describes him as a Chalcidian; Suidas, whom Dionysius follows,
                    as an Athenian. The accounts have been reconciled by supposing that his family
                    sprang from the settlement (κληρουχία) of Athenian citizens among whom the lands
                    of the Chalcidian hippobotae (knights) had been divided about 509 <hi
                    rend="smallcaps">b.c.</hi> In 411 <hi rend="smallcaps">b.c.</hi> Euboea (except
                    Oreos) revolted from Athens; and it would not have been strange if residents of
                    Athenian origin had then migrated from the hostile island to Attica. Such a
                    connexion with Euboea would explain the non-Athenian name Diagoras which is
                    borne by the father of Isaeus, while the latter is <pb break="no"
                    facs="ia:encyclopediabrit13newyrich/page/n391/mode/1up"
                    xml:id="kp-eb0913-0391-0376"/> said to have been “an Athenian by descent” (<hi
                    rend="superscript"> ,</hi> A0ψ∕α7oς <hi rend="italic smallcaps"> to</hi><hi
                    rend="italic">γένος).</hi> So far as we know, Isaeus took no part in the public
                    affairs of Athens. “I cannot tell,” says Dionysius, “what were the politics of
                    Isaeus—or whether he had any politics at all.” Those words strikingly attest the
                    profound change which was passing over the life of the Greek cities. It would
                    have been scarcely possible, fifty years earlier, that an eminent Athenian with
                    the powers of Isaeus should have failed to leave on record some proof of his
                    interest in the political concerns of Athens or of Greece. But now, with the
                    decline of personal devotion to the state, the life of an active citizen had
                    ceased to have any necessary contact with political affairs. Professional
                    pursuits, determined by private choice and directed to private ends, could now
                    engross all those energies which would once have been devoted, at least in large
                    measure, to the service of the city. The very fact that almost nothing is known
                    about the life of Isaeus is itself the most suggestive of facts. Already we are
                    at the beginning of that transition which is to lead from the old life of
                    Hellenic citizenship to that Hellenism whose children are citizens of the
                    world.</p>
                <p>There is good authority for the tradition that Isaeus was the pupil of
                    Isocrates,—probably about 393 <hi rend="smallcaps">b.c.,</hi> when Isocrates was
                    beginning his career as a teacher, and while Isaeus was not yet occupied with
                    his special calling. Internal evidence for such intercourse may be found in the
                    method of handling subject-matter which some extant speeches of Isaeus exhibit.
                    Though not a pupil, Isaeus had certainly been a student of Lysias. A passage of
                    Photius has been understood as meaning that personal relations had existed
                    between Isaeus and Plato; but this view appears to rest on an erroneous
                    construction of the passage in question.<note anchored="true" place="bottom"
                    type="authorial"><p>On this point (as on some others which can be but briefly
                    noticed here) the reader is referred to the detailed treatment of the subject in
                    Jebb’s <hi rend="italic">Attic Orators from Antiphon to</hi><hi rend="italic"
                    >Isaeus,</hi> vol. ii. p. 264.</p></note></p>
                <p>The profession of Isaeus was that of which Antiphon had been the first
                    representative at Athens—that of a λογογράφος, who composed speeches which his
                    clients were to deliver in the law-courts. But, while Antiphon had written such
                    speeches chiefly (as Lysias frequently) for public causes, it was with private
                    causes that Isaeus was almost exclusively concerned. The fact marks the
                    progressive subdivision of labour in his calling, and the extent to which the
                    smaller interests of private life now absorbed the attention of the citizen.</p>
                <p>The most interesting recorded event in the career of Isaeus is one which belongs
                    to its middle period—his connexion with Demosthenes. Born in 384 <hi
                    rend="smallcaps">b.c.,</hi> Demosthenes attained his civic majority in 366. At
                    this time he had already resolved to prosecute the fraudulent guardians who had
                    stripped him of his patrimony. In prospect of such a legal contest, he could
                    have found no better ally than Isaeus, a master of Attic law, especially where
                    claims to property were at issue, and one who for upwards of twenty years had
                    been eminently successful as a writer of speeches for the law courts. That the
                    young Demosthenes actually resorted to the aid of Isaeus is beyond reasonable
                    doubt. But the pseudo-Plutarch embellishes the story after his fashion. He says
                    that Demosthenes, on coming of age, took Isaeus into his house, and studied with
                    him for four years—paying him the sum of 10,000 drachmas (about £400), on
                    condition that Isaeus should withdraw from a school of rhetoric which he had
                    opened, and devote himself wholly to his new pupil. The real Plutarch gives us a
                    more sober and a more probable version. He simply states that Demosthenes
                    “employed Isaeus as his master in rhetoric, though Isocrates was then teaching,
                    either (as some say) because he could not pay Isocrates the prescribed fee of
                    ten minae, or because he preferred the style of Isaeus for his purpose, as being
                    <hi rend="italic">vigorous and astute” (f&gt;ραστηριον</hi><hi rend="italic">καί
                    πανοΐργον).</hi> It may be observed that, except by the pseudo-Plutarch, a
                    school of Isaeus is not mentioned,—for a notice in Plutarch need mean no more
                    than that he had written a text-book, or that his speeches were read in
                    schools;<note anchored="true" place="bottom" type="authorial"><p>Plut., <hi
                    rend="italic">De glor.</hi><hi rend="italic">Athen.,</hi> p. 350 <hi
                    rend="italic">c,</hi> where he mentions <hi rend="italic">τoi&gt;s</hi><hi
                    rend="italic superscript"> ,</hi><hi rend="italic">I&lt;τo-κpaτeιs</hi> καi <hi
                    rend="italic">A,vτιφωrτas</hi><hi rend="italic">καί</hi><hi rend="italic"
                    >'lσaloυs</hi> among <hi rend="italic">τobs iv τa7s σχo∖a7s</hi> τα <hi
                    rend="italic">μeιρdκιa πρoδιba&lt;rκovτas.</hi></p></note> nor is any other
                    pupil named. As to Demosthenes, his own speeches against Aphobos and Onetor
                    (363-62 <hi rend="smallcaps">b.c.)</hi> afford the best possible gauge of the
                    sense and the measure in which he was the disciple of Isaeus; the intercourse
                    between them can scarcely have been either very close or very long. The date at
                    which Isaeus died can only be conjectured from his work; it may be placed about
                    350 <hi rend="smallcaps">b.c.</hi></p>
                <p>Isaeus has a double claim on the student of Greek literature. He is the first
                    Greek writer who comes before us as a consummate master of strict forensic
                    controversy. He also holds a most important place in the general development of
                    practical oratory, and therefore in the history of Attic prose. Antiphon marks
                    the beginning of that development, Demosthenes its consummation. Between them
                    stand Lysias and Isaeus. The open, even ostentatious, art of Antiphon had been
                    austere and rigid. The concealed art of Lysias had charmed and persuaded by a
                    versatile semblance of natural grace and simplicity. Isaeus brings us to a final
                    stage of transition, in which the gifts distinctive of Lysias were to be fused
                    into a perfect harmony with that masterly art which receives its most powerful
                    expression in Demosthenes. Here, then, are the two cardinal points by which the
                    place of Isaeus must be determined. We must consider, first, his relation to
                    Lysias; secondly, his relation to Demosthenes.</p>
                <p>A comparison of Isaeus and Lysias must set out from the distinction between
                    choice of words (λεξxs) and mode of putting words together (&lt;rυv0ε&lt;ris).
                    In choice of words, <hi rend="italic">diction,</hi> Lysias and. Isaeus are
                    closely alike. Both are clear, pure, simple, concise; both have the stamp of
                    persuasive plainness (d&lt;∕&gt;ε'λεiα), and both combine it with graphic power
                    (έκάργεζα). In mode of putting words together, <hi rend="italic"
                    >composition,</hi> there is, however, a striking difference. Lysias threw off
                    the stiff restraints of the earlier periodic style, with its wooden monotony; he
                    is too foud indeed of antithesis always to avoid a rigid effect; but, on the
                    whole, his style is easy, flexible, and various; above all, its subtle art
                    usually succeeds in appearing natural. Now this is just what the art of Isaeus
                    doesnot achieve. With less love of antithesis than Lysias, and with a diction
                    almost equally pure and plain, he yet habitually conveys the impression of
                    conscious and confident art. Hence he is least effective in adapting his style
                    to those characters in which Lysias peculiarly excelled,— the ingenuous youth,
                    the homely and peace-loving citizen. On the other hand, his more open and
                    vigorous art does not interfere with his moral persuasiveness where there is
                    scope for reasoned remonstrance, for keen argument, or for powerful
                    denunciation. Passing from the formal to the real side of his work, from diction
                    and composition to the treatment of subject-matter, we find the divergence wider
                    still. Lysias usually adheres to a simple four-fold division— proem, narrative,
                    proof, epilogue. Isaeus frequently interweaves the narrative with the
                    proof.<note anchored="true" place="bottom" type="authorial"><p>Here he was
                    probably influenced by the teaching of Isocrates. The forensic speech of
                    Isocrates known as the <hi rend="italic">Aegineticus</hi> (Or. xix.), which
                    belongs to the peculiar province of Isaeus, as dealing with a claim to property
                    (ε ’ π&lt;δ&lt;κασiα), affords perhaps the earliest example of narrative and
                    proof thus interwoven. Earlier forensic writers had kept the διηγησzs and <hi
                    rend="italic">πiστeιs</hi> distinct, as Lysias does.</p></note> He shows the
                    most dexterous ingenuity in adapting his manifold tactics to the case in hand,
                    and often “out-generals” (καταστρατηγεί) his adversary by some novel and daring
                    disposition of his forces. Lysias, again, usually contents himself with a merely
                    rhetorical or sketchy proof; Isaeus aims at strict logical demonstration, worked
                    out through all its steps. As Sir William Jones well remarks, Isaeus lays close
                    siege to the understandings of the jury.<note anchored="true" place="bottom"
                    type="authorial"><p>This is what Dionysius means when he says that Isaeus
                    differs from Lysias—τ&lt;p μη κατ’ <hi rend="italic">tvθiμ∙ημi τι Keynv</hi><hi
                    rend="italic">αλλά</hi><hi rend="italic">κal</hi><hi rend="italic">κατ’</hi><hi
                    rend="italic">iπιχe(pημa</hi><hi rend="italic">{Isae.</hi> 16). Here the
                    “enthymeme” means a rhetorical syllogism with one premiss suppressed (“curtum,”
                    Juv., vi. 449); “epicheireme,” such a syllogism stated in full. <hi
                    rend="italic">Cf.</hi> Volkmann, <hi rend="italic">Rhetorik der Griechen und
                    Römer,</hi> 1872, pp. 153 /.</p></note></p>
                <pb break="no" facs="ia:encyclopediabrit13newyrich/page/n392/mode/1up"
                    xml:id="kp-eb0913-0392-0377"/>
                <p>Such is the general relation of Isaeus to Lysias. What, we must next ask, is the
                    relation of Isaeus to Demosthenes? The Greek critic who had so carefully studied
                    both authors states his own view in broad terms when he declares that “the power
                    of Demosthenes took its seeds and its beginnings from Isaeus.” A closer
                    examination will show that within certain limits the statement may be allowed.
                    Attic prose expression had been continuously developed as an art; the true link
                    between Isaeus and Demosthenes is technical, depending on their continuity.
                    Isaeus had made some original contributions to the resources of the art; and
                    Demosthenes had not failed to profit by these. The <hi rend="italic"
                    >composition</hi> of Demosthenes resembles that of Isaeus in blending terse and
                    vigorous periods with passages of more lax and fluent ease, as well as in that
                    dramatic vivacity which is given by rhetorical question and similar devices. In
                    the versatile disposition of subject-matter, the divisions of “narrative” and
                    “proof” being shifted and interwoven according to circumstances, Demosthenes has
                    clearly been instructed by the example of Isaeus. Still more plainly and
                    strikingly is this so in regard to the elaboration of systematic proof; here
                    Demosthenes invites direct and close comparison with Isaeus by bis method of
                    drawing out a chain of arguments, or enforcing a proposition by strict legal
                    argument. And, more generally, Demosthenes is the pupil of Isaeus, though here
                    the pupil became even greater than the master, in that"faculty of grappling with
                    an adversary’s case point by point, in that aptitude for close and strenuous
                    conflict which is expressed by the words <hi rend="italic">αγών,</hi><hi
                    rend="italic">lvayωvιos.</hi><hi rend="italic superscript"> 1</hi> Thus far
                    Isaeus and Demosthenes are related to each other as technical proficients in a
                    progressive a,rt. It might be added that there was some degree of resemblance
                    between the natures of the two men, in so far as the intellectual character of
                    both was marked by a certain vigorous intensity of logic. But it would be as
                    perverse to overstate the debt of Demosthenes to Isaeus as it would be unjust to
                    rest the significance of Isaeus solely or chiefly on his relation to
                    Demosthenes. As Demosthenes holds his unrivalled place in virtue of qualities
                    which no teacher could have communicated, so, too, the writings of Isaeus have
                    the independent value of masterpieces in their own kind.</p>
                <p>The pscudo-Plutarch, in his life of Isaeus, mentions an <hi rend="italic">Art of
                    Rhetoric</hi> and sixty-four speeches, of which fifty were accounted genuine.
                    From a passage of Photius it appears that at least <hi rend="superscript">
                    2</hi> the fifty speeches of recognized authenticity were extant as late as 850
                    A.D. Only eleven, with large part of a twelfth, have come down to us; but the
                    titles of forty-two others are known. <hi rend="superscript"> 3</hi></p>
                <p>The titles of the lost speeches confirm the statement of Dionysius that the
                    speeches of Isaeus were exclusively forensic; and only three titles indicate
                    speeches made in public causes. The remainder, concerned with private causes,
                    may be classed under six heads :— (1) <hi rend="italic">κληρικοί</hi> —cases of
                    claim to an inheritance; (2) <hi rend="italic">eπικληρικoi—</hi> cases of claim
                    to the hand of an heiress; (3) <hi rend="italic">διaδικaσiaι—</hi> cases of
                    claim to property; (4) <hi rend="italic">άποστασίου</hi><hi rend="italic">—</hi>
                    cases of claim to the ownership of a slave; (5) <hi rend="italic">eyyυηs—</hi>
                    action brought against a surety whose principal had made default; (6) <hi
                    rend="italic">avτωμoσia (a,s =</hi><hi rend="italic">παραγραφή)</hi><hi
                    rend="italic">—</hi> a special plea; (7) <hi rend="italic">eφeσιs—</hi> appeal
                    from one jurisdiction to another.</p>
                <p>Eleven of the twelve extant speeches belong to class (1), the <hi rend="italic"
                    >κληρικοί,</hi> or claims to an inheritance. This was probably the branch of
                    practice in which Isaeus had done his most important and most characteristic
                    work. And, according to the ancient custom, this class of speeches would
                    therefore stand first in the manuscript collections of his writings. The case of
                    Antiphon is parallel: his speeches in cases of homicide <hi rend="italic"
                    >{φονικοί)</hi> were those on which his reputation mainly depended, and stood
                    first in the manuscripts. Their exclusive preservation, like that of the
                    speeches made by Isaeus in will-cases, is thus primarily an accident of
                    manuscript tradition, but partly also the result of the writer’s special
                    prestige.</p>
                <p>Six of the twelve extant speeches are directly concerned with claims to an
                    estate; five others are connected with legal proceedings arising out of such a
                    claim. They may be classified thus (the name given in each case being that of
                    the person whose estate is in dispute)</p>
                <table>
                    <row cols="1" role="data" rows="1">
                        <cell cols="1" role="data" rows="1"><p>I.</p></cell>
                        <cell cols="1" role="data" rows="1"><p><hi rend="italic">Trials of Claim to
                            an Inheritance</hi><hi rend="italic">(διαδικασία^).</hi></p></cell>
                    </row>
                    <row cols="1" role="data" rows="1">
                        <cell cols="1" role="data" rows="1"/>
                        <cell cols="1" role="data" rows="1"><p>1. Or. i., Cleonymus. Date between
                            360 and 353 B.c.</p><p>2. Or. iv., Nicostratus. Date
                            uncertain.</p></cell>
                    </row>
                    <row cols="1" role="data" rows="1">
                        <cell cols="1" role="data" rows="1"/>
                        <cell cols="1" role="data" rows="1"><p>3. Or. vii, Apollodorus. 353 <hi
                            rend="smallcaps">b.c.</hi></p><p>4. Or. viii., Ciron. 375 <hi
                            rend="smallcaps">b.c.</hi></p><p>5. Or. ix., Astyphilus. 369 <hi
                            rend="smallcaps">b.c.</hi></p><p>6. Or. x., Aristarchus. 377-71 <hi
                            rend="smallcaps">b.c.</hi></p></cell>
                    </row>
                    <row cols="1" role="data" rows="1">
                        <cell cols="1" role="data" rows="1"><p><hi> II.</hi></p></cell>
                        <cell cols="1" role="data" rows="1"><p><hi rend="italic">Actions for
                            False</hi> Witness (δiκαι ψευδομαρτυριών).</p></cell>
                    </row>
                    <row cols="1" role="data" rows="1">
                        <cell cols="1" role="data" rows="1"/>
                        <cell cols="1" role="data" rows="1"><p>1. Or. ii., Menecles. 354 <hi
                            rend="smallcaps">b.c.</hi></p></cell>
                    </row>
                    <row cols="1" role="data" rows="1">
                        <cell cols="1" role="data" rows="1"/>
                        <cell cols="1" role="data" rows="1"><p>2. Or. iii., Pyrrhus. Date uncertain,
                            but comparatively late.</p><p>3. Or. vl., Philoctemon. 364-63 <hi
                            rend="smallcaps">b.c.</hi></p></cell>
                    </row>
                    <row cols="1" role="data" rows="1">
                        <cell cols="1" role="data" rows="1"><p><hi> III.</hi></p></cell>
                        <cell cols="1" role="data" rows="1"><p><hi rend="italic">Action to Compel
                            the Discharge of a Suretyship (iγγvης</hi><hi rend="italic"
                            >δίκη).</hi></p></cell>
                    </row>
                    <row cols="1" role="data" rows="1">
                        <cell cols="1" role="data" rows="1"/>
                        <cell cols="1" role="data" rows="1"><p>Or. v., Dicaeogenes. 300 <hi
                            rend="smallcaps">b.c.</hi></p></cell>
                    </row>
                    <row cols="1" role="data" rows="1">
                        <cell cols="1" role="data" rows="1"><p><hi> IV.</hi></p></cell>
                        <cell cols="1" role="data" rows="1"><p><hi rend="italic">Indictment of a
                            Guardian for Maltreatment of a Ward</hi> (eι&lt;rαγγeλια
                            καxωσcωs</p></cell>
                    </row>
                    <row cols="1" role="data" rows="1">
                        <cell cols="1" role="data" rows="1"/>
                        <cell cols="1" role="data" rows="1"><p><hi rend="italic"
                            >ορφανού).</hi></p><p>Or. xi., Hagnias. 359 <hi rend="smallcaps"
                            >b.c.</hi></p></cell>
                    </row>
                    <row cols="1" role="data" rows="1">
                        <cell cols="1" role="data" rows="1"><p>V.</p></cell>
                        <cell cols="1" role="data" rows="1"><p><hi rend="italic">Appeal from
                            Arbitration to a Dicastery</hi> (eφeσις).</p></cell>
                    </row>
                    <row cols="1" role="data" rows="1">
                        <cell cols="1" role="data" rows="1"/>
                        <cell cols="1" role="data" rows="1"><p>Or. xii,, For Euphiletus.
                            (Incomplete.) Date uncertain.</p></cell>
                    </row>
                </table>
                <p>The speeches of Isaeus supply valuable illustrations to the early history of
                    testamentary law. They show us the faculty of adoption, still, indeed,
                    associated with the religious motive in which it originated, as a mode of
                    securing that the sacred rites of the family shall continue to be discharged by
                    one who can call himself the son of the deceased. But practically the civil
                    aspect of adoption is, for the Athenian citizen, predominant over the religious;
                    he adopts a son in order to bestow property on a person to whom he wishes to
                    bequeath it. The Athenian system, as interpreted by Isaeus, is thus
                    intermediate, at least in spirit, between the purely religious standpoint of the
                    Hindu and the maturer form which Boman testamentary law had reached before the
                    time of Cicero. <hi rend="superscript"> 4</hi> As to the form of the speeches,
                    it is remarkable for its variety. There are three which, taken together, may be
                    considered as best representing the diversity and range of their author’s power.
                    The fifth, with its simple but lively diction, its graceful and persuasive
                    narrative, recalls the qualities of Lysias. The eleventh, with its sustained and
                    impetuous power, has no slight resemblance to the manner of Demosthenes. The
                    eighth is, of all, the most characteristic, alike in narrative and in argument.
                    Isaeus is here seen at his best. No reader who is interested in the social life
                    of ancient Greece need find Isaeus dull. If the glimpses of Greek society which
                    he gives us are seldom so gay and picturesque as those which enliven the pages
                    of Lysias, they are certainly not less suggestive. Here, where the innermost
                    relations and central interests of the family are in question, we touch the
                    springs of social life; we are not merely presented with scenic details of dress
                    and furniture, but are enabled in no small degree to conceive the feelings of
                    the actors.</p>
                <p>The best manuscript of Isaeus is in the British Museum,—Crippsianus A
                    (=Burneianus 95), which contains also Antiphon, Andocides, Lycurgus, and
                    Dinarchus. The next best is Bekker’s Laurentianus B (Florence), of the 15th
                    century. Besides these, he used Marcianus L (Venice), saec. 14, Vratisiaviensis
                    Z. saec, 14, and two very inferior MSS., Ambrosianus A. 99, P (which he
                    dismissed after Or. i.), and Ambrosianus D. 42, Q (which contains only Or. i.,
                    ii.). Schöraann, in his edition of 1831, generally followed Bekker’s text; he
                    had no fresh apparatus beyond a collation of a Paris MS. R in part of Or. i.;
                    but he had sifted the Aldine more carefully. Baiter and Sauppe (1850) had a new
                    collation of A, and also used a collation of Burneianus 96, M, given by Dobson
                    in vol. iv. of his edition (1828). C. Scheibe (Teubner, 1860) made it his
                    especial aim to complete the work of his predecessors by restoring the correct
                    Attic forms of words; thus <hi rend="italic">(e.g∙)</hi> he gives <hi
                    rend="italic">ηγγva</hi> for <hi rend="italic">ιveγva,</hi> δεδcμεv for <hi
                    rend="italic">δeδiaμev,</hi> and the like,—following the consent of the MSS.,
                    however, in such forms as the accusative of proper names in <hi rend="italic"
                    >-ηv</hi> rather than <hi rend="italic">-η,</hi> or <hi rend="italic">(e.g</hi>)
                    the future <hi rend="italic">φανήσομαι</hi> rather than <hi rend="italic"
                    >φavoυμaι,</hi> Ac., and on such doubtful points as &lt;∕&gt;pdτeρes instead of
                    φpατopev, or <hi rend="italic">Έίληθυίας</hi> instead of Eιλeι6υiας.</p>
                <p><hi rend="italic">Recent Editions.—</hi> In <hi rend="italic">Oratores
                    Attici,</hi> by I. Bekker, 1823-8; G.E. Dobson, 1828; J. G. Baiter and Hermann
                    Sauppe, 1850. Separately, by G. F. Schümann, with commentary, 1831. In Teubner
                    series, by C. Scheibe, 1860. English translation by Sir william Jones, 1779. (R.
                    C. J.)</p>
            </div>
        </body>
    </text>
</TEI>
