<?xml version="1.0" encoding="utf-8"?><?xml-model  href="https://TU-plogan.github.io/code/odd/tei_kp1.rng" type="application/xml" schematypens="http://relaxng.org/ns/structure/1.0"?>
<TEI xml:id="kp-eb0913-0199-0188-01" xml:lang="en" xmlns="http://www.tei-c.org/ns/1.0">
    <teiHeader>
        <fileDesc>
            <titleStmt xml:id="eb09_v1.1">
                <title level="a" type="main">INTERDICT</title>
                <title level="m" type="main">Encyclopaedia Britannica: A machine-readable
                    transcription</title>
                <title level="m" type="sub">9th edition, volume 13, page 188</title>
                <editor>Edited by <persName ref="https://orcid.org/0000-0003-2362-8282"
                    role="editor" xml:id="pml">Peter Melville Logan</persName></editor>
                <respStmt>
                    <orgName xml:id="kp">Nineteenth-Century Knowledge Project Staff,
                        <affiliation>Temple University</affiliation></orgName>
                    <resp>OCR transcription and data management</resp>
                </respStmt>
                <respStmt>
                    <persName ref="https://orcid.org/0000-0001-7819-5360" xml:id="jg">Jane
                        Greenberg, <affiliation>Metadata Research Center, Drexel
                        University</affiliation></persName>
                    <resp>metadata development</resp>
                </respStmt>
                <respStmt>
                    <persName xml:id="dk">Don Kretz, <affiliation>Distributed
                        Proofreading</affiliation></persName>
                    <resp>data management</resp>
                </respStmt>
                <funder><orgName ref="http://viaf.org/viaf/137796012" xml:id="neh">National
                    Endowment for the Humanities</orgName></funder>
                <funder><orgName ref="http://viaf.org/viaf/121974598" xml:id="imls">Institute of
                    Museum and Library Services</orgName></funder>
                <funder><orgName ref="http://viaf.org/viaf/127396206" xml:id="tu">Temple
                    University</orgName></funder>
                <sponsor><orgName ref="http://viaf.org/viaf/3653147665869560670009" xml:id="cci"
                    >Drexel University, College of Computing &amp; Informatics</orgName></sponsor>
            </titleStmt>
            <editionStmt>
                <edition n="1.1">Version 1.1 <date when="2025">2025</date></edition>
            </editionStmt>
            <extent>486 MB; 17,775 XML files</extent>
            <publicationStmt>
                <publisher corresp="kp"><orgName corresp="kp">Nineteenth-Century Knowledge
                    Project</orgName><email>nckp@temple.edu</email><link
                    target="https://github.com/TU-plogan/KnowledgeProject"/></publisher>
                <availability status="free">
                    <p>Licensed under a Creative Commons Attribution 4.0 International License.</p>
                    <licence target="https://creativecommons.org/licenses/by/4.0/"> CC BY 4.0
                    </licence>
                </availability>
                <date when="2025">2025</date>
            </publicationStmt>
            <seriesStmt>
                <title level="s">Encyclopaedia Britannica: A machine-readable transcription</title>
                <editor corresp="pml">Peter Melville Logan</editor>
            </seriesStmt>
            <sourceDesc>
                <biblFull xml:lang="en">
                    <titleStmt>
                        <title level="m">Encyclopaedia Britannica</title>
                        <editor><persName ref="http://viaf.org/viaf/12465694" xml:id="mn">Baynes, T.
                            Spencer (Thomas Spencer), <date from="1823" to="1887"
                            >1823-1887</date></persName></editor>
                    </titleStmt>
                    <editionStmt>
                        <edition>Ninth Edition</edition>
                    </editionStmt>
                    <extent><measure quantity="25" unit="vol">25 volumes</measure></extent>
                    <publicationStmt>
                        <publisher>Charles Scribner's Sons</publisher>
                        <authority>Authorized reprint from Edinburgh plates</authority>
                        <pubPlace>New York</pubPlace>
                        <date from="1875" to="1889">1875-1889</date>
                    </publicationStmt>
                    <sourceDesc>
                        <bibl xml:id="ia-uc"><title>Encyclopaedia Britannica: a dictionary of arts,
                            sciences, and general literature</title><publisher><orgName
                            ref="https://archive.org/">Internet Archive</orgName><orgName
                            ref="https://archive.org/details/cdl">University of California
                            Libraries, California Digital Library</orgName></publisher><date
                            when="2019">2006</date><idno type="OCLC">592355607</idno><idno
                            type="ark">13960/t0ks6j612</idno><availability>
                            <p>Internet Archive: NOT_IN_COPYRIGHT</p>
                            </availability></bibl>
                    </sourceDesc>
                </biblFull>
                <listBibl>
                    <head>Alternate image sources for this edition:</head>
                    <desc>Alternate images of the same print editions were substituted when the
                        primary source had unusable images for those pages.</desc>
                    <bibl xml:id="um-ht">Hathi Trust, from print source at the University of
                        Michigan: vol. 14, pp. 34-35; vol. 15, pp. 170-171.</bibl>
                </listBibl>
            </sourceDesc>
        </fileDesc>
        <encodingDesc>
            <editorialDecl>
                <ab><list rend="bulleted" type="basic">
                    <item>Encoding has been done using the recommendations for Level 3 of the "TEI
                        in Libraries Guidelines."</item>
                    <item>Individual entries and page-breaks are encoded, but column breaks are
                        omitted.</item>
                    <item>Print page headers and side descriptions are not included.</item>
                    <item>OCR successfully reproduced simple tables, but complex tabular data is not
                        captured dependably and the results should not be relied upon.</item>
                    <item>OCR was not able to successfully reproduce math and chemical formulas. The
                        uncorrected results remain in the text.</item>
                    <item>Some font formatting is preserved: <val>italic</val>,
                        <val>smallcaps</val>, <val>strikethrough</val>, <val>subscript</val>,
                        <val>superscript</val>, <val>underline</val>. The following print styles are
                        ignored: bold, font size, typeface.</item>
                    </list></ab>
                <correction method="markup" status="low">
                    <p>This electronic text file was created by optical character recognition (OCR).
                        OCR errors have not been corrected.</p>
                    <p>Illegible text in the original is indicated using <gi>unclear</gi> or
                        <gi>gap</gi>, as appropriate. If corrected, the reference source is
                        indicated with <gi>supplied</gi>.</p>
                </correction>
                <normalization method="silent">
                    <p>Original spelling is preserved. When noticed, obvious misspellings are
                        combined with the correct spelling as <gi>choice</gi> in the TEI. Ligatures
                        are reproduced as multiple letters. Original footnote and marginal note
                        sigla are replaced with sequential numbers for each entry.</p>
                </normalization>
                <punctuation marks="some">
                    <p>Extra space around punctuation marks is removed.</p>
                </punctuation>
                <quotation marks="some">
                    <p>Quotation marks are retained as content in the text. Redundant open quotation
                        marks at the start of lines inside block quotes are silently removed.</p>
                </quotation>
                <hyphenation eol="hard">
                    <p>Soft hyphens are silently removed.</p>
                </hyphenation>
                <segmentation>
                    <p>The <tag>div type="entry"</tag> element divides the text into individual
                        entries.</p>
                    <p>The <tag>div type="section"</tag> and <tag>div type="subsection"</tag>
                        elements are reserved for future entry subsections.</p>
                </segmentation>
            </editorialDecl>
            <tagsDecl>
                <namespace name="http://www.tei-c.org/ns/1.0">
                    <tagUsage gi="div">Unnumbered divs used.</tagUsage>
                </namespace>
            </tagsDecl>
            <projectDesc>
                <p>All text was encoded for the Nineteenth-Century Knowledge Project to provide a
                    machine-readable edition of the Encyclopedia Britannica to analyze using
                    machine-learning methods.</p>
                <p>Subject keywords are added to <gi>teiHeader</gi> for each entry; they were
                    generated by the HIVE2 automated vocabulary server, created by the Metadata
                    Research Center at Drexel University (<link
                    target="https://hive2.cci.drexel.edu"/>https://hive2.cci.drexel.edu).</p>
            </projectDesc>
            <samplingDecl>
                <p>This release reproduces the text matter for all entries. It does not include
                    images, front- or back-matter. The reproduction of tables and formulae is
                    unreliable. </p>
            </samplingDecl>
            <listPrefixDef>
                <prefixDef ident="fast" matchPattern="(\d+)"
                    replacementPattern="http://id.worldcat.org/fast/$1">
                    <p>URIs with the prefix <code>fastgeo:</code> point to terms in the OCLC FAST
                        (Faceted Application of Subject Terminology) Geographical subject heading
                        schema derived from the Library of Congress Subject Headings (LCSH).</p>
                </prefixDef>
                <prefixDef ident="fast" matchPattern="(\d+)"
                    replacementPattern="http://id.worldcat.org/fast/$1">
                    <p>URIs with the prefix <code>fasttopic:</code> point to terms in the OCLC FAST
                        (Faceted Application of Subject Terminology) Topical subject heading schema
                        derived from the Library of Congress Subject Headings (LCSH).</p>
                </prefixDef>
                <prefixDef ident="lcsh1910" matchPattern="(\w+)"
                    replacementPattern="https://n2t.net/ark:/99152/$1">
                    <p>URIs with the prefix <code>lcsh1910:</code> point to subject terms in <hi
                        rend="italic">Subject Headings Used in the Dictionary Catalogues of the
                        Library of Congress</hi>, 2 vols., Library of Congress, 1910.</p>
                </prefixDef>
                <prefixDef ident="ht" matchPattern="([\w\-\.;=\&#34;&amp;]+)"
                    replacementPattern="https://babel.hathitrust.org/cgi/pt?id=$1">
                    <p>URIs with the prefix <code>ht:</code> point to page images in the Hathi
                        Trust.</p>
                </prefixDef>
                <prefixDef ident="ia" matchPattern="(\w+)"
                    replacementPattern="https://archive.org/details/$1">
                    <p>URIs with the prefix <code>ia:</code> point to page images in the Internet
                        Archive.</p>
                </prefixDef>
                <prefixDef ident="nls" matchPattern="([\w?\=]+)"
                    replacementPattern="https://digital.nls.uk/encyclopaedia-britannica/archive/$1">
                    <p>URIs with the prefix <code>nls:</code> point to page images in the National
                        Library of Scotland.</p>
                </prefixDef>
            </listPrefixDef>
        </encodingDesc>
        <profileDesc>
            <textClass default="false">
                <keywords scheme="http://id.worldcat.org/fast/">
                    <term n="1" ref="fastgeo:1206715">Scotland</term>
                    <term n="1" ref="fastgeo:1219920">England</term>
                </keywords>
                <keywords scheme="https://id.cci.drexel.edu/">
                    <term n="1" ref="lcsh1910:b4r49gb4d">Church</term>
                    <term n="1" ref="lcsh1910:b47d2q898">Churches</term>
                    <term n="2" ref="lcsh1910:b41v5bg0t">Worship</term>
                    <term n="2" ref="lcsh1910:b4s17sx86">Personality</term>
                    <term n="2" ref="lcsh1910:b4bk16x10">Plans</term>
                    <term n="1" ref="lcsh1910:b42804z62">Bishops</term>
                    <term n="1" ref="lcsh1910:b4st7dw9m">Popes</term>
                </keywords>
                <keywords scheme="http://id.worldcat.org/fast/">
                    <term n="1" ref="fasttopic:1100116">Romans</term>
                    <term n="1" ref="fasttopic:860364">Church</term>
                    <term n="2" ref="fasttopic:1181450">Worship</term>
                    <term n="2" ref="fasttopic:1058777">Personals</term>
                    <term n="2" ref="fasttopic:1065224">Planning</term>
                    <term n="2" ref="fasttopic:1058667">Personality</term>
                    <term n="2" ref="fasttopic:1058664">Personalism</term>
                </keywords>
            </textClass>
        </profileDesc>
        <revisionDesc status="published">
            <listChange>
                <change status="public" when="2025-08-15" who="#pml">v1.1. Isolates one entry;
                    corrects "B.c." and variants; replaces "bom" with "born", removed 783 instances
                    of extra space before semicolon. Separates metadata in <gi>teiHeader</gi> into
                    two separate facets: FAST Topical and FAST Geographical.</change>
                <change status="public" when="2023-02-28" who="#pml">v.1 published</change>
                <change status="public" when="2023-02-27" who="#pml">v.1 teiHeader XSL
                    finished</change>
            </listChange>
        </revisionDesc>
    </teiHeader>
    <text>
        <body>
            <div facs="ia:encyclopediabrit13newyrich/page/n199/mode/1up" type="entry">
                <p><label type="entry">INTERDICT</label><hi rend="italic">(interdictum</hi> sc. <hi
                    rend="italic">officiorum divinorum),</hi> in its full technical sense as an
                    ecclesiastical term, means a sentence by a competent ecclesiastical authority
                    (popes, councils, bishops with chapters) forbidding all administration of the
                    sacraments, celebration of public worship, and use of the burial service. An
                    interdict may be either local, personal, or mixed, according as it applies to a
                    locality, to a particular person or class of persons, or to a particular
                    locality as long as it shall be the residence of a particular person or class of
                    persons. Local interdicts again may be either general or particular; in the
                    latter instance they refer only to particular buildings set apart for religious
                    services. In the writings of Augustine <hi rend="italic">(Epp.,</hi> 250) there
                    is an indication that something of the nature of an interdict had been attempted
                    in his diocese by a certain bishop Λuxilius; the attempt is strongly condemned
                    by Augustine, who disapproved of the plan, as making the innocent suffer along
                    with the guilty. In 869 Hincmar of Laon laid his entire diocese under an
                    interdict, a proceeding for which he was severely censured by Hincmar of Rheims.
                    In the <hi rend="italic">Chronicle</hi> of Ademar of Limoges <hi rend="italic"
                    >(ad ann.</hi> 994) it is stated that Bishop Alduin introduced there “a new plan
                    for punishing the wickedness of his people; he ordered the churches and
                    monasteries to cease from divine worship and the people to abstain from divine
                    praise, and this he called excommunication” (see Gieseler, <hi rend="italic"
                    >Kirchengesch.</hi> iii. 342, where also the text is given of a proposal to a
                    similar effect made by Odolric, abbot of St Martial, at the council of Limoges
                    in 1031). It was not until the 11th century that the use of the interdict
                    obtained a recognized place among the means of discipline at the disposal of the
                    Roman hierarchy. Important historical instances of the use of the interdict
                    occur, in the cases of Scotland under Pope Alexander III. in 1181, of France
                    under Innocent III. in 1200, and of England under the same pope in 1209. So far
                    as the interdict is “personal,” that is to say, applied to a particular
                    individual, it may be regarded as synonymous with <hi rend="smallcaps"
                    >Excommunication</hi><hi rend="italic">(&lt;pvf,</hi> an ecclesiastical
                    punishment known in one form or another in all churches; the local interdict is
                    quite peculiar to the Church of Rome. It is removed by what is termed
                    “reconciliation.”</p>
            </div>
        </body>
    </text>
</TEI>
