<?xml version="1.0" encoding="utf-8"?><?xml-model  href="https://TU-plogan.github.io/code/odd/tei_kp1.rng" type="application/xml" schematypens="http://relaxng.org/ns/structure/1.0"?>
<TEI xml:id="kp-eb0913-0226-0213-04" xml:lang="en" xmlns="http://www.tei-c.org/ns/1.0">
    <teiHeader>
        <fileDesc>
            <titleStmt xml:id="eb09_v1.1">
                <title level="a" type="main">IRAWADI, or Irrawaddy</title>
                <title level="m" type="main">Encyclopaedia Britannica: A machine-readable
                    transcription</title>
                <title level="m" type="sub">9th edition, volume 13, page 213</title>
                <editor>Edited by <persName ref="https://orcid.org/0000-0003-2362-8282"
                    role="editor" xml:id="pml">Peter Melville Logan</persName></editor>
                <respStmt>
                    <orgName xml:id="kp">Nineteenth-Century Knowledge Project Staff,
                        <affiliation>Temple University</affiliation></orgName>
                    <resp>OCR transcription and data management</resp>
                </respStmt>
                <respStmt>
                    <persName ref="https://orcid.org/0000-0001-7819-5360" xml:id="jg">Jane
                        Greenberg, <affiliation>Metadata Research Center, Drexel
                        University</affiliation></persName>
                    <resp>metadata development</resp>
                </respStmt>
                <respStmt>
                    <persName xml:id="dk">Don Kretz, <affiliation>Distributed
                        Proofreading</affiliation></persName>
                    <resp>data management</resp>
                </respStmt>
                <funder><orgName ref="http://viaf.org/viaf/137796012" xml:id="neh">National
                    Endowment for the Humanities</orgName></funder>
                <funder><orgName ref="http://viaf.org/viaf/121974598" xml:id="imls">Institute of
                    Museum and Library Services</orgName></funder>
                <funder><orgName ref="http://viaf.org/viaf/127396206" xml:id="tu">Temple
                    University</orgName></funder>
                <sponsor><orgName ref="http://viaf.org/viaf/3653147665869560670009" xml:id="cci"
                    >Drexel University, College of Computing &amp; Informatics</orgName></sponsor>
            </titleStmt>
            <editionStmt>
                <edition n="1.1">Version 1.1 <date when="2025">2025</date></edition>
            </editionStmt>
            <extent>486 MB; 17,775 XML files</extent>
            <publicationStmt>
                <publisher corresp="kp"><orgName corresp="kp">Nineteenth-Century Knowledge
                    Project</orgName><email>nckp@temple.edu</email><link
                    target="https://github.com/TU-plogan/KnowledgeProject"/></publisher>
                <availability status="free">
                    <p>Licensed under a Creative Commons Attribution 4.0 International License.</p>
                    <licence target="https://creativecommons.org/licenses/by/4.0/"> CC BY 4.0
                    </licence>
                </availability>
                <date when="2025">2025</date>
            </publicationStmt>
            <seriesStmt>
                <title level="s">Encyclopaedia Britannica: A machine-readable transcription</title>
                <editor corresp="pml">Peter Melville Logan</editor>
            </seriesStmt>
            <sourceDesc>
                <biblFull xml:lang="en">
                    <titleStmt>
                        <title level="m">Encyclopaedia Britannica</title>
                        <editor><persName ref="http://viaf.org/viaf/12465694" xml:id="mn">Baynes, T.
                            Spencer (Thomas Spencer), <date from="1823" to="1887"
                            >1823-1887</date></persName></editor>
                    </titleStmt>
                    <editionStmt>
                        <edition>Ninth Edition</edition>
                    </editionStmt>
                    <extent><measure quantity="25" unit="vol">25 volumes</measure></extent>
                    <publicationStmt>
                        <publisher>Charles Scribner's Sons</publisher>
                        <authority>Authorized reprint from Edinburgh plates</authority>
                        <pubPlace>New York</pubPlace>
                        <date from="1875" to="1889">1875-1889</date>
                    </publicationStmt>
                    <sourceDesc>
                        <bibl xml:id="ia-uc"><title>Encyclopaedia Britannica: a dictionary of arts,
                            sciences, and general literature</title><publisher><orgName
                            ref="https://archive.org/">Internet Archive</orgName><orgName
                            ref="https://archive.org/details/cdl">University of California
                            Libraries, California Digital Library</orgName></publisher><date
                            when="2019">2006</date><idno type="OCLC">592355607</idno><idno
                            type="ark">13960/t0ks6j612</idno><availability>
                            <p>Internet Archive: NOT_IN_COPYRIGHT</p>
                            </availability></bibl>
                    </sourceDesc>
                </biblFull>
                <listBibl>
                    <head>Alternate image sources for this edition:</head>
                    <desc>Alternate images of the same print editions were substituted when the
                        primary source had unusable images for those pages.</desc>
                    <bibl xml:id="um-ht">Hathi Trust, from print source at the University of
                        Michigan: vol. 14, pp. 34-35; vol. 15, pp. 170-171.</bibl>
                </listBibl>
            </sourceDesc>
        </fileDesc>
        <encodingDesc>
            <editorialDecl>
                <ab><list rend="bulleted" type="basic">
                    <item>Encoding has been done using the recommendations for Level 3 of the "TEI
                        in Libraries Guidelines."</item>
                    <item>Individual entries and page-breaks are encoded, but column breaks are
                        omitted.</item>
                    <item>Print page headers and side descriptions are not included.</item>
                    <item>OCR successfully reproduced simple tables, but complex tabular data is not
                        captured dependably and the results should not be relied upon.</item>
                    <item>OCR was not able to successfully reproduce math and chemical formulas. The
                        uncorrected results remain in the text.</item>
                    <item>Some font formatting is preserved: <val>italic</val>,
                        <val>smallcaps</val>, <val>strikethrough</val>, <val>subscript</val>,
                        <val>superscript</val>, <val>underline</val>. The following print styles are
                        ignored: bold, font size, typeface.</item>
                    </list></ab>
                <correction method="markup" status="low">
                    <p>This electronic text file was created by optical character recognition (OCR).
                        OCR errors have not been corrected.</p>
                    <p>Illegible text in the original is indicated using <gi>unclear</gi> or
                        <gi>gap</gi>, as appropriate. If corrected, the reference source is
                        indicated with <gi>supplied</gi>.</p>
                </correction>
                <normalization method="silent">
                    <p>Original spelling is preserved. When noticed, obvious misspellings are
                        combined with the correct spelling as <gi>choice</gi> in the TEI. Ligatures
                        are reproduced as multiple letters. Original footnote and marginal note
                        sigla are replaced with sequential numbers for each entry.</p>
                </normalization>
                <punctuation marks="some">
                    <p>Extra space around punctuation marks is removed.</p>
                </punctuation>
                <quotation marks="some">
                    <p>Quotation marks are retained as content in the text. Redundant open quotation
                        marks at the start of lines inside block quotes are silently removed.</p>
                </quotation>
                <hyphenation eol="hard">
                    <p>Soft hyphens are silently removed.</p>
                </hyphenation>
                <segmentation>
                    <p>The <tag>div type="entry"</tag> element divides the text into individual
                        entries.</p>
                    <p>The <tag>div type="section"</tag> and <tag>div type="subsection"</tag>
                        elements are reserved for future entry subsections.</p>
                </segmentation>
            </editorialDecl>
            <tagsDecl>
                <namespace name="http://www.tei-c.org/ns/1.0">
                    <tagUsage gi="div">Unnumbered divs used.</tagUsage>
                </namespace>
            </tagsDecl>
            <projectDesc>
                <p>All text was encoded for the Nineteenth-Century Knowledge Project to provide a
                    machine-readable edition of the Encyclopedia Britannica to analyze using
                    machine-learning methods.</p>
                <p>Subject keywords are added to <gi>teiHeader</gi> for each entry; they were
                    generated by the HIVE2 automated vocabulary server, created by the Metadata
                    Research Center at Drexel University (<link
                    target="https://hive2.cci.drexel.edu"/>https://hive2.cci.drexel.edu).</p>
            </projectDesc>
            <samplingDecl>
                <p>This release reproduces the text matter for all entries. It does not include
                    images, front- or back-matter. The reproduction of tables and formulae is
                    unreliable. </p>
            </samplingDecl>
            <listPrefixDef>
                <prefixDef ident="fast" matchPattern="(\d+)"
                    replacementPattern="http://id.worldcat.org/fast/$1">
                    <p>URIs with the prefix <code>fastgeo:</code> point to terms in the OCLC FAST
                        (Faceted Application of Subject Terminology) Geographical subject heading
                        schema derived from the Library of Congress Subject Headings (LCSH).</p>
                </prefixDef>
                <prefixDef ident="fast" matchPattern="(\d+)"
                    replacementPattern="http://id.worldcat.org/fast/$1">
                    <p>URIs with the prefix <code>fasttopic:</code> point to terms in the OCLC FAST
                        (Faceted Application of Subject Terminology) Topical subject heading schema
                        derived from the Library of Congress Subject Headings (LCSH).</p>
                </prefixDef>
                <prefixDef ident="lcsh1910" matchPattern="(\w+)"
                    replacementPattern="https://n2t.net/ark:/99152/$1">
                    <p>URIs with the prefix <code>lcsh1910:</code> point to subject terms in <hi
                        rend="italic">Subject Headings Used in the Dictionary Catalogues of the
                        Library of Congress</hi>, 2 vols., Library of Congress, 1910.</p>
                </prefixDef>
                <prefixDef ident="ht" matchPattern="([\w\-\.;=\&#34;&amp;]+)"
                    replacementPattern="https://babel.hathitrust.org/cgi/pt?id=$1">
                    <p>URIs with the prefix <code>ht:</code> point to page images in the Hathi
                        Trust.</p>
                </prefixDef>
                <prefixDef ident="ia" matchPattern="(\w+)"
                    replacementPattern="https://archive.org/details/$1">
                    <p>URIs with the prefix <code>ia:</code> point to page images in the Internet
                        Archive.</p>
                </prefixDef>
                <prefixDef ident="nls" matchPattern="([\w?\=]+)"
                    replacementPattern="https://digital.nls.uk/encyclopaedia-britannica/archive/$1">
                    <p>URIs with the prefix <code>nls:</code> point to page images in the National
                        Library of Scotland.</p>
                </prefixDef>
            </listPrefixDef>
        </encodingDesc>
        <profileDesc>
            <textClass default="false">
                <keywords scheme="http://id.worldcat.org/fast/">
                    <term n="3" ref="fasttopic:839044">British</term>
                    <term n="1" ref="fasttopic:916820">Europeans</term>
                    <term n="1" ref="fasttopic:910709">English</term>
                    <term n="1" ref="fasttopic:1149096">Thais</term>
                    <term n="5" ref="fasttopic:1110395">Seas</term>
                    <term n="4" ref="fasttopic:1098312">Rivers</term>
                    <term n="2" ref="fasttopic:931268">Foot</term>
                    <term n="2" ref="fasttopic:950823">Hand</term>
                    <term n="2" ref="fasttopic:1133812">Stone</term>
                </keywords>
                <keywords scheme="https://id.cci.drexel.edu/">
                    <term n="5" ref="lcsh1910:b4kk94m4s">Sea</term>
                    <term n="4" ref="lcsh1910:b4wh2dg8p">Rivers</term>
                    <term n="3" ref="lcsh1910:b4tt4fw6r">East</term>
                    <term n="2" ref="lcsh1910:b4q815225">Trade</term>
                    <term n="2" ref="lcsh1910:b4513v11w">Water</term>
                </keywords>
            </textClass>
        </profileDesc>
        <revisionDesc status="published">
            <listChange>
                <change status="public" when="2025-08-15" who="#pml">v1.1. Isolates one entry;
                    corrects "B.c." and variants; replaces "bom" with "born", removed 783 instances
                    of extra space before semicolon. Separates metadata in <gi>teiHeader</gi> into
                    two separate facets: FAST Topical and FAST Geographical.</change>
                <change status="public" when="2023-02-28" who="#pml">v.1 published</change>
                <change status="public" when="2023-02-27" who="#pml">v.1 teiHeader XSL
                    finished</change>
            </listChange>
        </revisionDesc>
    </teiHeader>
    <text>
        <body>
            <div facs="ia:encyclopediabrit13newyrich/page/n226/mode/1up" type="entry">
                <p><label type="entry">IRAWADI, or <hi rend="smallcaps">Irrawaddy</hi></label>, the
                    principal river in the province of British Burmah, traversing the Pegu division
                    from north to south. The Irawadi is formed by the junction of two streams whose
                    source is as yet unknown, in about 26° N. lat. The chief tributaries are the
                    Mogoung, from the westward, which throws its water into the main stream (here
                    600 yards wide), in 24° 50' N. lat., and the Shwe li and Kyeng-dweng. Shortly
                    after leaving the mouth of the Mogoung it enters the first or upper defile. Here
                    the current is very rapid, and the return waters occasion violent eddies and
                    whirlpools. When the river is at its lowest, no bottom is found even at 40
                    fathoms. After receiving the Ta-peng from the east, it enters the second defile,
                    which is exceedingly picturesque, the stream winding in perfect stillness under
                    high bare rocks rising sheer out of the water. Farther down the Irawadi, and not
                    far from Mandalay, is the third or lowest defile. The banks are covered at this
                    point with dense vegetation, and slope down to the water’s edge; at places
                    appear almost perpendicular but wooded heights. The course of the Irawadi after
                    receiving the waters of the Myit-nge and Tsagaing, as far as 17° N. lat., is
                    exceedingly tortuous; the British frontier is crossed in 19° 29' 3" N. lat., 95°
                    15' E. long., the breadth of the river here being f mile; about 11 miles lower
                    down it is nearly 3 miles broad. At Akouk-toung, where a spur of the Arakan
                    hills ends in a precipice 300 feet high, the river enters the delta, the hills
                    giving place to low alluvial plains, now protected on the west by embankments.
                    From 17° N. lat. the Irawadi divides and subdivides, converting the lower
                    portion of its valley into a network of intercommunicating tidal creeks. It
                    reaches the sea in 15° 50' N. lat. and 95° 8' E. long., by nine principal
                    mouths. The only ones used by sea-going ships are the Bassein and Rangoon
                    mouths. The area of the catchment basin of the Irawadi is 158,000 square miles;
                    its total length from its known source to the sea is about 900 miles, the last
                    240 of which are in British territory. As far down as Akouk-toung in Henzada
                    district its bed is rocky, but below this sandy and muddy. It is full of islands
                    and sandbanks; its waters are extremely muddy, and the mud is carried far out to
                    sea. The river commences to rise in March; about June it rises rapidly, and
                    attains its maximum height about September. The total flood discharge for 1877
                    was 466,120,288,940 metre tons of 37 cubic feet. The river is navigable at all
                    seasons by steamers of light draught as high as the first defile, and during the
                    dry season for steamers drawing 6 feet as far as the frontier. The chief
                    tributaries of the Irawadi in British territory are the Tha-htùn (or Theug-dùn),
                    the Tha-de, and Thai-lai-dau from the west; and the Kye-ni, Bhwotlay, and
                    Na-weng from the east. Below Akouk-toung on the west and Prome on the east the
                    Irawadi receives no tributaries of any importance..</p>
                <p>The broad channel of the Irawadi has always been the sole means of communication
                    between the interior and the seaboard. From time immemorial the precious stones,
                    minerals, &amp;c., of Upper Burmah, Siam, and the Chinese frontier provinces
                    have been brought down by this route. At the present day the great bulk of the
                    trade is in the hands of the “Irrawaddy Flotilla Company,” an important English
                    carrying firm; but native boats still maintain a strenuous competition. The
                    flotilla of the company consists of about sixty vessels, including both steamers
                    and flats. They employ about 1770 hands, European and native, and distribute in
                    wages upwards of £50,000 a year. Their headquarters are at Rangoon, whence
                    steamers run twice a week to Bassein, and also to Mandalay.</p>
                <pb break="no" facs="ia:encyclopediabrit13newyrich/page/n227/mode/1up"
                    xml:id="kp-eb0913-0227-0214"/>
                <p>The latter service is continued twice a month to Bhamo, about 1000 miles from the
                    sea. The principal articles carried up stream are Manchester piece goods, rice,
                    salt, hardware, and silk. The articles carried down stream are raw cotton,
                    cutch, india-rubber, jade, spices, precious stones, timber, earth-oil, and dry
                    crops, such as wheat and pease. The value of the trade either way is roughly
                    estimated at about 1⅜ millions sterling. The total number of native boats on the
                    Ira wadi is returned at about 8000. They carry a large proportion of the heavy
                    articles of commerce, especially cutch and earth-oil.</p>
            </div>
        </body>
    </text>
</TEI>
