<?xml version="1.0" encoding="utf-8"?><?xml-model  href="https://TU-plogan.github.io/code/odd/tei_kp1.rng" type="application/xml" schematypens="http://relaxng.org/ns/structure/1.0"?>
<TEI xml:id="kp-eb0913-0212-0201-01" xml:lang="en" xmlns="http://www.tei-c.org/ns/1.0">
    <teiHeader>
        <fileDesc>
            <titleStmt xml:id="eb09_v1.1">
                <title level="a" type="main">INVESTITURE</title>
                <title level="m" type="main">Encyclopaedia Britannica: A machine-readable
                    transcription</title>
                <title level="m" type="sub">9th edition, volume 13, page 201</title>
                <editor>Edited by <persName ref="https://orcid.org/0000-0003-2362-8282"
                    role="editor" xml:id="pml">Peter Melville Logan</persName></editor>
                <respStmt>
                    <orgName xml:id="kp">Nineteenth-Century Knowledge Project Staff,
                        <affiliation>Temple University</affiliation></orgName>
                    <resp>OCR transcription and data management</resp>
                </respStmt>
                <respStmt>
                    <persName ref="https://orcid.org/0000-0001-7819-5360" xml:id="jg">Jane
                        Greenberg, <affiliation>Metadata Research Center, Drexel
                        University</affiliation></persName>
                    <resp>metadata development</resp>
                </respStmt>
                <respStmt>
                    <persName xml:id="dk">Don Kretz, <affiliation>Distributed
                        Proofreading</affiliation></persName>
                    <resp>data management</resp>
                </respStmt>
                <funder><orgName ref="http://viaf.org/viaf/137796012" xml:id="neh">National
                    Endowment for the Humanities</orgName></funder>
                <funder><orgName ref="http://viaf.org/viaf/121974598" xml:id="imls">Institute of
                    Museum and Library Services</orgName></funder>
                <funder><orgName ref="http://viaf.org/viaf/127396206" xml:id="tu">Temple
                    University</orgName></funder>
                <sponsor><orgName ref="http://viaf.org/viaf/3653147665869560670009" xml:id="cci"
                    >Drexel University, College of Computing &amp; Informatics</orgName></sponsor>
            </titleStmt>
            <editionStmt>
                <edition n="1.1">Version 1.1 <date when="2025">2025</date></edition>
            </editionStmt>
            <extent>486 MB; 17,775 XML files</extent>
            <publicationStmt>
                <publisher corresp="kp"><orgName corresp="kp">Nineteenth-Century Knowledge
                    Project</orgName><email>nckp@temple.edu</email><link
                    target="https://github.com/TU-plogan/KnowledgeProject"/></publisher>
                <availability status="free">
                    <p>Licensed under a Creative Commons Attribution 4.0 International License.</p>
                    <licence target="https://creativecommons.org/licenses/by/4.0/"> CC BY 4.0
                    </licence>
                </availability>
                <date when="2025">2025</date>
            </publicationStmt>
            <seriesStmt>
                <title level="s">Encyclopaedia Britannica: A machine-readable transcription</title>
                <editor corresp="pml">Peter Melville Logan</editor>
            </seriesStmt>
            <sourceDesc>
                <biblFull xml:lang="en">
                    <titleStmt>
                        <title level="m">Encyclopaedia Britannica</title>
                        <editor><persName ref="http://viaf.org/viaf/12465694" xml:id="mn">Baynes, T.
                            Spencer (Thomas Spencer), <date from="1823" to="1887"
                            >1823-1887</date></persName></editor>
                    </titleStmt>
                    <editionStmt>
                        <edition>Ninth Edition</edition>
                    </editionStmt>
                    <extent><measure quantity="25" unit="vol">25 volumes</measure></extent>
                    <publicationStmt>
                        <publisher>Charles Scribner's Sons</publisher>
                        <authority>Authorized reprint from Edinburgh plates</authority>
                        <pubPlace>New York</pubPlace>
                        <date from="1875" to="1889">1875-1889</date>
                    </publicationStmt>
                    <sourceDesc>
                        <bibl xml:id="ia-uc"><title>Encyclopaedia Britannica: a dictionary of arts,
                            sciences, and general literature</title><publisher><orgName
                            ref="https://archive.org/">Internet Archive</orgName><orgName
                            ref="https://archive.org/details/cdl">University of California
                            Libraries, California Digital Library</orgName></publisher><date
                            when="2019">2006</date><idno type="OCLC">592355607</idno><idno
                            type="ark">13960/t0ks6j612</idno><availability>
                            <p>Internet Archive: NOT_IN_COPYRIGHT</p>
                            </availability></bibl>
                    </sourceDesc>
                </biblFull>
                <listBibl>
                    <head>Alternate image sources for this edition:</head>
                    <desc>Alternate images of the same print editions were substituted when the
                        primary source had unusable images for those pages.</desc>
                    <bibl xml:id="um-ht">Hathi Trust, from print source at the University of
                        Michigan: vol. 14, pp. 34-35; vol. 15, pp. 170-171.</bibl>
                </listBibl>
            </sourceDesc>
        </fileDesc>
        <encodingDesc>
            <editorialDecl>
                <ab><list rend="bulleted" type="basic">
                    <item>Encoding has been done using the recommendations for Level 3 of the "TEI
                        in Libraries Guidelines."</item>
                    <item>Individual entries and page-breaks are encoded, but column breaks are
                        omitted.</item>
                    <item>Print page headers and side descriptions are not included.</item>
                    <item>OCR successfully reproduced simple tables, but complex tabular data is not
                        captured dependably and the results should not be relied upon.</item>
                    <item>OCR was not able to successfully reproduce math and chemical formulas. The
                        uncorrected results remain in the text.</item>
                    <item>Some font formatting is preserved: <val>italic</val>,
                        <val>smallcaps</val>, <val>strikethrough</val>, <val>subscript</val>,
                        <val>superscript</val>, <val>underline</val>. The following print styles are
                        ignored: bold, font size, typeface.</item>
                    </list></ab>
                <correction method="markup" status="low">
                    <p>This electronic text file was created by optical character recognition (OCR).
                        OCR errors have not been corrected.</p>
                    <p>Illegible text in the original is indicated using <gi>unclear</gi> or
                        <gi>gap</gi>, as appropriate. If corrected, the reference source is
                        indicated with <gi>supplied</gi>.</p>
                </correction>
                <normalization method="silent">
                    <p>Original spelling is preserved. When noticed, obvious misspellings are
                        combined with the correct spelling as <gi>choice</gi> in the TEI. Ligatures
                        are reproduced as multiple letters. Original footnote and marginal note
                        sigla are replaced with sequential numbers for each entry.</p>
                </normalization>
                <punctuation marks="some">
                    <p>Extra space around punctuation marks is removed.</p>
                </punctuation>
                <quotation marks="some">
                    <p>Quotation marks are retained as content in the text. Redundant open quotation
                        marks at the start of lines inside block quotes are silently removed.</p>
                </quotation>
                <hyphenation eol="hard">
                    <p>Soft hyphens are silently removed.</p>
                </hyphenation>
                <segmentation>
                    <p>The <tag>div type="entry"</tag> element divides the text into individual
                        entries.</p>
                    <p>The <tag>div type="section"</tag> and <tag>div type="subsection"</tag>
                        elements are reserved for future entry subsections.</p>
                </segmentation>
            </editorialDecl>
            <tagsDecl>
                <namespace name="http://www.tei-c.org/ns/1.0">
                    <tagUsage gi="div">Unnumbered divs used.</tagUsage>
                </namespace>
            </tagsDecl>
            <projectDesc>
                <p>All text was encoded for the Nineteenth-Century Knowledge Project to provide a
                    machine-readable edition of the Encyclopedia Britannica to analyze using
                    machine-learning methods.</p>
                <p>Subject keywords are added to <gi>teiHeader</gi> for each entry; they were
                    generated by the HIVE2 automated vocabulary server, created by the Metadata
                    Research Center at Drexel University (<link
                    target="https://hive2.cci.drexel.edu"/>https://hive2.cci.drexel.edu).</p>
            </projectDesc>
            <samplingDecl>
                <p>This release reproduces the text matter for all entries. It does not include
                    images, front- or back-matter. The reproduction of tables and formulae is
                    unreliable. </p>
            </samplingDecl>
            <listPrefixDef>
                <prefixDef ident="fast" matchPattern="(\d+)"
                    replacementPattern="http://id.worldcat.org/fast/$1">
                    <p>URIs with the prefix <code>fastgeo:</code> point to terms in the OCLC FAST
                        (Faceted Application of Subject Terminology) Geographical subject heading
                        schema derived from the Library of Congress Subject Headings (LCSH).</p>
                </prefixDef>
                <prefixDef ident="fast" matchPattern="(\d+)"
                    replacementPattern="http://id.worldcat.org/fast/$1">
                    <p>URIs with the prefix <code>fasttopic:</code> point to terms in the OCLC FAST
                        (Faceted Application of Subject Terminology) Topical subject heading schema
                        derived from the Library of Congress Subject Headings (LCSH).</p>
                </prefixDef>
                <prefixDef ident="lcsh1910" matchPattern="(\w+)"
                    replacementPattern="https://n2t.net/ark:/99152/$1">
                    <p>URIs with the prefix <code>lcsh1910:</code> point to subject terms in <hi
                        rend="italic">Subject Headings Used in the Dictionary Catalogues of the
                        Library of Congress</hi>, 2 vols., Library of Congress, 1910.</p>
                </prefixDef>
                <prefixDef ident="ht" matchPattern="([\w\-\.;=\&#34;&amp;]+)"
                    replacementPattern="https://babel.hathitrust.org/cgi/pt?id=$1">
                    <p>URIs with the prefix <code>ht:</code> point to page images in the Hathi
                        Trust.</p>
                </prefixDef>
                <prefixDef ident="ia" matchPattern="(\w+)"
                    replacementPattern="https://archive.org/details/$1">
                    <p>URIs with the prefix <code>ia:</code> point to page images in the Internet
                        Archive.</p>
                </prefixDef>
                <prefixDef ident="nls" matchPattern="([\w?\=]+)"
                    replacementPattern="https://digital.nls.uk/encyclopaedia-britannica/archive/$1">
                    <p>URIs with the prefix <code>nls:</code> point to page images in the National
                        Library of Scotland.</p>
                </prefixDef>
            </listPrefixDef>
        </encodingDesc>
        <profileDesc>
            <textClass default="false">
                <keywords scheme="http://id.worldcat.org/fast/">
                    <term n="1" ref="fasttopic:833378">Bishops</term>
                    <term n="3" ref="fasttopic:1098014">Rings</term>
                    <term n="2" ref="fasttopic:1058777">Personals</term>
                    <term n="2" ref="fasttopic:1058667">Personality</term>
                    <term n="2" ref="fasttopic:1058664">Personalism</term>
                    <term n="2" ref="fasttopic:1100116">Romans</term>
                    <term n="1" ref="fasttopic:942100">Germans</term>
                    <term n="1" ref="fasttopic:1181421">Worms</term>
                    <term n="1" ref="fasttopic:942099">Germanization</term>
                </keywords>
                <keywords scheme="http://id.worldcat.org/fast/">
                    <term n="3" ref="fastgeo:1754964">Rome</term>
                    <term n="1" ref="fastgeo:1219920">England</term>
                </keywords>
                <keywords scheme="https://id.cci.drexel.edu/">
                    <term n="1" ref="lcsh1910:b42804z62">Bishops</term>
                    <term n="3" ref="lcsh1910:b4tm7245x">Rings</term>
                    <term n="2" ref="lcsh1910:b4s17sx86">Personality</term>
                    <term n="2" ref="lcsh1910:b4df6k675">Freedom</term>
                    <term n="2" ref="lcsh1910:b4pn8xd98">Acting</term>
                    <term n="1" ref="lcsh1910:b4ff3m43x">Worms</term>
                    <term n="1" ref="lcsh1910:b45m62b4v">Germans</term>
                </keywords>
            </textClass>
        </profileDesc>
        <revisionDesc status="published">
            <listChange>
                <change status="public" when="2025-08-15" who="#pml">v1.1. Isolates one entry;
                    corrects "B.c." and variants; replaces "bom" with "born", removed 783 instances
                    of extra space before semicolon. Separates metadata in <gi>teiHeader</gi> into
                    two separate facets: FAST Topical and FAST Geographical.</change>
                <change status="public" when="2023-02-28" who="#pml">v.1 published</change>
                <change status="public" when="2023-02-27" who="#pml">v.1 teiHeader XSL
                    finished</change>
            </listChange>
        </revisionDesc>
    </teiHeader>
    <text>
        <body>
            <div facs="ia:encyclopediabrit13newyrich/page/n212/mode/1up" type="entry">
                <p><label type="entry">INVESTITURE</label>, in feudal phraseology, means the act of
                    giving corporal possession of a manor or office,—an act which was usually
                    conjoined with some significant ceremonial, such as the delivery of a branch, a
                    banner, or some other appropriate symbol of the thing conveyed. Investiture with
                    staff and ring was during and after the 11th century the name given to the
                    ceremony by which ecclesiastical dignitaries were admitted by the civil power to
                    possession of the temporalities of their office. The word investiture (from
                    “vestire,” to put in possession; see Ducange) is later than the 9th century; the
                    thing itself is an outcome of the feudal system. Under the Frankish monarchy the
                    idea came very early into vogue that the right of nominating bishops lay with
                    the sovereign,—an idea that gained currency all the more widely, especially in
                    Germany, as the territorial and temporal character of the bishoprics and
                    abbacies, with their various immunities and privileges of coinage, toll, market,
                    and the like, gradually came into prominence, and their spiritual nature and
                    functions were proportionally obscured. It was indeed but logical that
                    ecclesiastics, so far as they were the holders of lands, should not be exempted
                    from the ordinary obligations of feudatories to their suzerain; nor was this
                    view seriously disputed until after the middle of the 11th century, when the
                    views of Hildebrand (afterwards Pope Gregory VII. ), who aimed at asserting the
                    absolute freedom of the church from all secular control, began to prevail at
                    Rome. Thus a Roman synod in 1063 forbade all clergymen from accepting churches
                    at the hands of laymen; and in 1068 a direct collision took place at Milan
                    between the German court, which had invested a bishop in the usual way, and the
                    populace, who under papal influence insisted on the appointment of one who had
                    been canonically elected in accordance with the views of the reforming church
                    party. In 1075 (the second year of his pontificate) Gregory VII. in a council
                    held at Rome(Labbé, <hi rend="italic">Cone.,</hi> vol. xii., ed. 1730) in the
                    most stringent terms deposed .every bishop, abbot, or inferior ecclesiastic who
                    should receive investiture from any lay person, interdicted any one who should
                    be guilty of rebellion from all communion in the favour of St Peter and from all
                    fellowship with the church, and imposed a similar sentence on any emperor, duke,
                    marquis, count, or other secular person who should presume to grant such
                    investiture of bishopric or inferior dignity. The conflict between the empire
                    and the Roman See, which began with this decree, was carried on with varying
                    success throughout the whole of that pontificate, and was continued by Gregory’s
                    successors, with more than one unsuccessful effort at an adjustment, until in
                    the concordat of Worms (1122) it was agreed between Henry V. and Calixtus II.,
                    on the one hand, that the emperor should surrender to the church the right of
                    investiture by the ring and the pastoral staff, grant to the clergy throughout
                    the empire the right of free election, and restore the possessions and feudal
                    sovereignties which had been seized during the wars in his father’s time and his
                    own; while, on the other hand, it was conceded by the pope that all elections of
                    bishops and abbots should take place in the presence of the emperor or his
                    commissioners, and that every bishop elect in Germany should receive, by the
                    touch of the sceptre, all the temporal rights, principalities, and possessions
                    of the see, excepting those which were held immediately of Rome. It was also
                    stipulated that in all other parts of the empire (Italy and Burgundy) the
                    royalties should be granted to the freely elected bishoυ within six months after
                    consecration. Later, <pb break="no"
                    facs="ia:encyclopediabrit13newyrich/page/n213/mode/1up"
                    xml:id="kp-eb0913-0213-0202"/> the imperial control over the election of bishops
                    in Germany came to be in practice much curtailed, partly by the tacitly changed
                    relations between the empire and its feudatories, partly by explicit concessions
                    wrung at various times from individual emperors (Otto IV. in 1209, Frederick II.
                    in 1213); but the principles of the concordat of Worms continued theoretically
                    to regulate the tenure of bishoprics and abbacies until the dissolution of the
                    empire in 1806.</p>
                <p>The question of investitures never assumed an aspect of first rate importance in
                    France, partly because the bishoprics there partook less than in Germany of the
                    nature of secular principalities, partly because at an early period in the
                    dispute the sovereigns voluntarily yielded the leading claims of the church
                    party. In England an arrangement was come to as early as 1105 between Pascal II.
                    and Henry I., in virtue of which the king gave up the right to invest with staff
                    and ring, but retained the right to nominate his bishops and to exact from them
                    the oath of allegiance. A certain freedom of election, somewhat similar to that
                    which still exists (but see <hi rend="smallcaps">Bishop),</hi> was first
                    conceded under Stephen, and confirmed by John in 1215.</p>
            </div>
        </body>
    </text>
</TEI>
