<?xml version="1.0" encoding="utf-8"?><?xml-model  href="https://TU-plogan.github.io/code/odd/tei_kp1.rng" type="application/xml" schematypens="http://relaxng.org/ns/structure/1.0"?>
<TEI xml:id="kp-eb0901-0303-0282-03" xml:lang="en" xmlns="http://www.tei-c.org/ns/1.0">
    <teiHeader>
        <fileDesc>
            <titleStmt xml:id="eb09_v1.1">
                <title level="a" type="main">AGINCOURT, or Azincourt</title>
                <title level="m" type="main">Encyclopaedia Britannica: A machine-readable
                    transcription</title>
                <title level="m" type="sub">9th edition, volume 1, page 282</title>
                <editor>Edited by <persName ref="https://orcid.org/0000-0003-2362-8282"
                    role="editor" xml:id="pml">Peter Melville Logan</persName></editor>
                <respStmt>
                    <orgName xml:id="kp">Nineteenth-Century Knowledge Project Staff,
                        <affiliation>Temple University</affiliation></orgName>
                    <resp>OCR transcription and data management</resp>
                </respStmt>
                <respStmt>
                    <persName ref="https://orcid.org/0000-0001-7819-5360" xml:id="jg">Jane
                        Greenberg, <affiliation>Metadata Research Center, Drexel
                        University</affiliation></persName>
                    <resp>metadata development</resp>
                </respStmt>
                <respStmt>
                    <persName xml:id="dk">Don Kretz, <affiliation>Distributed
                        Proofreading</affiliation></persName>
                    <resp>data management</resp>
                </respStmt>
                <funder><orgName ref="http://viaf.org/viaf/137796012" xml:id="neh">National
                    Endowment for the Humanities</orgName></funder>
                <funder><orgName ref="http://viaf.org/viaf/121974598" xml:id="imls">Institute of
                    Museum and Library Services</orgName></funder>
                <funder><orgName ref="http://viaf.org/viaf/127396206" xml:id="tu">Temple
                    University</orgName></funder>
                <sponsor><orgName ref="http://viaf.org/viaf/3653147665869560670009" xml:id="cci"
                    >Drexel University, College of Computing &amp; Informatics</orgName></sponsor>
            </titleStmt>
            <editionStmt>
                <edition n="1.1">Version 1.1 <date when="2025">2025</date></edition>
            </editionStmt>
            <extent>486 MB; 17,775 XML files</extent>
            <publicationStmt>
                <publisher corresp="kp"><orgName corresp="kp">Nineteenth-Century Knowledge
                    Project</orgName><email>nckp@temple.edu</email><link
                    target="https://github.com/TU-plogan/KnowledgeProject"/></publisher>
                <availability status="free">
                    <p>Licensed under a Creative Commons Attribution 4.0 International License.</p>
                    <licence target="https://creativecommons.org/licenses/by/4.0/"> CC BY 4.0
                    </licence>
                </availability>
                <date when="2025">2025</date>
            </publicationStmt>
            <seriesStmt>
                <title level="s">Encyclopaedia Britannica: A machine-readable transcription</title>
                <editor corresp="pml">Peter Melville Logan</editor>
            </seriesStmt>
            <sourceDesc>
                <biblFull xml:lang="en">
                    <titleStmt>
                        <title level="m">Encyclopaedia Britannica</title>
                        <editor><persName ref="http://viaf.org/viaf/12465694" xml:id="mn">Baynes, T.
                            Spencer (Thomas Spencer), <date from="1823" to="1887"
                            >1823-1887</date></persName></editor>
                    </titleStmt>
                    <editionStmt>
                        <edition>Ninth Edition</edition>
                    </editionStmt>
                    <extent><measure quantity="25" unit="vol">25 volumes</measure></extent>
                    <publicationStmt>
                        <publisher>Charles Scribner's Sons</publisher>
                        <authority>Authorized reprint from Edinburgh plates</authority>
                        <pubPlace>New York</pubPlace>
                        <date from="1875" to="1889">1875-1889</date>
                    </publicationStmt>
                    <sourceDesc>
                        <bibl xml:id="ia-uc"><title>Encyclopaedia Britannica: a dictionary of arts,
                            sciences, and general literature</title><publisher><orgName
                            ref="https://archive.org/">Internet Archive</orgName><orgName
                            ref="https://archive.org/details/cdl">University of California
                            Libraries, California Digital Library</orgName></publisher><date
                            when="2019">2006</date><idno type="OCLC">592355607</idno><idno
                            type="ark">13960/t0ks6j612</idno><availability>
                            <p>Internet Archive: NOT_IN_COPYRIGHT</p>
                            </availability></bibl>
                    </sourceDesc>
                </biblFull>
                <listBibl>
                    <head>Alternate image sources for this edition:</head>
                    <desc>Alternate images of the same print editions were substituted when the
                        primary source had unusable images for those pages.</desc>
                    <bibl xml:id="um-ht">Hathi Trust, from print source at the University of
                        Michigan: vol. 14, pp. 34-35; vol. 15, pp. 170-171.</bibl>
                </listBibl>
            </sourceDesc>
        </fileDesc>
        <encodingDesc>
            <editorialDecl>
                <ab><list rend="bulleted" type="basic">
                    <item>Encoding has been done using the recommendations for Level 3 of the "TEI
                        in Libraries Guidelines."</item>
                    <item>Individual entries and page-breaks are encoded, but column breaks are
                        omitted.</item>
                    <item>Print page headers and side descriptions are not included.</item>
                    <item>OCR successfully reproduced simple tables, but complex tabular data is not
                        captured dependably and the results should not be relied upon.</item>
                    <item>OCR was not able to successfully reproduce math and chemical formulas. The
                        uncorrected results remain in the text.</item>
                    <item>Some font formatting is preserved: <val>italic</val>,
                        <val>smallcaps</val>, <val>strikethrough</val>, <val>subscript</val>,
                        <val>superscript</val>, <val>underline</val>. The following print styles are
                        ignored: bold, font size, typeface.</item>
                    </list></ab>
                <correction method="markup" status="low">
                    <p>This electronic text file was created by optical character recognition (OCR).
                        OCR errors have not been corrected.</p>
                    <p>Illegible text in the original is indicated using <gi>unclear</gi> or
                        <gi>gap</gi>, as appropriate. If corrected, the reference source is
                        indicated with <gi>supplied</gi>.</p>
                </correction>
                <normalization method="silent">
                    <p>Original spelling is preserved. When noticed, obvious misspellings are
                        combined with the correct spelling as <gi>choice</gi> in the TEI. Ligatures
                        are reproduced as multiple letters. Original footnote and marginal note
                        sigla are replaced with sequential numbers for each entry.</p>
                </normalization>
                <punctuation marks="some">
                    <p>Extra space around punctuation marks is removed.</p>
                </punctuation>
                <quotation marks="some">
                    <p>Quotation marks are retained as content in the text. Redundant open quotation
                        marks at the start of lines inside block quotes are silently removed.</p>
                </quotation>
                <hyphenation eol="hard">
                    <p>Soft hyphens are silently removed.</p>
                </hyphenation>
                <segmentation>
                    <p>The <tag>div type="entry"</tag> element divides the text into individual
                        entries.</p>
                    <p>The <tag>div type="section"</tag> and <tag>div type="subsection"</tag>
                        elements are reserved for future entry subsections.</p>
                </segmentation>
            </editorialDecl>
            <tagsDecl>
                <namespace name="http://www.tei-c.org/ns/1.0">
                    <tagUsage gi="div">Unnumbered divs used.</tagUsage>
                </namespace>
            </tagsDecl>
            <projectDesc>
                <p>All text was encoded for the Nineteenth-Century Knowledge Project to provide a
                    machine-readable edition of the Encyclopedia Britannica to analyze using
                    machine-learning methods.</p>
                <p>Subject keywords are added to <gi>teiHeader</gi> for each entry; they were
                    generated by the HIVE2 automated vocabulary server, created by the Metadata
                    Research Center at Drexel University (<link
                    target="https://hive2.cci.drexel.edu"/>https://hive2.cci.drexel.edu).</p>
            </projectDesc>
            <samplingDecl>
                <p>This release reproduces the text matter for all entries. It does not include
                    images, front- or back-matter. The reproduction of tables and formulae is
                    unreliable. </p>
            </samplingDecl>
            <listPrefixDef>
                <prefixDef ident="fast" matchPattern="(\d+)"
                    replacementPattern="http://id.worldcat.org/fast/$1">
                    <p>URIs with the prefix <code>fastgeo:</code> point to terms in the OCLC FAST
                        (Faceted Application of Subject Terminology) Geographical subject heading
                        schema derived from the Library of Congress Subject Headings (LCSH).</p>
                </prefixDef>
                <prefixDef ident="fast" matchPattern="(\d+)"
                    replacementPattern="http://id.worldcat.org/fast/$1">
                    <p>URIs with the prefix <code>fasttopic:</code> point to terms in the OCLC FAST
                        (Faceted Application of Subject Terminology) Topical subject heading schema
                        derived from the Library of Congress Subject Headings (LCSH).</p>
                </prefixDef>
                <prefixDef ident="lcsh1910" matchPattern="(\w+)"
                    replacementPattern="https://n2t.net/ark:/99152/$1">
                    <p>URIs with the prefix <code>lcsh1910:</code> point to subject terms in <hi
                        rend="italic">Subject Headings Used in the Dictionary Catalogues of the
                        Library of Congress</hi>, 2 vols., Library of Congress, 1910.</p>
                </prefixDef>
                <prefixDef ident="ht" matchPattern="([\w\-\.;=\&#34;&amp;]+)"
                    replacementPattern="https://babel.hathitrust.org/cgi/pt?id=$1">
                    <p>URIs with the prefix <code>ht:</code> point to page images in the Hathi
                        Trust.</p>
                </prefixDef>
                <prefixDef ident="ia" matchPattern="(\w+)"
                    replacementPattern="https://archive.org/details/$1">
                    <p>URIs with the prefix <code>ia:</code> point to page images in the Internet
                        Archive.</p>
                </prefixDef>
                <prefixDef ident="nls" matchPattern="([\w?\=]+)"
                    replacementPattern="https://digital.nls.uk/encyclopaedia-britannica/archive/$1">
                    <p>URIs with the prefix <code>nls:</code> point to page images in the National
                        Library of Scotland.</p>
                </prefixDef>
            </listPrefixDef>
        </encodingDesc>
        <profileDesc>
            <textClass default="false">
                <keywords scheme="http://id.worldcat.org/fast/">
                    <term n="3" ref="fastgeo:1219920">England</term>
                </keywords>
                <keywords scheme="https://id.cci.drexel.edu/">
                    <term n="5" ref="lcsh1910:b4xg9fb1j">Archers</term>
                    <term n="4" ref="lcsh1910:b4h12v74r">Arrows</term>
                    <term n="2" ref="lcsh1910:b4sx6497c">Wings</term>
                    <term n="2" ref="lcsh1910:b49s1kk48">Arm</term>
                    <term n="1" ref="lcsh1910:b4b27pq8k">Numbers</term>
                </keywords>
                <keywords scheme="http://id.worldcat.org/fast/">
                    <term n="11" ref="fasttopic:934209">French</term>
                    <term n="5" ref="fasttopic:813040">Archers</term>
                    <term n="8" ref="fasttopic:910709">English</term>
                    <term n="3" ref="fasttopic:1015978">Men</term>
                    <term n="2" ref="fasttopic:1176014">Wings</term>
                </keywords>
            </textClass>
        </profileDesc>
        <revisionDesc status="published">
            <listChange>
                <change status="public" when="2025-08-15" who="#pml">v1.1. Isolates one entry;
                    corrects "B.c." and variants; replaces "bom" with "born", removed 783 instances
                    of extra space before semicolon. Separates metadata in <gi>teiHeader</gi> into
                    two separate facets: FAST Topical and FAST Geographical.</change>
                <change status="public" when="2023-02-28" who="#pml">v.1 published</change>
                <change status="public" when="2023-02-27" who="#pml">v.1 teiHeader XSL
                    finished</change>
            </listChange>
        </revisionDesc>
    </teiHeader>
    <text>
        <body>
            <div facs="ia:encyclopediabrit01newyrich/page/n303/mode/1up" type="entry">
                <p><label type="entry">AGINCOURT, or <hi rend="smallcaps">Azincourt</hi></label>, a
                    French village, in the department of Pas de Calais, situated in 50° 35' N. lat.,
                    2° 10' E. long., famous on account of the victory obtained there by Henry V. of
                    England over the French. Following the example of several of his predecessors,
                    the young king crossed over to France in the third year of his reign on a
                    military expedition. Having landed at the mouth of the Seine, he took and sacked
                    Harfleur after a siege of thirty-six days, but the army was so much reduced in
                    strength, especially by disease, that some of Henry’s advisers counselled a
                    return home without following up the advantage. The proud spirit of the young
                    king, however, would not submit to this, and he resolved on a march through the
                    country to what was then the English fortified town of Calais, though he knew
                    that a force vastly superior to his own was in the field to oppose him. On the
                    morning of Friday, the 25th of October, 1415 A.D., St Crispin’s day, the English
                    and French armies were ranged in order of battle, each in three lines, with
                    bodies of cavalry on both wings. The Constable d’Albert, who commanded the
                    French army, fell into the snare that was laid for him, by drawing up his army
                    in a narrow plain between two woods. This deprived him in a great measure of the
                    advantage he should have derived from the prodigious superiority of his numbers,
                    by obliging him to make his lines unnecessarily deep, and to crowd his troops,
                    particularly his cavalry, so close together that they could hardly move or use
                    their arms. The numbers of the French are differently estimated at from 50,000
                    to 150,000 men, but the latter number is a gross exaggeration. The first line
                    was commanded by the Constable d’Albert, the dukes of Orleans and Bourbon, and
                    many other nobles; the dukes of Alençon, Brabant, and Barre conducted the second
                    line; and the earls of Marie, Damartine, Faucon-berg, &amp;c., were at the head
                    of the third line. The king of England placed 200 of his best archers in ambush
                    in a low meadow on the flank of the first line of the French. His own first line
                    consisted wholly of archers, each of whom, besides his bow and arrows, had a
                    battle-axe, a sword, and a stake pointed with iron at both ends, which he fixed
                    before him in the ground, the point inclining outwards, to protect him from
                    cavalry. This was a new invention, and had a happy effect. That he might not be
                    encumbered, Henry dismissed all his prisoners on their word of honour to
                    surrender themselves at Calais if he obtained the victory, and lodged all his
                    baggage near the village of Maisoncelles, in his rear, under a slender guard.
                    The main body of the English army, consisting of men-at-arms, was commanded by
                    Henry in person; the vanguard, committed to Edward Duke of York at his
                    particular request, was posted as a wing to the right; and the rearguard,
                    commanded by Lord Camois, as a wing on the left. The archers were placed between
                    the wings, in the form of a wedge. The lines being formed, the king, in shining
                    armour, mounted on a fine white horse, rode along them, and addressed each corps
                    with a cheerful countenance and in encouraging language. To inflame their
                    resentment against their enemies, he spoke of the cruelty practised by the
                    French against their prisoners; and to rouse their love of honour, he declared
                    that every soldier in the army who behaved well should thenceforth be deemed a
                    gentleman, and entitled to bear coat armour. The two armies, drawn up in this
                    manner, stood a considerable time gazing at one another in silence. But the
                    English king, dreading that the French would discover the danger of their
                    situation and decline a battle, commanded the charge to be sounded, about ten
                    o’clock in the forenoon. At that instant the first line of the English kneeled
                    down and kissed the ground; and then starting up, discharged a flight of arrows,
                    which did great execution among the crowded ranks of the French. Immediately
                    after, upon a signal being given, the archers in ambush arose, and, discharging
                    their arrows on the flank of the French line, threw it into some disorder. The
                    battle now became general, and raged with great fury. The English archers,
                    having expended all their arrows, threw away their bows, and rushing forward,
                    made dreadful havoc with their swords and battle-axes. The first line of the
                    enemy was by these means defeated, its leaders being either killed or taken
                    prisoners. The second line, commanded by the Duke d’Alençon (who had made a vow
                    either to kill or take the king of England, or to perish in the attempt), now
                    advanced, and was met by the second line of the English, led by the king. The
                    duke forced his way to the king, and assaulted him with great fury; but Henry
                    brought him to the ground, where he was instantly despatched by the surrounding
                    soldiers, receiving innumerable wounds. Discouraged by this disaster, the second
                    line made no more resistance, and the third fled without striking a blow;
                    yielding a complete and glorious victory to the English, after a violent
                    struggle of three hours’ duration. In the <pb break="no"
                    facs="ia:encyclopediabrit01newyrich/page/n304/mode/1up"
                    xml:id="kp-eb0901-0304-0283"/> circumstances, the victory could not be followed
                    up. Henry and his army returned at once by Calais to England, and entered London
                    with a pageant of unprecedented splendour. The number slain in the battle is
                    variously stated. The loss to the conquerors is generally reckoned at 1600 men,
                    and the French are said to have left 10,000 slain on the field, including the
                    constable, three dukes, five counts, and ninety barons. (See the Histories of
                    Britain; and <hi rend="italic">Battle of Agincourt,</hi> by Sir Harris
                    Nicolas.)</p>
            </div>
        </body>
    </text>
</TEI>
