<?xml version="1.0" encoding="utf-8"?><?xml-model  href="https://TU-plogan.github.io/code/odd/tei_kp1.rng" type="application/xml" schematypens="http://relaxng.org/ns/structure/1.0"?>
<TEI xml:id="kp-eb0914-0210-0199-02" xml:lang="en" xmlns="http://www.tei-c.org/ns/1.0">
    <teiHeader>
        <fileDesc>
            <titleStmt xml:id="eb07_v1.0">
                <title level="a" type="main">LADRONE or (9th edition, volume 14, page 199)</title>
                <title level="m" type="main">Encyclopaedia Britannica, 9th edition</title>
                <title level="m" type="sub">A machine-readable transcription</title>
                <editor>Edited by <persName ref="https://orcid.org/0000-0003-2362-8282"
                    role="editor" xml:id="pml">Peter Melville Logan</persName></editor>
                <respStmt>
                    <orgName xml:id="kp">Nineteenth-Century Knowledge Project Staff,
                        <affiliation>Temple University</affiliation></orgName>
                    <resp>OCR transcription and data management</resp>
                </respStmt>
                <respStmt>
                    <persName ref="https://orcid.org/0000-0001-7819-5360" xml:id="jg">Jane
                        Greenberg, <affiliation>Metadata Research Center, Drexel
                        University</affiliation></persName>
                    <resp>metadata development</resp>
                </respStmt>
                <respStmt>
                    <persName xml:id="dk">Don Kretz, <affiliation>Distributed
                        Proofreading</affiliation></persName>
                    <resp>data management</resp>
                </respStmt>
                <funder><orgName ref="http://viaf.org/viaf/137796012" xml:id="neh">National
                    Endowment for the Humanities</orgName></funder>
                <funder><orgName ref="http://viaf.org/viaf/121974598" xml:id="imls">Institute of
                    Museum and Library Services</orgName></funder>
                <funder><orgName ref="http://viaf.org/viaf/127396206" xml:id="tu">Temple
                    University</orgName></funder>
                <sponsor><orgName ref="http://viaf.org/viaf/3653147665869560670009" xml:id="cci"
                    >Drexel University, College of Computing &amp; Informatics</orgName></sponsor>
            </titleStmt>
            <editionStmt>
                <edition n="1.0">Version 1.0, initial release <date when="2023"
                    >2023</date></edition>
            </editionStmt>
            <extent>387 MB; 17,772 XML files in 47 folders </extent>
            <publicationStmt>
                <publisher corresp="kp"><orgName corresp="kp">Nineteenth-Century Knowledge
                    Project</orgName><email>nckp@temple.edu</email><link
                    target="https://tu-plogan.github.io/index.html"/></publisher>
                <availability status="free">
                    <p>Licensed under a Creative Commons Attribution 4.0 International License.</p>
                    <licence target="https://creativecommons.org/licenses/by/4.0/"> CC BY 4.0
                    </licence>
                </availability>
                <date when="2020">2023</date>
            </publicationStmt>
            <seriesStmt>
                <title level="s">Encyclopaedia Britannica: A machine-readable text
                    transcription</title>
                <editor corresp="pml">Peter Melville Logan</editor>
            </seriesStmt>
            <sourceDesc>
                <biblFull xml:lang="en">
                    <titleStmt>
                        <title level="m">Encyclopaedia Britannica</title>
                        <editor><persName ref="http://viaf.org/viaf/12465694" xml:id="mn">Baynes, T.
                            Spencer (Thomas Spencer), <date from="1823" to="1887"
                            >1823-1887</date></persName></editor>
                    </titleStmt>
                    <editionStmt>
                        <edition>Ninth Edition</edition>
                    </editionStmt>
                    <extent><measure quantity="25" unit="vol">25 volumes</measure></extent>
                    <publicationStmt>
                        <publisher>Charles Scribner's Sons</publisher>
                        <authority>Authorized reprint from Edinburgh plates</authority>
                        <pubPlace>New York</pubPlace>
                        <date from="1875" to="1889">1875-1889</date>
                    </publicationStmt>
                    <sourceDesc>
                        <bibl xml:id="ia-uc"><title>Encyclopaedia Britannica: a dictionary of arts,
                            sciences, and general literature</title><publisher><orgName
                            ref="https://archive.org/">Internet Archive</orgName><orgName
                            ref="https://archive.org/details/cdl">University of California
                            Libraries, California Digital Library</orgName></publisher><date
                            when="2019">2006</date><idno type="OCLC">592355607</idno><idno
                            type="ark">13960/t0ks6j612</idno><availability>
                            <p>Internet Archive: NOT_IN_COPYRIGHT</p>
                            </availability></bibl>
                    </sourceDesc>
                </biblFull>
                <listBibl>
                    <head>Alternate image sources for this edition:</head>
                    <desc>Alternate images of the same print editions were substituted when the
                        primary source had unusable images for those pages.</desc>
                    <bibl xml:id="um-ht">Hathi Trust, from print source at the University of
                        Michigan: vol. 14, pp. 34-35; vol. 15, pp. 170-171.</bibl>
                </listBibl>
            </sourceDesc>
        </fileDesc>
        <encodingDesc>
            <editorialDecl>
                <correction method="markup" status="low">
                    <p>This electronic text file was created by optical character recognition (OCR).
                        OCR errors have not been corrected.</p>
                    <p>Illegible text in the original is indicated using <gi>unclear</gi> or
                        <gi>gap</gi>, as appropriate. If corrected, the reference source is
                        indicated with <gi>supplied</gi>.</p>
                </correction>
                <normalization method="silent">
                    <p>Original spelling is preserved. When noticed, obvious misspellings are
                        combined with the correct spelling as <gi>choice</gi> in the TEI. Ligatures
                        are reproduced as multiple letters. Original footnote and marginal note
                        sigla are replaced with sequential numbers for each entry.</p>
                </normalization>
                <punctuation marks="some">
                    <p>Extra space around punctuation marks is removed.</p>
                </punctuation>
                <quotation marks="some">
                    <p>Quotation marks are retained as content in the text. Redundant open quotation
                        marks at the start of lines inside block quotes are silently removed.</p>
                </quotation>
                <hyphenation eol="hard">
                    <p>Soft hyphens are removed silently.</p>
                </hyphenation>
                <segmentation>
                    <p>The <tag>div type="entry"</tag> element divides the text into individual
                        entries.</p>
                    <p>The <tag>div type="section"</tag> and <tag>div type="subsection"</tag>
                        elements are reserved for future entry subsections.</p>
                </segmentation>
                <ab><list rend="bulleted" type="basic">
                    <item>Encoding uses the recommendations for Level 3 of the TEI in Libraries
                        Guidelines.</item>
                    <item>Individual entries and page-breaks are encoded, but column breaks are
                        omitted.</item>
                    <item>Running headers and side descriptions are not included.</item>
                    <item>Some font formatting is preserved: italic, small caps, strike-through,
                        subscript, superscript, underline. The following formatting is ignored:
                        bold, font size, typeface.</item>
                    </list></ab>
            </editorialDecl>
            <tagsDecl>
                <namespace name="http://www.tei-c.org/ns/1.0">
                    <tagUsage gi="div">Unnumbered divs used.</tagUsage>
                </namespace>
            </tagsDecl>
            <projectDesc>
                <p>All text was encoded for the Nineteenth-Century Knowledge Project to provide a
                    machine-readable edition of the Encyclopedia Britannica to analyze.</p>
                <p>Subject-level metadata was added to each entry using the HIVE automated
                    vocabulary server created by the Metadata Research Center at Drexel University
                    (<link target="https://hive2.cci.drexel.edu"/>https://hive2.cci.drexel.edu).</p>
            </projectDesc>
            <samplingDecl>
                <p>The first release is a reproduction of text matter for all entries. It does not
                    include images, tables, formulae, front- or back-matter. It omits volume 1,
                    which consists of "Dissertations" rather than entries.</p>
            </samplingDecl>
            <listPrefixDef>
                <prefixDef ident="fast" matchPattern="(\d+)"
                    replacementPattern="http://id.worldcat.org/fast/$1">
                    <p>URIs with the prefix <code>fast:</code> point to terms in the OCLC FAST
                        (Faceted Application of Subject Terminology) subject heading schema derived
                        from the Library of Congress Subject Headings (LCSH).</p>
                </prefixDef>
                <prefixDef ident="lcsh1910" matchPattern="(\w+)"
                    replacementPattern="https://n2t.net/ark:/99152/$1">
                    <p>URIs with the prefix <code>lcsh1910:</code> point to subject terms in the
                        volume <hi rend="italic">Subject Headings Used in the Dictionary Catalogues
                        of the Library of Congress</hi>, 7 vols., Library of Congress, 1910.</p>
                </prefixDef>
                <prefixDef ident="ht" matchPattern="([\w\-\.;=\&#34;&amp;]+)"
                    replacementPattern="https://babel.hathitrust.org/cgi/pt?id=$1">
                    <p>URIs with the prefix <code>ht:</code> point to page images in the Hathi
                        Trust.</p>
                </prefixDef>
                <prefixDef ident="ia" matchPattern="(\w+)"
                    replacementPattern="https://archive.org/details/$1">
                    <p>URIs with the prefix <code>ia:</code> point to page images in the Internet
                        Archive.</p>
                </prefixDef>
                <prefixDef ident="nls" matchPattern="([\w?\=]+)"
                    replacementPattern="https://digital.nls.uk/encyclopaedia-britannica/archive/$1">
                    <p>URIs with the prefix <code>nls:</code> point to page images in the National
                        Library of Scotland.</p>
                </prefixDef>
            </listPrefixDef>
        </encodingDesc>
        <profileDesc>
            <textClass>
                <keywords scheme="https://id.cci.drexel.edu/">
                    <term ref="lcsh1910:b4ks6jd02">Spaniards</term>
                    <term ref="lcsh1910:b4kp7tx0f">Islands</term>
                    <term ref="lcsh1910:b40p0wv7t">Paganism</term>
                    <term ref="lcsh1910:b48912068">Tagals</term>
                    <term ref="lcsh1910:b41r6n882">Tagal</term>
                    <term ref="lcsh1910:b4pk0743s">Winds</term>
                    <term ref="lcsh1910:b4d50g08p">Groups</term>
                    <term ref="lcsh1910:b4b27pq8k">Numbers</term>
                </keywords>
                <keywords scheme="http://id.worldcat.org/fast/">
                    <term ref="fast:1204303">Spain</term>
                    <term ref="fast:1204901">Austria</term>
                    <term ref="fast:1202671">Guam</term>
                </keywords>
                <keywords scheme="http://id.worldcat.org/fast/">
                    <term ref="fast:1128153">Spaniards</term>
                    <term ref="fast:980104">Islands</term>
                    <term ref="fast:1050321">Paganism</term>
                    <term ref="fast:1019916">Micronesians</term>
                    <term ref="fast:916820">Europeans</term>
                    <term ref="fast:813089">Archipelagoes</term>
                    <term ref="fast:1175820">Winds</term>
                    <term ref="fast:1025853">Months</term>
                </keywords>
            </textClass>
        </profileDesc>
        <revisionDesc status="published">
            <change status="public" when="2023-02-28" who="#pml">v.1 published</change>
            <change status="public" when="2023-02-27" who="#pml">v.1 teiHeader XSL finished</change>
        </revisionDesc>
    </teiHeader>
    <text>
        <body>
            <div facs="ia:encyclopediabrit14newyrich/page/n210/mode/1up" type="entry">
                <p><label type="entry">LADRONE <hi rend="smallcaps">or</hi></label> MARIANA ISLANDS,
                    a chain of fifteen islands in the North Pacific Ocean, situated to the north of
                    the Carolines, and between 13° and 21° N. lat., and 144° and 146° E. long. The
                    name Islas de los Ladrones, or “Islands of the Thieves,” was given them by the
                    ship’s crew of Magellan on account of the thieving propensity of the
                    inhabitants. Magellan himself styled them Islas de las Velas Latinas, or
                    “Islands of the Lateen Sails.” San Lazarus archipelago, Jardines, and Prazeres
                    are among the names applied to them by later navigators. They received their
                    present recognized official appellation “Las Marianas” in 1668 in honour of
                    Maria Anna of Austria, widow of king Philip IV. of Spain, and they still form a
                    Spanish colony under the general government of the Philippines. A broad channel
                    divides the Ladrones into two groups, containing a total area of about 417
                    square miles. The northern group (Gani) consists of ten islands, now
                    uninhabited; five islands, of which four are inhabited, form the southern group,
                    viz., Guahan (Guam, Spanish Guajan, the San Juan of old Spanish charts), Rota,
                    Aguigan, Tinian, and Saypan. On Guahan, the largest and southernmost of the
                    group, is the only town in the colony, San Ignacio de Agana, and the fortified
                    harbour of Umata.</p>
                <p>The general surface of the southern islands is far inferior in elevation to that
                    of the northern group, which is mountainous, though the altitudes do not exceed
                    2600 to 2700 feet The predominant rock in the southern group is madreporic
                    limestone, but in some instances, and especially at Guahan, volcanic formations
                    occur. The northern <pb break="no"
                    facs="ia:encyclopediabrit14newyrich/page/n211/mode/1up"
                    xml:id="kp-eb0914-0211-0200"/> islands are entirely of igneous origin, and on
                    Pagan and Uraccas are smoking craters. The coasts of the southern islιnds are in
                    many instances surrounded by reefs. All the islands except Farallon de Medinilla
                    and Mangs (in the northern group) are more or less densely wooded, and the
                    vegetation is luxuriant, much resembling that of the Philippines, whence many
                    species of plants have been introduced. Owing to the humidity of the soil
                    cryptogams are very numerous, as also most kinds of grasses. Among the useful
                    vegetable products may be mentioned areca and cocoa-nut palms, rice, maize,
                    sugar, tobacco, cotton, indigo, breadfruit, bananas, and castor oil. In
                    consequence of the laziness of the native population, agriculture is almost
                    entirely neglected, in spite of the exceptional advantages offered by the
                    climate and soil. On most of the islands there is a plentiful supply of water;
                    at Guahan, however, the partial clearing away of the woods has caused several
                    full streams to dwindle to mere brooks.</p>
                <p>The fauna of the Ladrones, though inferior in number and variety, is similar in
                    character to that of the Carolines, and certain species are indigenous to both
                    colonies. Swine and oxen are allowed to run wild, and are hunted when required:
                    the former were known to the earlier inhabitants; the latter with most other
                    domestic animals were introduced by the Spaniards. The roe was imported from the
                    Philippines.</p>
                <p>The climate of the Ladrones, though humid, is salubrious, whilst the heat, being
                    tempered by the trade winds, is milder than that of the Philippines. The yearly
                    mean temperature at Guahan is about 81° Fahr. August and September are the
                    warmest months, but the variations of temperature are not great. The year may be
                    divided into a wet and dry season, though even in the hitter rain often falls.
                    From October to May the general winds are north-easterly; during the other four
                    months they are often north-westerly and south-westerly, the latter being
                    accompanied by much rain.</p>
                <p>The present population of the Ladrones consists of descendants from the original
                    inhabitants, called by the Spaniards Chamorros, of Tagal settlers from the
                    Philippines, and of a mixed race formed by the union of Spaniards and Chamorros.
                    On the island of Saypan there is a colony from the Carolines. With the exception
                    of the last-mentioned settlers, who are very active, and have founded the
                    village of Garapan, the inhabitants are generally wanting in energy, of
                    indifferent moral character, and miserably poor. Little has yet been done for
                    the improvement of their intellectual and social condition, with the exception
                    of the establishment of a few schools, now mostly fallen into decay. The number
                    of the original inhabitants previous to the subjection of the islands by the
                    Spaniards in 1668 has been variously estimated at from 40,000 to 60,000. The
                    Spanish conquest and the forcible suppression of the protracted opposition of
                    the natives reduced their numbers to such an extent that in 1741 the population
                    was only 1816. From that date, however, owing to the introduction of new
                    colonists from the Philippines, the population began to increase, and in 1856
                    was 9500. In the last year a severe epidemic carried off more than a third of
                    the inhabitants. Since 1871 the total population of the Ladrones has been
                    roughly estimated at 8000. All the inhabitants understand and are able to speak
                    Spanish, which is gradually supplanting the native language, a Micronesian
                    dialect nearly allied to that used by the Tagals of the Philippines. The
                    residence of the governor is at Agana in Guahan. Spain gains no revenue by the
                    possession of these islands.</p>
                <p>The honour of the discovery of this archipelago, the first found by Europeans in
                    the Pacific, is due to Magellan, who upon the 6th of March 1521 observed the two
                    southernmost islands, and sailed between them (O. Peschei, Geschichte des
                    Zeitalters der Entdeckungen, Stuttgart, 1877, p. 500). Modern research in the
                    archipelago began with the visit of Commodore Anson, who in August 1742 landed
                    upon the island of Tinian, where he found extensive ruins (Anson’s Voyage, bk.
                    iii.). The Ladrones were visited by Byron in 1765, Wallis in 1767, and Crozet in
                    1772. Great additions to our knowledge of the islands were made in the present
                    century by Freycinet, in 1829 (Voyage autour du monde, part histor. ii.), and
                    the Spanish captain Sanchez y Zayas, in 1865.</p>
                <p>Besides works above mentioned, see especially C. E. Meinicke, Die Jnseln des
                    Stillen oceans, Leipsic, 1875-76, part ii.; “The Marianas Islands," in the
                    Nautical Magazine, vols, xxxlv., xxxv., London, 1865. 1866; and P. A. Lesson,
                    Les Polynésiens, lew origine, &lt;fcc., Paris, 1880. (E. D. B.)</p>
            </div>
        </body>
    </text>
</TEI>
