<?xml version="1.0" encoding="utf-8"?><?xml-model  href="https://TU-plogan.github.io/code/odd/tei_kp1.rng" type="application/xml" schematypens="http://relaxng.org/ns/structure/1.0"?><TEI xmlns="http://www.tei-c.org/ns/1.0" xml:id="kp-eb0712-3795-0461-02" xml:lang="en"><teiHeader><fileDesc><titleStmt xml:id="eb07_v3.1"><title level="a" type="main">ISOCRATES</title><title level="m" type="main">Encyclopaedia Britannica: A machine-readable transcription</title><title level="m" type="sub">7th edition, volume 12, page 461</title><editor>Edited by <persName ref="https://orcid.org/0000-0003-2362-8282" role="editor" xml:id="pml">Peter Melville Logan</persName></editor><respStmt><orgName xml:id="kp">Nineteenth-Century Knowledge Project Staff,
                        <affiliation>Temple University</affiliation></orgName><resp>OCR transcription and data management</resp></respStmt><respStmt><persName ref="https://orcid.org/0000-0001-7819-5360" xml:id="jg">Jane
                        Greenberg, <affiliation>Metadata Research Center, Drexel
                        University</affiliation></persName><resp>metadata development</resp></respStmt><respStmt><persName xml:id="dk">Don Kretz, <affiliation>Distributed
                        Proofreading</affiliation></persName><resp>data management</resp></respStmt><funder><orgName ref="http://viaf.org/viaf/137796012" xml:id="neh">National Endowment
                        for the Humanities</orgName></funder><funder><orgName ref="http://viaf.org/viaf/121974598" xml:id="imls">Institute of Museum
                        and Library Services</orgName></funder><funder><orgName ref="http://viaf.org/viaf/127396206" xml:id="tu">Temple
                        University</orgName></funder><sponsor><orgName ref="http://viaf.org/viaf/3653147665869560670009" xml:id="cci">Drexel
                        University, College of Computing &amp; Informatics</orgName></sponsor></titleStmt><editionStmt><edition n="3.1">Version 3.1<date when="2025">2025</date></edition></editionStmt><extent>416 MB; 21,118 XML files </extent><publicationStmt><publisher corresp="kp"><orgName corresp="kp">Nineteenth-Century Knowledge Project</orgName><email>nckp@temple.edu</email><link target="https://github.com/TU-plogan/KnowledgeProject"/></publisher><availability status="free"><p>Licensed under a Creative Commons Attribution 4.0 International License.</p><licence target="https://creativecommons.org/licenses/by/4.0/"> CC BY 4.0
                    </licence></availability><date when="2025">2025</date></publicationStmt><seriesStmt><title level="s">Encyclopaedia Britannica: A machine-readable transcription</title><editor corresp="pml">Peter Melville Logan</editor></seriesStmt><sourceDesc><biblFull xml:lang="en"><titleStmt><title level="m">Encyclopaedia Britannica</title><editor><persName ref="http://viaf.org/viaf/79392506" xml:id="mn">Napier,
                                Macvey, 1776-1847</persName></editor></titleStmt><editionStmt><edition>Seventh Edition</edition></editionStmt><extent><measure quantity="21" unit="vol">21 volumes</measure></extent><publicationStmt><publisher>Adam and Charles Black</publisher><pubPlace>Edinburgh</pubPlace><date from="1830" to="1842">1830-1842</date></publicationStmt><sourceDesc><bibl xml:id="NLS"><title>Seventh edition - Encyclopaedia Britannica [190218838]</title><publisher><orgName ref="https://digital.nls.uk/encyclopaedia-britannica/archive/190218838">National Library of Scotland</orgName></publisher><date when="2019">2019</date><idno type="DOI">https://doi.org/10.34812/cg4r-dn40</idno><availability><p>National Library of Scotland License: CC BY 4.0</p><licence target="https://creativecommons.org/licenses/by/4.0/">CC BY
                                    4.0 </licence></availability></bibl></sourceDesc></biblFull><listBibl><head>Alternate image sources for this edition:</head><bibl xml:id="UW-HT">Hathi Trust, from print source at the University of
                        Wisconsin: vol. 9, pp. 29, 31, 32, 36, 37, 39, 41, 48, 50-55, 57, 59, 62,
                        63, 66, 67, 69-71, 76, 88; vol. 19 (all).</bibl><bibl xml:id="UCH-HT">Hathi Trust, from print source at the University of
                        Chicago: vol. 10, pp. 7-10; vols. 20, 21 (all).</bibl></listBibl></sourceDesc></fileDesc><encodingDesc><editorialDecl><ab><list rend="bulleted" type="basic"><item>Encoding has been done using the recommendations for Level 3 of the
                            "TEI in Libraries Guidelines."</item><item>Individual entries and page-breaks are encoded, but column breaks are
                            omitted.</item><item>Print page headers and side descriptions are not included.</item><item>OCR successfully reproduced simple tables, but complex tabular data is
                            not captured dependably and the results should not be relied
                            upon.</item><item>OCR was not able to successfully reproduce math and chemical formulas.
                            The uncorrected results remain in the text.</item><item>Some font formatting is preserved: <val>italic</val>,
                            <val>smallcaps</val>, <val>strikethrough</val>, <val>subscript</val>,
                            <val>superscript</val>, <val>underline</val>. The following print styles
                            are ignored: bold, font size, typeface.</item></list></ab><correction method="markup" status="low"><p>This electronic text file was created by optical character recognition (OCR).
                        Some OCR errors have been corrected.</p><p>Illegible text in the original is indicated using <gi>unclear</gi> or
                        <gi>gap</gi>, as appropriate. If corrected, the reference source is
                        indicated with <gi>supplied</gi>.</p><p>Some volumes of the print edition substituted "c" for "e" letters across
                        multiple pages. These are silently corrected.</p></correction><normalization method="silent"><p>Original spelling is preserved. When noticed, obvious misspellings are
                        combined with the correct spelling as <gi>choice</gi> in the TEI. Ligatures
                        are reproduced as multiple letters. Original footnote and marginal note
                        sigla are replaced with sequential numbers for each entry.</p></normalization><punctuation marks="some"><p>Extra space around punctuation marks is removed.</p><p>Ordinal numbers, such as 1st, 2ndly, etc., are inconsistently italicized in
                        the printed text; they are normalized as roman throughout.</p></punctuation><quotation marks="some"><p>Quotation marks are retained as content in the text. Redundant open quotation
                        marks at the start of lines inside block quotes are silently removed.</p></quotation><hyphenation eol="hard"><p>Soft hyphens are silently removed.</p></hyphenation><segmentation><p>The <tag>div type="entry"</tag> element divides the text into individual
                        entries.</p><p>The <tag>div type="section"</tag> and <tag>div type="subsection"</tag>
                        elements are reserved for entry subsections, but their inclusion is largely
                        aspirational.</p></segmentation></editorialDecl><tagsDecl><namespace name="http://www.tei-c.org/ns/1.0"><tagUsage gi="div">Unnumbered <gi>div</gi> tags are used throughout.</tagUsage></namespace></tagsDecl><projectDesc><p>All text was encoded for the Nineteenth-Century Knowledge Project to provide a
                    machine-readable edition of the Encyclopedia Britannica to analyze using
                    machine-learning methods.</p><p>Subject keywords are added to <gi>teiHeader</gi> for each entry; they were
                    generated by the HIVE2 automated vocabulary server, created by the Metadata
                    Research Center at Drexel University (<link target="https://hive2.cci.drexel.edu"/>https://hive2.cci.drexel.edu).</p></projectDesc><samplingDecl><p>This release reproduces the text matter for all entries. It does not include
                    images, front- or back-matter. It omits volume 1, which consists of
                    "Dissertations" rather than entries. The reproduction of tables and formulae is
                    unreliable. </p></samplingDecl><listPrefixDef><prefixDef ident="fast" matchPattern="(\d+)" replacementPattern="http://id.worldcat.org/fast/$1"><p>URIs with the prefix <code>fastgeo:</code> point to terms in the OCLC FAST
                        (Faceted Application of Subject Terminology) Geographical subject heading
                        schema derived from the Library of Congress Subject Headings (LCSH).</p></prefixDef><prefixDef ident="fast" matchPattern="(\d+)" replacementPattern="http://id.worldcat.org/fast/$1"><p>URIs with the prefix <code>fasttopic:</code> point to terms in the OCLC FAST
                        (Faceted Application of Subject Terminology) Topical subject heading schema
                        derived from the Library of Congress Subject Headings (LCSH).</p></prefixDef><prefixDef ident="lcsh1910" matchPattern="(\w+)" replacementPattern="https://n2t.net/ark:/99152/$1"><p>URIs with the prefix <code>lcsh1910:</code> point to subject terms in <hi rend="italic">Subject Headings Used in the Dictionary Catalogues of the
                        Library of Congress</hi>, 2 vols., Library of Congress, 1910.</p></prefixDef><prefixDef ident="ht" matchPattern="([\w\-\.;=\&#34;&amp;]+)" replacementPattern="https://babel.hathitrust.org/cgi/pt?id=$1"><p>URIs with the prefix <code>ht:</code> point to page images in the Hathi
                        Trust.</p></prefixDef><prefixDef ident="ia" matchPattern="(\w+)" replacementPattern="https://archive.org/details/$1"><p>URIs with the prefix <code>ia:</code> point to page images in the Internet
                        Archive.</p></prefixDef><prefixDef ident="nls" matchPattern="([\w?\=]+)" replacementPattern="https://digital.nls.uk/encyclopaedia-britannica/archive/$1"><p>URIs with the prefix <code>nls:</code> point to page images in the National
                        Library of Scotland.</p></prefixDef></listPrefixDef></encodingDesc><profileDesc><textClass default="false"><keywords scheme="http://id.worldcat.org/fast/"><term n="4" ref="fasttopic:1182566">Year</term><term n="3" ref="fasttopic:1198505">Life</term><term n="2" ref="fasttopic:888613">Death</term><term n="2" ref="fasttopic:933281">Founding</term><term n="2" ref="fasttopic:999431">Lips</term><term n="1" ref="fasttopic:1004739">Macedonians</term><term n="1" ref="fasttopic:947546">Greeks</term><term n="1" ref="fasttopic:1166263">Vices</term><term n="1" ref="fasttopic:1166236">Vice</term><term n="1" ref="fasttopic:1355303">Wars</term></keywords><keywords scheme="https://id.cci.drexel.edu/"><term n="3" ref="lcsh1910:b42j68511">Life</term><term n="2" ref="lcsh1910:b4kh0f02c">Death</term><term n="2" ref="lcsh1910:b44j09z32">Founding</term><term n="2" ref="lcsh1910:b4z31nv0r">Lips</term><term n="1" ref="lcsh1910:b4v11vw02">Work</term><term n="1" ref="lcsh1910:b48g8fh7d">Greeks</term><term n="1" ref="lcsh1910:b45m6290g">Vice</term><term n="1" ref="lcsh1910:b4zw18v1m">War</term><term n="1" ref="lcsh1910:b4h98zp4v">Wars</term></keywords></textClass></profileDesc><revisionDesc status="published"><listChange><change n="3.1" status="public" when="2025-06-05" who="#pml">v3.1. Isolates two
                    additional entries; restores <gi>label</gi> tags to 6 entries; makes minor
                    corrections throughout.</change><change n="3.0" status="public" when="2024-12-06" who="#pml">v3.0. Includes
                    significant corrections to the OCR text, predominantly in cases of confusing "c"
                    and "e." Isolates 90 entries that were mistakenly included at the end of prior
                    entries in v1 and v2. Normalizes ordinal numbers. Separates metadata in
                    <gi>teiHeader</gi> into two separate facets: FAST Topical and FAST Geographical.
                    Moves commas following <gi>pb</gi> in the text to preceding it and removes extra
                    space around the <gi>pb</gi> tag. Where a word is hyphenated at a <gi>pb</gi>,
                    the end fragment is now joined to the start fragment, making a machine-readable
                    word.</change><change n="2.0" status="public" when="2023-10-11" who="#pml">v2.0. Isolates 42
                    entries that were mistakenly included at the end of prior entries in v1. Removes
                    <att>xml:id</att> from the <gi>div</gi> for the entry and adds it to the
                    <gi>TEI</gi> tag. Adds schema link to all files.</change><change n="1.0" status="public" when="2022-11-28" who="#pml">v1.0. Initial
                    release.</change></listChange></revisionDesc></teiHeader><text><body><div facs="nls:192943795" type="entry"><p><label type="entry">ISOCRATES</label>, one of the most celebrated rhetoricians of
                    Athens, was born, B. c. 436, five years before the beginning of the
                    Peloponnesian war, twenty-two years after the birth of Lysias, and fifty-four
                    after that of Demosthenes. He died <hi rend="smallcaps">b. c.</hi> 338. He was
                    son of Theodorus, who was a manufacturer of musical instruments, but, though of
                    humble parentage, he seems to have enjoyed the best education which Athens could
                    furnish. His early years were spent under Gorgias of Leontium, one of the most
                    celebrated sophists of the age; Prodicus of Ceos, whose beautiful apologue of
                    Hercules between Virtue and Vice, has immortalized his name; and Theramenes, who
                    was afterwards condemned to death by the thirty tyrants, because, though their
                    colleague, he refused to participate in their tyranny. With their assistance,
                    Isocrates soon began to display the talents of which he was possessed, and
                    became anxious to illustrate his name as a statesman and legislator. Nature,
                    however, it would appear, had placed an impassable barrier against his entrance
                    on public life, by furnishing him with a weak voice and timidity of nature which
                    he found himself unable to overcome. Thus prevented from pursuing the path to
                    which his inclination pointed, he determined to make his talents subservient to
                    his fortune. He opened a school for oratory, and soon found himself surrounded
                    by a numerous body of young men anxious to profit by his instructions. Amongst
                    the more celebrated we may mention Theopompus, Ephorus, Isaeus, Timotheus,
                    Philiscus, and Xenophon. So numerous were the disciples of Isocrates, that
                    Hermippus composed a work in several books respecting them. The sophists of his
                    time were accustomed to discuss subtile points of logical casuistry; Isocrates
                    first distinguished himself by discussing the great political interests of the
                    time, and examining important questions of morality. As his speeches were not
                    intended to be delivered, but to be perused in the retirement of the closet,
                    Isocrates was obliged to pay particular attention to beauty of style, to the
                    rounding of his periods, and avoiding whatever might prove offensive to the ear.
                    He is said to have been employed ten years in polishing one of the most
                    celebrated of his productions, entitled the <hi rend="italic">Panegyric.</hi> It
                    might be expected that this mode of proceeding would be attended with some
                    defects; it occasioned a want of animation, a constant monotony, and often an
                    enfeebling of the ideas, which were enveloped in a multitude of words, useful
                    only to round the period and to produce the necessary rhythm and cadence. He was
                    not always able to secure himself against the envy of his countrymen, and they
                    even accused him of holding a suspicious intercourse with Philip of Macedon,
                    with whom he kept up a constant correspondence; but he proved, by the closing
                    scene of his life, that his intentions had always been pure, and that he had
                    sincerely loved his country. After the battle of Chaeronea, <hi rend="smallcaps">b. c.</hi> 338, so fatal to the liberties of Greece, he determined no longer to
                    drag on a life which would be embittered by seeing his country subject to the
                    Macedonians. He preferred to starve himself to death.</p><p>Of his works we still possess twenty-one orations and nine letters. The first is
                    addressed to Demoricus, of whom we know nothing, and is a collection of remarks
                    and maxims for the direction of a young man’s conduct. It is attributed by some
                    critics to Isocrates of Apollonia, who is mentioned by Suidas and Harpocration.
                    One of the finest of his productions is the <hi rend="italic">Panegyric</hi><hi rend="italic">(Πανίίγνξίχοί),</hi> which was written B. c. 380, with the view of
                    putting an end to the internal dissensions of the Greeks, and inducing them to
                    unite against the Persians. We may also mention the oration entitled <hi rend="italic">Παναί)ίΐνχιχ·0ζ,</hi> as one of the best specimens of his peculiar
                    style, though it was composed, <hi rend="smallcaps">b. c.</hi> 342, at the
                    advanced age of ninety-four. It is a high panegyric on the Athenians and their
                    ancestors. Numerous editions of his works have been published. The <hi rend="italic">editio princeps</hi> was printed at Milan in 1493, by Demetrius
                    Chalcondylas, but the best is that by Coray, Paris, 1807∙ The Panegyric has been
                    published separately by Morus, 1803, by Pinzger, Lips. 1825, and by Dindorf,
                    Lips. 1826. Many of his other works have also been published separately.</p></div></body></text></TEI>