<?xml version="1.0" encoding="utf-8"?><?xml-model  href="https://TU-plogan.github.io/code/odd/tei_kp1.rng" type="application/xml" schematypens="http://relaxng.org/ns/structure/1.0"?>
<TEI xml:id="kp-eb0712-0922-0240-06" xml:lang="en" xmlns="http://www.tei-c.org/ns/1.0">
    <teiHeader>
        <fileDesc>
            <titleStmt xml:id="eb07_v3.0">
                <title level="a" type="main">ICONOCLASTES, or Iconoclastae</title>
                <title level="m" type="main">Encyclopaedia Britannica: A machine-readable
                    transcription</title>
                <title level="m" type="sub">7th edition, volume 12, page 240</title>
                <editor>Edited by <persName ref="https://orcid.org/0000-0003-2362-8282"
                    role="editor" xml:id="pml">Peter Melville Logan</persName></editor>
                <respStmt>
                    <orgName xml:id="kp">Nineteenth-Century Knowledge Project Staff,
                        <affiliation>Temple University</affiliation></orgName>
                    <resp>OCR transcription and data management</resp>
                </respStmt>
                <respStmt>
                    <persName ref="https://orcid.org/0000-0001-7819-5360" xml:id="jg">Jane
                        Greenberg, <affiliation>Metadata Research Center, Drexel
                        University</affiliation></persName>
                    <resp>metadata development</resp>
                </respStmt>
                <respStmt>
                    <persName xml:id="dk">Don Kretz, <affiliation>Distributed
                        Proofreading</affiliation></persName>
                    <resp>data management</resp>
                </respStmt>
                <funder><orgName ref="http://viaf.org/viaf/137796012" xml:id="neh">National
                    Endowment for the Humanities</orgName></funder>
                <funder><orgName ref="http://viaf.org/viaf/121974598" xml:id="imls">Institute of
                    Museum and Library Services</orgName></funder>
                <funder><orgName ref="http://viaf.org/viaf/127396206" xml:id="tu">Temple
                    University</orgName></funder>
                <sponsor><orgName ref="http://viaf.org/viaf/3653147665869560670009" xml:id="cci"
                    >Drexel University, College of Computing &amp; Informatics</orgName></sponsor>
            </titleStmt>
            <editionStmt>
                <edition n="3.0">Version 3.0<date when="2024">2024</date></edition>
            </editionStmt>
            <extent>464 MB; 21,116 XML files </extent>
            <publicationStmt>
                <publisher corresp="kp"><orgName corresp="kp">Nineteenth-Century Knowledge
                    Project</orgName><email>nckp@temple.edu</email><link
                    target="https://github.com/TU-plogan/KnowledgeProject"/></publisher>
                <availability status="free">
                    <p>Licensed under a Creative Commons Attribution 4.0 International License.</p>
                    <licence target="https://creativecommons.org/licenses/by/4.0/"> CC BY 4.0
                    </licence>
                </availability>
                <date when="2024">2024</date>
            </publicationStmt>
            <seriesStmt>
                <title level="s">Encyclopaedia Britannica: A machine-readable transcription</title>
                <editor corresp="pml">Peter Melville Logan</editor>
            </seriesStmt>
            <sourceDesc>
                <biblFull xml:lang="en">
                    <titleStmt>
                        <title level="m">Encyclopaedia Britannica</title>
                        <editor><persName ref="http://viaf.org/viaf/79392506" xml:id="mn">Napier,
                            Macvey, 1776-1847</persName></editor>
                    </titleStmt>
                    <editionStmt>
                        <edition>Seventh Edition</edition>
                    </editionStmt>
                    <extent><measure quantity="21" unit="vol">21 volumes</measure></extent>
                    <publicationStmt>
                        <publisher>Adam and Charles Black</publisher>
                        <pubPlace>Edinburgh</pubPlace>
                        <date from="1830" to="1842">1830-1842</date>
                    </publicationStmt>
                    <sourceDesc>
                        <bibl xml:id="NLS"><title>Seventh edition - Encyclopaedia Britannica
                            [190218838]</title><publisher><orgName
                            ref="https://digital.nls.uk/encyclopaedia-britannica/archive/190218838"
                            >National Library of Scotland</orgName></publisher><date when="2019"
                            >2019</date><idno type="DOI">https://doi.org/10.34812/cg4r-dn40</idno><availability>
                            <p>National Library of Scotland License: CC BY 4.0</p>
                            <licence target="https://creativecommons.org/licenses/by/4.0/">CC BY 4.0
                            </licence>
                            </availability></bibl>
                    </sourceDesc>
                </biblFull>
                <listBibl>
                    <head>Alternate image sources for this edition:</head>
                    <bibl xml:id="UW-HT">Hathi Trust, from print source at the University of
                        Wisconsin: vol. 9, pp. 29, 31, 32, 36, 37, 39, 41, 48, 50-55, 57, 59, 62,
                        63, 66, 67, 69-71, 76, 88; vol. 19 (all).</bibl>
                    <bibl xml:id="UCH-HT">Hathi Trust, from print source at the University of
                        Chicago: vol. 10, pp. 7-10; vols. 20, 21 (all).</bibl>
                </listBibl>
            </sourceDesc>
        </fileDesc>
        <encodingDesc>
            <editorialDecl>
                <ab><list rend="bulleted" type="basic">
                    <item>Encoding has been done using the recommendations for Level 3 of the "TEI
                        in Libraries Guidelines."</item>
                    <item>Individual entries and page-breaks are encoded, but column breaks are
                        omitted.</item>
                    <item>Print page headers and side descriptions are not included.</item>
                    <item>OCR successfully reproduced simple tables, but complex tabular data is not
                        captured dependably and the results should not be relied upon.</item>
                    <item>OCR was not able to successfully reproduce math and chemical formulas. The
                        uncorrected results remain in the text.</item>
                    <item>Some font formatting is preserved: <val>italic</val>,
                        <val>smallcaps</val>, <val>strikethrough</val>, <val>subscript</val>,
                        <val>superscript</val>, <val>underline</val>. The following print styles are
                        ignored: bold, font size, typeface.</item>
                    </list></ab>
                <correction method="markup" status="low">
                    <p>This electronic text file was created by optical character recognition (OCR).
                        Some OCR errors have been corrected.</p>
                    <p>Illegible text in the original is indicated using <gi>unclear</gi> or
                        <gi>gap</gi>, as appropriate. If corrected, the reference source is
                        indicated with <gi>supplied</gi>.</p>
                    <p>Some volumes of the print edition substituted "c" for "e" letters across
                        multiple pages. These are silently corrected.</p>
                </correction>
                <normalization method="silent">
                    <p>Original spelling is preserved. When noticed, obvious misspellings are
                        combined with the correct spelling as <gi>choice</gi> in the TEI. Ligatures
                        are reproduced as multiple letters. Original footnote and marginal note
                        sigla are replaced with sequential numbers for each entry.</p>
                </normalization>
                <punctuation marks="some">
                    <p>Extra space around punctuation marks is removed.</p>
                    <p>Ordinal numbers, such as 1st, 2ndly, etc., are inconsistently italicized in
                        the printed text; they are normalized as roman throughout.</p>
                </punctuation>
                <quotation marks="some">
                    <p>Quotation marks are retained as content in the text. Redundant open quotation
                        marks at the start of lines inside block quotes are silently removed.</p>
                </quotation>
                <hyphenation eol="hard">
                    <p>Soft hyphens are silently removed.</p>
                </hyphenation>
                <segmentation>
                    <p>The <tag>div type="entry"</tag> element divides the text into individual
                        entries.</p>
                    <p>The <tag>div type="section"</tag> and <tag>div type="subsection"</tag>
                        elements are reserved for entry subsections, but their inclusion is largely
                        aspirational.</p>
                </segmentation>
            </editorialDecl>
            <tagsDecl>
                <namespace name="http://www.tei-c.org/ns/1.0">
                    <tagUsage gi="div">Unnumbered <gi>div</gi> tags are used throughout.</tagUsage>
                </namespace>
            </tagsDecl>
            <projectDesc>
                <p>All text was encoded for the Nineteenth-Century Knowledge Project to provide a
                    machine-readable edition of the Encyclopedia Britannica to analyze using
                    machine-learning methods.</p>
                <p>Subject keywords are added to <gi>teiHeader</gi> for each entry; they were
                    generated by the HIVE2 automated vocabulary server, created by the Metadata
                    Research Center at Drexel University (<link
                    target="https://hive2.cci.drexel.edu"/>https://hive2.cci.drexel.edu).</p>
            </projectDesc>
            <samplingDecl>
                <p>This release reproduces the text matter for all entries. It does not include
                    images, front- or back-matter. It omits volume 1, which consists of
                    "Dissertations" rather than entries. The reproduction of tables and formulae is
                    unreliable. </p>
            </samplingDecl>
            <listPrefixDef>
                <prefixDef ident="fastgeo" matchPattern="(\d+)"
                    replacementPattern="http://id.worldcat.org/fast/$1">
                    <p>URIs with the prefix <code>fastgeo:</code> point to terms in the OCLC FAST
                        (Faceted Application of Subject Terminology) Geographical subject heading
                        schema derived from the Library of Congress Subject Headings (LCSH).</p>
                </prefixDef>
                <prefixDef ident="fasttopic" matchPattern="(\d+)"
                    replacementPattern="http://id.worldcat.org/fast/$1">
                    <p>URIs with the prefix <code>fasttopic:</code> point to terms in the OCLC FAST
                        (Faceted Application of Subject Terminology) Topical subject heading schema
                        derived from the Library of Congress Subject Headings (LCSH).</p>
                </prefixDef>
                <prefixDef ident="lcsh1910" matchPattern="(\w+)"
                    replacementPattern="https://n2t.net/ark:/99152/$1">
                    <p>URIs with the prefix <code>lcsh1910:</code> point to subject terms in <hi
                        rend="italic">Subject Headings Used in the Dictionary Catalogues of the
                        Library of Congress</hi>, 2 vols., Library of Congress, 1910.</p>
                </prefixDef>
                <prefixDef ident="ht" matchPattern="([\w\-\.;=\&#34;&amp;]+)"
                    replacementPattern="https://babel.hathitrust.org/cgi/pt?id=$1">
                    <p>URIs with the prefix <code>ht:</code> point to page images in the Hathi
                        Trust.</p>
                </prefixDef>
                <prefixDef ident="ia" matchPattern="(\w+)"
                    replacementPattern="https://archive.org/details/$1">
                    <p>URIs with the prefix <code>ia:</code> point to page images in the Internet
                        Archive.</p>
                </prefixDef>
                <prefixDef ident="nls" matchPattern="([\w?\=]+)"
                    replacementPattern="https://digital.nls.uk/encyclopaedia-britannica/archive/$1">
                    <p>URIs with the prefix <code>nls:</code> point to page images in the National
                        Library of Scotland.</p>
                </prefixDef>
            </listPrefixDef>
        </encodingDesc>
        <profileDesc>
            <textClass default="false">
                <keywords scheme="https://id.cci.drexel.edu/">
                    <term n="12" ref="lcsh1910:b41v5bg0t">Worship</term>
                    <term n="5" ref="lcsh1910:b4s756m31">Saints</term>
                    <term n="3" ref="lcsh1910:b4sq8qm4p">Emperors</term>
                    <term n="3" ref="lcsh1910:b4sq8qk1s">Christ</term>
                    <term n="3" ref="lcsh1910:b43775w28">Books</term>
                    <term n="2" ref="lcsh1910:b48g8fh7d">Greeks</term>
                    <term n="2" ref="lcsh1910:b45m62b4v">Germans</term>
                    <term n="1" ref="lcsh1910:b49c6s277">Christianity</term>
                    <term n="1" ref="lcsh1910:b4dz0329f">Britons</term>
                </keywords>
                <keywords scheme="http://id.worldcat.org/fast/">
                    <term n="2" ref="fasttopic:947546">Greeks</term>
                    <term n="2" ref="fasttopic:1100116">Romans</term>
                    <term n="2" ref="fasttopic:980750">Italians</term>
                    <term n="2" ref="fasttopic:1737291">Italianization</term>
                    <term n="2" ref="fasttopic:942100">Germans</term>
                    <term n="12" ref="fasttopic:1181450">Worship</term>
                    <term n="5" ref="fasttopic:1103658">Saints</term>
                    <term n="3" ref="fasttopic:908898">Emperors</term>
                    <term n="3" ref="fasttopic:1047359">Order</term>
                    <term n="3" ref="fasttopic:836401">Books</term>
                </keywords>
                <keywords scheme="http://id.worldcat.org/fast/">
                    <term n="1" ref="fastgeo:1240495">Asia</term>
                </keywords>
            </textClass>
        </profileDesc>
        <revisionDesc status="published">
            <listChange>
                <change n="3.0" status="public" when="2024-12-06" who="#pml">v3.0. Includes
                    significant corrections to the OCR text, predominantly in cases of confusing "c"
                    and "e." Isolates 90 entries that were mistakenly included at the end of prior
                    entries in v1 and v2. Normalizes ordinal numbers. Separates metadata in
                    <gi>teiHeader</gi> into two separate facets: FAST Topical and FAST Geographical.
                    Moves commas following <gi>pb</gi> in the text to preceding it and removes extra
                    space around the <gi>pb</gi> tag. Where a word is hyphenated at a <gi>pb</gi>,
                    the end fragment is now joined to the start fragment, making a machine-readable
                    word.</change>
                <change n="2.0" status="public" when="2023-10-11" who="#pml">v2.0. Isolates 42
                    entries that were mistakenly included at the end of prior entries in v1. Removes
                    <att>xml:id</att> from the <gi>div</gi> for the entry and adds it to the
                    <gi>TEI</gi> tag. Adds schema link to all files.</change>
                <change n="1.0" status="public" when="2022-11-28" who="#pml">v1.0. Initial
                    release.</change>
            </listChange>
        </revisionDesc>
    </teiHeader>
    <text>
        <body>
            <div facs="nls:192940922" type="entry">
                <p><label type="entry">ICONOCLASTES, or <hi rend="smallcaps"
                    >Iconoclastae</hi></label>, breakers of images; a name given to all those who
                    reject the use of images in religious matters. The word is Greek, formed from
                    s∕κwι∕, <hi rend="italic">imago,</hi> image, and κλα&lt;m∕v, <hi rend="italic"
                    >rumpere,</hi> to break.</p>
                <p>In this sense, not only the reformed, but some of the eastern churches, are
                    called Iconoclastes, and esteemed heretics, as opposing the use of images in the
                    worship of God and the saints, and breaking their figures and representations in
                    churches.</p>
                <p>The opposition to images began in Greece under the reign of Bardanes, who was
                    created emperor of the Greeks soon after the commencement of the eighth century,
                    when the worship of images became common. But the tumults thus occasioned were
                    quelled by a revolution, which, in 713, deprived Bardanes of the imperial
                    throne. The dispute, however, broke out with redoubled fury under Leo the
                    Isaurian, in the year 726, who issued an edict abro <pb break="no"
                    facs="nls:192940935" xml:id="kp-eb0712-0935-0241"/>gating? as some say, the
                    worship of images, and ordering all images, except that of Christ’s crucifixion,
                    to be removed from the churches; but, according to others, this edict only
                    prohibited the paying to them any kind of adoration. This edict occasioned a
                    civil war, which ravaged part of Asia, and afterwards reached Italy. The civil
                    commotions and insurrections in Italy were chiefly promoted by the Roman
                    pontiffs, Gregory I. and II. Leo was excommunicated, and his subjects in the
                    Italian provinces rising in arms, either massacred or banished all the emperor’s
                    deputies and officers. In consequence of these proceedings, Leo assembled at
                    Constantinople in 730 a council, which degraded Germanus, the bishop of that
                    city, who was a patron of images; he also ordered all the images to be publicly
                    burned, and inflicted a variety of severe punishments upon such as were attached
                    to idolatrous worship. Hence arose two factions; one of which adopted the
                    adoration of images, and on that account were called <hi rend="italic"
                    >iconoduli</hi> or <hi rend="italic">ico-nolatroe</hi><hi rend="italic">;</hi>
                    whilst the other maintained that such worship was unlawful, and that nothing was
                    more worthy the zeal of Christians than to demolish and destroy those statues
                    and pictures which were the occasions of this gross idolatry; and hence they
                    were distinguished by the titles of <hi rend="italic">iconomachi</hi> (from
                    ŝ/ζων, <hi rend="italic">image,</hi> and <hi rend="italic">μuγοi, I
                    contend)</hi> and <hi rend="italic">iconoclastes.</hi> The zeal of Gregory II.
                    was not only imitated, but even surpassed, by his successor Gregory III. in
                    consequence of which the Italian provinces were separated from the Grecian
                    empire.</p>
                <p>Constantine, surnamed <hi rend="italic">Copronymus</hi> (from x&lt;wrgoς, <hi
                    rend="italic">stercus,</hi> and <hi rend="italic">οwμa, name,</hi> because he
                    was said to have defiled the sacred font at his baptism), succeeded his father
                    Leo in 741, and in 754 he convened a council at Constantinople, regarded by the
                    Greeks as the seventh oecumenical council, which solemnly condemned the use of
                    images in public worship. Leo IV. who was declared emperor in 775, pursued the
                    same measures, and had recourse to the coercive influence of penal laws, in
                    order to extirpate idolatry. Irene, the wife of Leo, poisoned her husband in
                    780; assumed the reins of empire during the minority of her son Constantine; and
                    in 786 summoned a council at Nice in Bithynia, known by the name of the Second
                    Nicene Council, which abrogated the laws and decrees against the new idolatry,
                    restored the use of images and of the cross, and denounced severe punishments
                    against those who maintained that God was the only object of religious
                    adoration. In this contest, the Britons, Germans, and Gauls, were of opinion
                    that images might be lawfully continued in churches, but they considered the
                    worship of these as highly injurious and offensive to the Supreme Being.
                    Charlemagne distinguished himself as a mediator in this controversy. He ordered
                    four books concerning images to be composed, refuting the reasons urged by the N
                    icene bishops to justify the use of images; and these books he sent to Adrian
                    the Roman pontiff in 790,. in order to engage him to withdraw his approbation of
                    the decrees of the last council of Nice. Adrian wrote an answer; and in 794, a
                    council of three hundred bishops, assembled by Charlemagne at
                    Francfort-on-the-Mayn, confirmed the opinion contained in the four books, and
                    solemnly condemned the use of images. In the Greek church, after the banishment
                    of Irene, the controversy about images broke out anew, and was carried on by the
                    contending parties, with various and uncertain success, during the half of the
                    ninth century. But the scene changed on the accession to the empire of Leo the
                    Armenian, who in 814 assembled a council at Constantinople, which abolished the
                    decrees of the Nicene council. His successor Michael, surnamed <hi rend="italic"
                    >Balbus,</hi> disapproved of the worship of images, and his son Theophilus
                    treated them with great severity; but the Empress Theodora, after his death, and
                    during the minority of her son, assembled a council at Constantinople in 842,
                    which reinstated the decrees of the second Niccne council. The council held at
                    the same place under Photius, in 879, and reckoned by the Greeks the eighth
                    general council, confirmed and renewed the Nicene decrees.</p>
                <p>The Latins were generally of opinion, that images might be suffered as the means
                    of aiding the memory of the faithful, and of calling to their remembrance the
                    pious exploits and virtuous actions of the persons whom they represented; but
                    they detested all thoughts of paying them the least marks of religious homage or
                    adoration. The council assembled at Paris in 824, by Louis the Meck, resolved to
                    allow the use of images in the churches, but severely prohi.- bited rendering
                    them religious homage. Nevertheless, towards the conclusion of this century, the
                    Gallican clergy began to pay a kind of religious homage to the images of saints,
                    and their example was followed by the Germans and other nations. However, the
                    Iconoclastes still had their adherents amongst the Latins. The most eminent of
                    these was Claudius, bishop of Turin, who, in 823, ordered all images, and even
                    the cross, to be cast out of the churches, and committed to the flames; and he
                    wrote a treatise, in which he declared against the use as well as against the
                    worship of images. He condemned relics, pilgrimages to the Holy Land, and all
                    voyages to the tombs of saints; and to his writings and labours it was owing
                    that the city of Turin and the adjacent country was, for a long time after his
                    death, much less infected with superstition than the other parts of Europe. The
                    controversy concerning the sanctity of images was again revived by Leo, bishop
                    of Chalcedon, in the eleventh century, on occasion of the Emperor Alexius
                    converting the figures of silver which adorned the portals of the churches into
                    money in order to supply the exigencies of the state. The bishop maintained that
                    he had been guilty of sacrilege, and published a treatise in defence of his
                    views. The emperor assembled at Constantinople a council, which determined that
                    the images of Christ and of the saints were to be honoured only with a relative
                    worship; and that invocation and worship were to be addressed to the saints only
                    as the servants of Christ, and on account of their relation to him as their
                    master. Leo, being dissatisfied with these decisions, was sent into banishment.
                    In the western church, the worship of images was disapproved and opposed by
                    several considerable parties, as the Petrobossians, Albigenses, Waldenses, and
                    others, until at length this practice was entirely abolished in many parts of
                    the Christian world by the Reformation.</p>
            </div>
        </body>
    </text>
</TEI>
