<?xml version="1.0" encoding="utf-8"?><?xml-model  href="https://TU-plogan.github.io/code/odd/tei_kp1.rng" type="application/xml" schematypens="http://relaxng.org/ns/structure/1.0"?><TEI xmlns="http://www.tei-c.org/ns/1.0" xml:id="kp-eb0712-3353-0427-06" xml:lang="en"><teiHeader><fileDesc><titleStmt xml:id="eb07_v3.1"><title level="a" type="main">IRKOUTSK</title><title level="m" type="main">Encyclopaedia Britannica: A machine-readable transcription</title><title level="m" type="sub">7th edition, volume 12, page 427</title><editor>Edited by <persName ref="https://orcid.org/0000-0003-2362-8282" role="editor" xml:id="pml">Peter Melville Logan</persName></editor><respStmt><orgName xml:id="kp">Nineteenth-Century Knowledge Project Staff,
                        <affiliation>Temple University</affiliation></orgName><resp>OCR transcription and data management</resp></respStmt><respStmt><persName ref="https://orcid.org/0000-0001-7819-5360" xml:id="jg">Jane
                        Greenberg, <affiliation>Metadata Research Center, Drexel
                        University</affiliation></persName><resp>metadata development</resp></respStmt><respStmt><persName xml:id="dk">Don Kretz, <affiliation>Distributed
                        Proofreading</affiliation></persName><resp>data management</resp></respStmt><funder><orgName ref="http://viaf.org/viaf/137796012" xml:id="neh">National Endowment
                        for the Humanities</orgName></funder><funder><orgName ref="http://viaf.org/viaf/121974598" xml:id="imls">Institute of Museum
                        and Library Services</orgName></funder><funder><orgName ref="http://viaf.org/viaf/127396206" xml:id="tu">Temple
                        University</orgName></funder><sponsor><orgName ref="http://viaf.org/viaf/3653147665869560670009" xml:id="cci">Drexel
                        University, College of Computing &amp; Informatics</orgName></sponsor></titleStmt><editionStmt><edition n="3.1">Version 3.1<date when="2025">2025</date></edition></editionStmt><extent>416 MB; 21,118 XML files </extent><publicationStmt><publisher corresp="kp"><orgName corresp="kp">Nineteenth-Century Knowledge Project</orgName><email>nckp@temple.edu</email><link target="https://github.com/TU-plogan/KnowledgeProject"/></publisher><availability status="free"><p>Licensed under a Creative Commons Attribution 4.0 International License.</p><licence target="https://creativecommons.org/licenses/by/4.0/"> CC BY 4.0
                    </licence></availability><date when="2025">2025</date></publicationStmt><seriesStmt><title level="s">Encyclopaedia Britannica: A machine-readable transcription</title><editor corresp="pml">Peter Melville Logan</editor></seriesStmt><sourceDesc><biblFull xml:lang="en"><titleStmt><title level="m">Encyclopaedia Britannica</title><editor><persName ref="http://viaf.org/viaf/79392506" xml:id="mn">Napier,
                                Macvey, 1776-1847</persName></editor></titleStmt><editionStmt><edition>Seventh Edition</edition></editionStmt><extent><measure quantity="21" unit="vol">21 volumes</measure></extent><publicationStmt><publisher>Adam and Charles Black</publisher><pubPlace>Edinburgh</pubPlace><date from="1830" to="1842">1830-1842</date></publicationStmt><sourceDesc><bibl xml:id="NLS"><title>Seventh edition - Encyclopaedia Britannica [190218838]</title><publisher><orgName ref="https://digital.nls.uk/encyclopaedia-britannica/archive/190218838">National Library of Scotland</orgName></publisher><date when="2019">2019</date><idno type="DOI">https://doi.org/10.34812/cg4r-dn40</idno><availability><p>National Library of Scotland License: CC BY 4.0</p><licence target="https://creativecommons.org/licenses/by/4.0/">CC BY
                                    4.0 </licence></availability></bibl></sourceDesc></biblFull><listBibl><head>Alternate image sources for this edition:</head><bibl xml:id="UW-HT">Hathi Trust, from print source at the University of
                        Wisconsin: vol. 9, pp. 29, 31, 32, 36, 37, 39, 41, 48, 50-55, 57, 59, 62,
                        63, 66, 67, 69-71, 76, 88; vol. 19 (all).</bibl><bibl xml:id="UCH-HT">Hathi Trust, from print source at the University of
                        Chicago: vol. 10, pp. 7-10; vols. 20, 21 (all).</bibl></listBibl></sourceDesc></fileDesc><encodingDesc><editorialDecl><ab><list rend="bulleted" type="basic"><item>Encoding has been done using the recommendations for Level 3 of the
                            "TEI in Libraries Guidelines."</item><item>Individual entries and page-breaks are encoded, but column breaks are
                            omitted.</item><item>Print page headers and side descriptions are not included.</item><item>OCR successfully reproduced simple tables, but complex tabular data is
                            not captured dependably and the results should not be relied
                            upon.</item><item>OCR was not able to successfully reproduce math and chemical formulas.
                            The uncorrected results remain in the text.</item><item>Some font formatting is preserved: <val>italic</val>,
                            <val>smallcaps</val>, <val>strikethrough</val>, <val>subscript</val>,
                            <val>superscript</val>, <val>underline</val>. The following print styles
                            are ignored: bold, font size, typeface.</item></list></ab><correction method="markup" status="low"><p>This electronic text file was created by optical character recognition (OCR).
                        Some OCR errors have been corrected.</p><p>Illegible text in the original is indicated using <gi>unclear</gi> or
                        <gi>gap</gi>, as appropriate. If corrected, the reference source is
                        indicated with <gi>supplied</gi>.</p><p>Some volumes of the print edition substituted "c" for "e" letters across
                        multiple pages. These are silently corrected.</p></correction><normalization method="silent"><p>Original spelling is preserved. When noticed, obvious misspellings are
                        combined with the correct spelling as <gi>choice</gi> in the TEI. Ligatures
                        are reproduced as multiple letters. Original footnote and marginal note
                        sigla are replaced with sequential numbers for each entry.</p></normalization><punctuation marks="some"><p>Extra space around punctuation marks is removed.</p><p>Ordinal numbers, such as 1st, 2ndly, etc., are inconsistently italicized in
                        the printed text; they are normalized as roman throughout.</p></punctuation><quotation marks="some"><p>Quotation marks are retained as content in the text. Redundant open quotation
                        marks at the start of lines inside block quotes are silently removed.</p></quotation><hyphenation eol="hard"><p>Soft hyphens are silently removed.</p></hyphenation><segmentation><p>The <tag>div type="entry"</tag> element divides the text into individual
                        entries.</p><p>The <tag>div type="section"</tag> and <tag>div type="subsection"</tag>
                        elements are reserved for entry subsections, but their inclusion is largely
                        aspirational.</p></segmentation></editorialDecl><tagsDecl><namespace name="http://www.tei-c.org/ns/1.0"><tagUsage gi="div">Unnumbered <gi>div</gi> tags are used throughout.</tagUsage></namespace></tagsDecl><projectDesc><p>All text was encoded for the Nineteenth-Century Knowledge Project to provide a
                    machine-readable edition of the Encyclopedia Britannica to analyze using
                    machine-learning methods.</p><p>Subject keywords are added to <gi>teiHeader</gi> for each entry; they were
                    generated by the HIVE2 automated vocabulary server, created by the Metadata
                    Research Center at Drexel University (<link target="https://hive2.cci.drexel.edu"/>https://hive2.cci.drexel.edu).</p></projectDesc><samplingDecl><p>This release reproduces the text matter for all entries. It does not include
                    images, front- or back-matter. It omits volume 1, which consists of
                    "Dissertations" rather than entries. The reproduction of tables and formulae is
                    unreliable. </p></samplingDecl><listPrefixDef><prefixDef ident="fast" matchPattern="(\d+)" replacementPattern="http://id.worldcat.org/fast/$1"><p>URIs with the prefix <code>fastgeo:</code> point to terms in the OCLC FAST
                        (Faceted Application of Subject Terminology) Geographical subject heading
                        schema derived from the Library of Congress Subject Headings (LCSH).</p></prefixDef><prefixDef ident="fast" matchPattern="(\d+)" replacementPattern="http://id.worldcat.org/fast/$1"><p>URIs with the prefix <code>fasttopic:</code> point to terms in the OCLC FAST
                        (Faceted Application of Subject Terminology) Topical subject heading schema
                        derived from the Library of Congress Subject Headings (LCSH).</p></prefixDef><prefixDef ident="lcsh1910" matchPattern="(\w+)" replacementPattern="https://n2t.net/ark:/99152/$1"><p>URIs with the prefix <code>lcsh1910:</code> point to subject terms in <hi rend="italic">Subject Headings Used in the Dictionary Catalogues of the
                        Library of Congress</hi>, 2 vols., Library of Congress, 1910.</p></prefixDef><prefixDef ident="ht" matchPattern="([\w\-\.;=\&#34;&amp;]+)" replacementPattern="https://babel.hathitrust.org/cgi/pt?id=$1"><p>URIs with the prefix <code>ht:</code> point to page images in the Hathi
                        Trust.</p></prefixDef><prefixDef ident="ia" matchPattern="(\w+)" replacementPattern="https://archive.org/details/$1"><p>URIs with the prefix <code>ia:</code> point to page images in the Internet
                        Archive.</p></prefixDef><prefixDef ident="nls" matchPattern="([\w?\=]+)" replacementPattern="https://digital.nls.uk/encyclopaedia-britannica/archive/$1"><p>URIs with the prefix <code>nls:</code> point to page images in the National
                        Library of Scotland.</p></prefixDef></listPrefixDef></encodingDesc><profileDesc><textClass default="false"><keywords scheme="http://id.worldcat.org/fast/"><term n="2" ref="fastgeo:1207312">Russia</term><term n="2" ref="fastgeo:1240495">Asia</term><term n="1" ref="fastgeo:1239786">America</term><term n="1" ref="fastgeo:1204082">Japan</term></keywords><keywords scheme="https://id.cci.drexel.edu/"><term n="3" ref="lcsh1910:b4fq9q80j">Ocean</term><term n="2" ref="lcsh1910:b4tt4fw6r">East</term><term n="2" ref="lcsh1910:b41j9770v">State</term><term n="2" ref="lcsh1910:b4kk94c35">Extents</term><term n="1" ref="lcsh1910:b4kk94m4s">Sea</term><term n="1" ref="lcsh1910:b4h41jp6g">Cossacks</term><term n="1" ref="lcsh1910:b40p0x090">Tunguses</term><term n="1" ref="lcsh1910:b4bg2hh25">Mongols</term></keywords><keywords scheme="http://id.worldcat.org/fast/"><term n="1" ref="fasttopic:1102429">Russians</term><term n="1" ref="fasttopic:880643">Cossacks</term><term n="1" ref="fasttopic:1025421">Mongols</term><term n="3" ref="fasttopic:1043442">Ocean</term><term n="1" ref="fasttopic:1110395">Seas</term><term n="1" ref="fasttopic:851789">Chains</term><term n="1" ref="fasttopic:1028334">Mountaineering</term><term n="1" ref="fasttopic:1028364">Mountaineers</term></keywords></textClass></profileDesc><revisionDesc status="published"><listChange><change n="3.1" status="public" when="2025-06-05" who="#pml">v3.1. Isolates two
                    additional entries; restores <gi>label</gi> tags to 6 entries; makes minor
                    corrections throughout.</change><change n="3.0" status="public" when="2024-12-06" who="#pml">v3.0. Includes
                    significant corrections to the OCR text, predominantly in cases of confusing "c"
                    and "e." Isolates 90 entries that were mistakenly included at the end of prior
                    entries in v1 and v2. Normalizes ordinal numbers. Separates metadata in
                    <gi>teiHeader</gi> into two separate facets: FAST Topical and FAST Geographical.
                    Moves commas following <gi>pb</gi> in the text to preceding it and removes extra
                    space around the <gi>pb</gi> tag. Where a word is hyphenated at a <gi>pb</gi>,
                    the end fragment is now joined to the start fragment, making a machine-readable
                    word.</change><change n="2.0" status="public" when="2023-10-11" who="#pml">v2.0. Isolates 42
                    entries that were mistakenly included at the end of prior entries in v1. Removes
                    <att>xml:id</att> from the <gi>div</gi> for the entry and adds it to the
                    <gi>TEI</gi> tag. Adds schema link to all files.</change><change n="1.0" status="public" when="2022-11-28" who="#pml">v1.0. Initial
                    release.</change></listChange></revisionDesc></teiHeader><text><body><div facs="nls:192943353" type="entry"><p><label type="entry">IRKOUTSK</label>, an extensive government of Russia,
                    comprehending all the eastern part of Siberia or Asiatic Russia. It is bounded
                    on the east by the Pacific Ocean, or, more properly, by its gulfs called the
                    Seas of Kamtschatka, Okhotsk, and Anadyr; on the north by the Frozen Ocean; on
                    the west by Tobolsk; and on the south by vast chains of mountains, continued
                    from the Altai chain, by which it is separated from Chinese Tartary. It extends
                    about twenty-eight degrees from east to west, and twenty-five from north to
                    south, and comprises 126,460 square geographical miles. It was erected into a
                    separate government in 1763, being formerly included in the government of
                    Tobolsk; and, in 1783, the Empress Catharine conferred on it the privileges of a
                    state. It was converted into a separate government, owing to the great extent of
                    the country, and the same cause occasioned its subsequent division into four
                    separate districts, namely, Ir∙ koutsk Proper, Nertschink, Yakantsk, and
                    Okhotsk; the first comprehending the southern and fertile districts situated
                    round the Baikal, and near the sources of the Lena and its tributaries. Yakantsk
                    extends as far as the Arctic Ocean, comprehending the vast and frozen plains
                    which extend northward to that sea. Okhotsk extends along the eastern shore of
                    Asia, and includes not only Kamtschatka, but the Aleutian and Kurile isles, thus
                    bordering on one side with America, on the other with Japan. It is traversed by
                    the Lena and its tributaries, throughout its whole extent from north to south.
                    There are also the Olonek, the Indigirka, and the Kovyma, which are large
                    rivers, and fall into the icy sea. An imperfect census has been made of the
                    population, according to which they were reckoned at between 400,000 and
                    500,000, and they have been considerably increased. Russians and Cossacks form a
                    considerable proportion of the inhabitants. These are composed of colonists,
                    merchants, and of those who are employed in the civil and military
                    establishments of the state, Great part of the province is occupied by the
                    native tribes, who lead a wandering and pastoral life, or gain a living by
                    hunting and fishing. The most numerous of these are the Tunguses. There are also
                    the Mongols, who occupy the southern parts; the Juraki, a Samoiede tribe, who
                    inhabit the northern districts in the Icy Sea; the Yakantes and Koriaks, who
                    dwell on the eastern coast, and derive a very precarious living from pasture and
                    the chase; the Tschut-chi, who occupy the north-east point of Asia; and the rude
                    inhabitants of the Aleutian and Kurile islands.</p></div></body></text></TEI>