<?xml version="1.0" encoding="utf-8"?><?xml-model  href="https://TU-plogan.github.io/code/odd/tei_kp1.rng" type="application/xml" schematypens="http://relaxng.org/ns/structure/1.0"?>
<TEI xml:id="kp-eb0912-0429-0414-02" xml:lang="en" xmlns="http://www.tei-c.org/ns/1.0">
    <teiHeader>
        <fileDesc>
            <titleStmt xml:id="eb09_v1.1">
                <title level="a" type="main">HUTTON, James</title>
                <title level="m" type="main">Encyclopaedia Britannica: A machine-readable
                    transcription</title>
                <title level="m" type="sub">9th edition, volume 12, page 414</title>
                <editor>Edited by <persName ref="https://orcid.org/0000-0003-2362-8282"
                    role="editor" xml:id="pml">Peter Melville Logan</persName></editor>
                <respStmt>
                    <orgName xml:id="kp">Nineteenth-Century Knowledge Project Staff,
                        <affiliation>Temple University</affiliation></orgName>
                    <resp>OCR transcription and data management</resp>
                </respStmt>
                <respStmt>
                    <persName ref="https://orcid.org/0000-0001-7819-5360" xml:id="jg">Jane
                        Greenberg, <affiliation>Metadata Research Center, Drexel
                        University</affiliation></persName>
                    <resp>metadata development</resp>
                </respStmt>
                <respStmt>
                    <persName xml:id="dk">Don Kretz, <affiliation>Distributed
                        Proofreading</affiliation></persName>
                    <resp>data management</resp>
                </respStmt>
                <funder><orgName ref="http://viaf.org/viaf/137796012" xml:id="neh">National
                    Endowment for the Humanities</orgName></funder>
                <funder><orgName ref="http://viaf.org/viaf/121974598" xml:id="imls">Institute of
                    Museum and Library Services</orgName></funder>
                <funder><orgName ref="http://viaf.org/viaf/127396206" xml:id="tu">Temple
                    University</orgName></funder>
                <sponsor><orgName ref="http://viaf.org/viaf/3653147665869560670009" xml:id="cci"
                    >Drexel University, College of Computing &amp; Informatics</orgName></sponsor>
            </titleStmt>
            <editionStmt>
                <edition n="1.1">Version 1.1 <date when="2025">2025</date></edition>
            </editionStmt>
            <extent>486 MB; 17,775 XML files</extent>
            <publicationStmt>
                <publisher corresp="kp"><orgName corresp="kp">Nineteenth-Century Knowledge
                    Project</orgName><email>19kp@temple.edu</email><link
                    target="https://github.com/TU-plogan/KnowledgeProject"/></publisher>
                <availability status="free">
                    <p>Licensed under a Creative Commons Attribution 4.0 International License.</p>
                    <licence target="https://creativecommons.org/licenses/by/4.0/"> CC BY 4.0
                    </licence>
                </availability>
                <date when="2025">2025</date>
            </publicationStmt>
            <seriesStmt>
                <title level="s">Encyclopaedia Britannica: A machine-readable transcription</title>
                <editor corresp="pml">Peter Melville Logan</editor>
            </seriesStmt>
            <sourceDesc>
                <biblFull xml:lang="en">
                    <titleStmt>
                        <title level="m">Encyclopaedia Britannica</title>
                        <editor><persName ref="http://viaf.org/viaf/12465694" xml:id="mn">Baynes, T.
                            Spencer (Thomas Spencer), <date from="1823" to="1887"
                            >1823-1887</date></persName></editor>
                    </titleStmt>
                    <editionStmt>
                        <edition>Ninth Edition</edition>
                    </editionStmt>
                    <extent><measure quantity="25" unit="vol">25 volumes</measure></extent>
                    <publicationStmt>
                        <publisher>Charles Scribner's Sons</publisher>
                        <authority>Authorized reprint from Edinburgh plates</authority>
                        <pubPlace>New York</pubPlace>
                        <date from="1875" to="1889">1875-1889</date>
                    </publicationStmt>
                    <sourceDesc>
                        <bibl xml:id="ia-uc"><title>Encyclopaedia Britannica: a dictionary of arts,
                            sciences, and general literature</title><publisher><orgName
                            ref="https://archive.org/">Internet Archive</orgName><orgName
                            ref="https://archive.org/details/cdl">University of California
                            Libraries, California Digital Library</orgName></publisher><date
                            when="2019">2006</date><idno type="OCLC">592355607</idno><idno
                            type="ark">13960/t0ks6j612</idno><availability>
                            <p>Internet Archive: NOT_IN_COPYRIGHT</p>
                            </availability></bibl>
                    </sourceDesc>
                </biblFull>
                <listBibl>
                    <head>Alternate image sources for this edition:</head>
                    <desc>Alternate images of the same print editions were substituted when the
                        primary source had unusable images for those pages.</desc>
                    <bibl xml:id="um-ht">Hathi Trust, from print source at the University of
                        Michigan: vol. 14, pp. 34-35; vol. 15, pp. 170-171.</bibl>
                </listBibl>
            </sourceDesc>
        </fileDesc>
        <encodingDesc>
            <editorialDecl>
                <ab><list rend="bulleted" type="basic">
                    <item>Encoding has been done using the recommendations for Level 3 of the "TEI
                        in Libraries Guidelines."</item>
                    <item>Individual entries and page-breaks are encoded, but column breaks are
                        omitted.</item>
                    <item>Print page headers and side descriptions are not included.</item>
                    <item>OCR successfully reproduced simple tables, but complex tabular data is not
                        captured dependably and the results should not be relied upon.</item>
                    <item>OCR was not able to successfully reproduce math and chemical formulas. The
                        uncorrected results remain in the text.</item>
                    <item>Some font formatting is preserved: <val>italic</val>,
                        <val>smallcaps</val>, <val>strikethrough</val>, <val>subscript</val>,
                        <val>superscript</val>, <val>underline</val>. The following print styles are
                        ignored: bold, font size, typeface.</item>
                    </list></ab>
                <correction method="markup" status="low">
                    <p>This electronic text file was created by optical character recognition (OCR).
                        OCR errors have not been corrected.</p>
                    <p>Illegible text in the original is indicated using <gi>unclear</gi> or
                        <gi>gap</gi>, as appropriate. If corrected, the reference source is
                        indicated with <gi>supplied</gi>.</p>
                </correction>
                <normalization method="silent">
                    <p>Original spelling is preserved. When noticed, obvious misspellings are
                        combined with the correct spelling as <gi>choice</gi> in the TEI. Ligatures
                        are reproduced as multiple letters. Original footnote and marginal note
                        sigla are replaced with sequential numbers for each entry.</p>
                </normalization>
                <punctuation marks="some">
                    <p>Extra space around punctuation marks is removed.</p>
                </punctuation>
                <quotation marks="some">
                    <p>Quotation marks are retained as content in the text. Redundant open quotation
                        marks at the start of lines inside block quotes are silently removed.</p>
                </quotation>
                <hyphenation eol="hard">
                    <p>Soft hyphens are silently removed.</p>
                </hyphenation>
                <segmentation>
                    <p>The <tag>div type="entry"</tag> element divides the text into individual
                        entries.</p>
                    <p>The <tag>div type="section"</tag> and <tag>div type="subsection"</tag>
                        elements are reserved for future entry subsections.</p>
                </segmentation>
            </editorialDecl>
            <tagsDecl>
                <namespace name="http://www.tei-c.org/ns/1.0">
                    <tagUsage gi="div">Unnumbered divs used.</tagUsage>
                </namespace>
            </tagsDecl>
            <projectDesc>
                <p>All text was encoded for the Nineteenth-Century Knowledge Project to provide a
                    machine-readable edition of the Encyclopedia Britannica to analyze using
                    machine-learning methods.</p>
                <p>Subject keywords are added to <gi>teiHeader</gi> for each entry; they were
                    generated by the HIVE2 automated vocabulary server, created by the Metadata
                    Research Center at Drexel University (<link
                    target="https://hive2.cci.drexel.edu"/>https://hive2.cci.drexel.edu).</p>
            </projectDesc>
            <samplingDecl>
                <p>This release reproduces the text matter for all entries. It does not include
                    images, front- or back-matter. The reproduction of tables and formulae is
                    unreliable. </p>
            </samplingDecl>
            <listPrefixDef>
                <prefixDef ident="fast" matchPattern="(\d+)"
                    replacementPattern="http://id.worldcat.org/fast/$1">
                    <p>URIs with the prefix <code>fastgeo:</code> point to terms in the OCLC FAST
                        (Faceted Application of Subject Terminology) Geographical subject heading
                        schema derived from the Library of Congress Subject Headings (LCSH).</p>
                </prefixDef>
                <prefixDef ident="fast" matchPattern="(\d+)"
                    replacementPattern="http://id.worldcat.org/fast/$1">
                    <p>URIs with the prefix <code>fasttopic:</code> point to terms in the OCLC FAST
                        (Faceted Application of Subject Terminology) Topical subject heading schema
                        derived from the Library of Congress Subject Headings (LCSH).</p>
                </prefixDef>
                <prefixDef ident="lcsh1910" matchPattern="(\w+)"
                    replacementPattern="https://n2t.net/ark:/99152/$1">
                    <p>URIs with the prefix <code>lcsh1910:</code> point to subject terms in <hi
                        rend="italic">Subject Headings Used in the Dictionary Catalogues of the
                        Library of Congress</hi>, 2 vols., Library of Congress, 1910.</p>
                </prefixDef>
                <prefixDef ident="ht" matchPattern="([\w\-\.;=\&#34;&amp;]+)"
                    replacementPattern="https://babel.hathitrust.org/cgi/pt?id=$1">
                    <p>URIs with the prefix <code>ht:</code> point to page images in the Hathi
                        Trust.</p>
                </prefixDef>
                <prefixDef ident="ia" matchPattern="(\w+)"
                    replacementPattern="https://archive.org/details/$1">
                    <p>URIs with the prefix <code>ia:</code> point to page images in the Internet
                        Archive.</p>
                </prefixDef>
                <prefixDef ident="nls" matchPattern="([\w?\=]+)"
                    replacementPattern="https://digital.nls.uk/encyclopaedia-britannica/archive/$1">
                    <p>URIs with the prefix <code>nls:</code> point to page images in the National
                        Library of Scotland.</p>
                </prefixDef>
            </listPrefixDef>
        </encodingDesc>
        <profileDesc>
            <textClass default="false">
                <keywords scheme="https://id.cci.drexel.edu/">
                    <term n="8" ref="lcsh1910:b4df6k36b">Earth</term>
                    <term n="1" ref="lcsh1910:b4zg6gc5h">Reason</term>
                    <term n="4" ref="lcsh1910:b4dr2p79d">Land</term>
                    <term n="1" ref="lcsh1910:b46688j6x">Reasoning</term>
                    <term n="1" ref="lcsh1910:b42b8vc0z">Globes</term>
                    <term n="4" ref="lcsh1910:b4zp3w744">Progress</term>
                    <term n="3" ref="lcsh1910:b4jd4pp0f">Air</term>
                    <term n="2" ref="lcsh1910:b45m62f7n">Reading</term>
                </keywords>
                <keywords scheme="http://id.worldcat.org/fast/">
                    <term n="1" ref="fastgeo:1219920">England</term>
                    <term n="1" ref="fastgeo:1210278">Belgium</term>
                </keywords>
                <keywords scheme="http://id.worldcat.org/fast/">
                    <term n="1" ref="fasttopic:980750">Italians</term>
                    <term n="1" ref="fasttopic:1136568">Subjectivity</term>
                    <term n="1" ref="fasttopic:1091272">Reason</term>
                    <term n="1" ref="fasttopic:1091282">Reasoning</term>
                    <term n="4" ref="fasttopic:1078723">Progress</term>
                    <term n="8" ref="fasttopic:1182566">Year</term>
                    <term n="3" ref="fasttopic:802066">Air</term>
                    <term n="2" ref="fasttopic:1138503">Summer</term>
                    <term n="2" ref="fasttopic:954023">Heating</term>
                </keywords>
            </textClass>
        </profileDesc>
        <revisionDesc status="published">
            <listChange>
                <change status="public" when="2025-08-15" who="#pml">v1.1. Isolates one entry;
                    corrects "B.c." and variants; replaces "bom" with "born", removed 783 instances
                    of extra space before semicolon. Separates metadata in <gi>teiHeader</gi> into
                    two separate facets: FAST Topical and FAST Geographical.</change>
                <change status="public" when="2023-02-28" who="#pml">v.1 published</change>
                <change status="public" when="2023-02-27" who="#pml">v.1 teiHeader XSL
                    finished</change>
            </listChange>
        </revisionDesc>
    </teiHeader>
    <text>
        <body>
            <div facs="ia:encyclopediabrit12newyrich/page/n429/mode/1up" type="entry">
                <p><label type="entry">HUTTON, <hi rend="smallcaps">James</hi></label> (1726-1797),
                    one of the great founders of geological science, was born in Edinburgh on 3d
                    June 1726. Educated at the high school and university of his native city, he
                    acquired while still a student a passionate love of scientific inquiry. It had
                    been decided that he should pursue a professional career, and he was accordingly
                    apprenticed to a lawyer. But as instead of copying law papers he was sometimes
                    found amusing his fellow-clerks with chemical experiments, his employer with
                    much sagacity advised that a more congenial profession thin the law should be
                    chosen for him. The young apprentice, released from his engagement, chose
                    medicine as the pursuit nearest akin to his favourite study of chemistry. He
                    studied for three years at Edinburgh, and completed his medical education by an
                    attendance of nearly two years at the medical classes in Paris, returning by the
                    Low Countries, and taking his degree of doctor of medicine at Leyden in 1749. At
                    the end of that year he came back to England, only to find, however, that though
                    he had qualified himself to practise as a medical man there seemed hardly any
                    opening for him. In the summer of the ensuing year he definitively abandoned the
                    idea of following out the medical profession, and, having inherited a small
                    property in Berwickshire from his father, resolved to devote himself to
                    agriculture. With the zeal and thoroughness characteristic of his disposition,
                    he then went to Norfolk to learn the practical work of farming. Thereafter he
                    extended his experience by a tour in Holland, Belgium, and the north of France.
                    During these years he began to study the surface of the earth, looking into
                    every pit, ditch, or river-bed that he saw, and gradually shaping in his mind
                    the problem to which he afterwards devoted his energies. In the summer of 1754
                    he established himself on his own farm in Berwickshire, where he resided for
                    fourteen years, and where he introduced the most improved forms of husbandry. As
                    the farm was brought into excellent order, and as its management, becoming more
                    easy, grew less interesting, he was finally induced to let it, and establish
                    himself for the rest of his life in Edinburgh. This took place about the year
                    1768.</p>
                <p>From this period until his death in 1797 he lived unmarried with his three
                    sisters. Surrounded by congenial literary and scientific friends, he devoted
                    himself to those researches which have had so important an influence upon <pb
                    break="no" facs="ia:encyclopediabrit12newyrich/page/n430/mode/1up"
                    xml:id="kp-eb0912-0430-0415"/> the progress of science. At that time geology in
                    any proper sense of the term did not exist. Mineralogy, however, had made
                    considerable progress. Hutton’s taste for chemistry naturally led him into
                    mineralogy. But he had conceived larger ideas than were entertained by the
                    mineralogists of his day. He desired to trace back the origin of the various
                    minerals and rocks, ani thus to arrive at some clear understanding of the
                    history of the earth. For many years he continued to ponder over the subject,
                    making during that time many excursions to different parts of the country to
                    obtain materials for his researches, or to test the hypotheses he had been led
                    to form. At last, in the spring of the year 1785, he communicated his views to
                    the recently established Royal Society of Edinburgh in a paper entitled <hi
                    rend="italic">Theory of the Earth, or an Investigation of the Laws Observable in
                    the Composition, Dissolution, and Restoration of Land upon the Globe.</hi> In
                    this remarkable work the doctrine is expounded that geology is not cosmogony,
                    but must confine itself to the study of the materials of the earth; that
                    everywhere evidence may be seen that the present rocks of the earth’s surface
                    have been formed out of the waste of older rocks; that these materials having
                    been laid down under the sea were there consolidated under great pressure, and
                    were subsequently disrupted and upheaved by the expansive power of subterranean
                    heat; that during these convulsions veins and misses of molten rock were
                    injected into the rents of the dislocated strata; that every portion of the
                    upraised land, as soon as exposed to the atmosphere, is subject to decay; and
                    that this decay must tend to advance until the whole of the land has been worn
                    away and laid down on the sea-floor, whence future upheavals will once more
                    raise the consolidated sediments into new land. In some of these broad and bold
                    generalizations Hutton was anticipated by the Italian geologists; but to him
                    belongs the credit of having first perceived their mutual relations, an 1
                    combined them in a luminous coherent theory everywhere based upon
                    observation.</p>
                <p>It was not merely the ground beneath us to which Hutton directed his attention.
                    He had long studied the changes of the atmosphere. The same volume in which his
                    <hi rend="italic">Theory of the Earth</hi> appeared contained also a <hi
                    rend="italic">Theory of Rain,</hi> which was read to the Royal Society of
                    Edinburgh in February 1784. He contended that the amount of moisture which the
                    air can retain in solution increases with augmentation of temperature, and
                    therefore that on the mixture of two masses of air of different temperatures a
                    portion of the moisture must be condensed and appear in visible form. He
                    investigated the data available in his time regarding rainfall and climate in
                    different regions of the globe, and came to the conclusion that the rainfall is
                    everywhere regulated by the humidity of the air on the one hand, and the causes
                    which promote mixtures of different aeri ιl currents in the higher atmosphere on
                    the other.</p>
                <p>The vigour and versatility of his genius may be understood from the variety of
                    works which, during his thirty years’ residence in Edinburgh, he gave to the
                    world. In the year 1792 he published a quarto volume entitled <hi rend="italic"
                    >Dissertations on different Subjects in Natural Philosophy,</hi> in which he
                    discussed the nature of matter, fluidity, cohesion, light, heat, and
                    electricity. Some of these subjects were further illustrated by him in papers
                    read before the Royal Society of Edinburgh. He did not restrain himself within
                    the domain of physics, but boldly marched into that of metaphysics, publishing
                    three quarto volumes with the title <hi rend="italic">An Investigation of the
                    Principles of Knowledge, and of the Progress of Reason—from Sense to Science and
                    Philosophy.</hi> In this work he develops the idea that the external world, as
                    conceived by us, is the creation of our own minds influenced by impressions from
                    without, that there is no resemblance between our picture of the outer world and
                    the reality, yet that the impressions produced upon our minds, being constant
                    and consistent, become as much realities tn us as if they precisely resembled
                    things actually existing, and therefore that our moral conduct must remain the
                    same as if our ideas perfectly corresponded to the causes producing them. His
                    closing years were devoted to the extension and republication of his <hi
                    rend="italic">Theory of the Earth,</hi> of which two volumes octavo appeared in
                    1795. A third volume, necessary to complete the work, was left by him in
                    manuscript, and is referred to by his biographer Playfair, but seems to have
                    disappeared. No sooner had this task been performed than he set to work to
                    collect and systematize his numerous writings on husbandry, which he proposed to
                    publish under the title of <hi rend="italic">Elements of Agriculture.</hi> He
                    had nearly completed this labour when an incurable disease brought his active
                    career to a close on 26th March 1797.</p>
                <p>It is by his <hi rend="italic">Theory of the Earth</hi> that Hutton will be
                    remembered with reverence while geology continues to be cultivated. The author’s
                    style, however, being somewhat heavy and obscure, the book did not attract
                    during his lifetime so much attention as it deserved. Happily for science Hutton
                    numbered among his friends John Playfair, professor of mathematics in the
                    university of Edinburgh, whose enthusiasm for the spread of Hutton’s doctrine
                    was combined, with a rare gift of graceful and luminous exposition. Five years
                    after Hutton’s death he published a volume, <hi rend="italic">BBustratioηs of
                    the Huttonian Theory of the Earth,</hi> in which he gave an admirable summary of
                    that theory, with numerous additional illustrations and arguments. This work is
                    justly regarded as one of the classical contributions to geological literature.
                    To its influence niuch of the sound progress of British geology must be
                    ascribed. In the year 1805 a biographical account of Hutton, written by
                    Playfair, was published in vol. v. of the <hi rend="italic">Transactions of the
                    Royal Society of Edinburgh.</hi> (A. GE.)</p>
            </div>
        </body>
    </text>
</TEI>
