<?xml version="1.0" encoding="utf-8"?><?xml-model  href="https://TU-plogan.github.io/code/odd/tei_kp1.rng" type="application/xml" schematypens="http://relaxng.org/ns/structure/1.0"?>
<TEI xml:id="kp-eb0912-0055-0046-03" xml:lang="en" xmlns="http://www.tei-c.org/ns/1.0">
    <teiHeader>
        <fileDesc>
            <titleStmt xml:id="eb09_v1.1">
                <title level="a" type="main">HOFMANN, Johann Christian Konrad von</title>
                <title level="m" type="main">Encyclopaedia Britannica: A machine-readable
                    transcription</title>
                <title level="m" type="sub">9th edition, volume 12, page 46</title>
                <editor>Edited by <persName ref="https://orcid.org/0000-0003-2362-8282"
                    role="editor" xml:id="pml">Peter Melville Logan</persName></editor>
                <respStmt>
                    <orgName xml:id="kp">Nineteenth-Century Knowledge Project Staff,
                        <affiliation>Temple University</affiliation></orgName>
                    <resp>OCR transcription and data management</resp>
                </respStmt>
                <respStmt>
                    <persName ref="https://orcid.org/0000-0001-7819-5360" xml:id="jg">Jane
                        Greenberg, <affiliation>Metadata Research Center, Drexel
                        University</affiliation></persName>
                    <resp>metadata development</resp>
                </respStmt>
                <respStmt>
                    <persName xml:id="dk">Don Kretz, <affiliation>Distributed
                        Proofreading</affiliation></persName>
                    <resp>data management</resp>
                </respStmt>
                <funder><orgName ref="http://viaf.org/viaf/137796012" xml:id="neh">National
                    Endowment for the Humanities</orgName></funder>
                <funder><orgName ref="http://viaf.org/viaf/121974598" xml:id="imls">Institute of
                    Museum and Library Services</orgName></funder>
                <funder><orgName ref="http://viaf.org/viaf/127396206" xml:id="tu">Temple
                    University</orgName></funder>
                <sponsor><orgName ref="http://viaf.org/viaf/3653147665869560670009" xml:id="cci"
                    >Drexel University, College of Computing &amp; Informatics</orgName></sponsor>
            </titleStmt>
            <editionStmt>
                <edition n="1.1">Version 1.1 <date when="2025">2025</date></edition>
            </editionStmt>
            <extent>486 MB; 17,775 XML files</extent>
            <publicationStmt>
                <publisher corresp="kp"><orgName corresp="kp">Nineteenth-Century Knowledge
                    Project</orgName><email>19kp@temple.edu</email><link
                    target="https://github.com/TU-plogan/KnowledgeProject"/></publisher>
                <availability status="free">
                    <p>Licensed under a Creative Commons Attribution 4.0 International License.</p>
                    <licence target="https://creativecommons.org/licenses/by/4.0/"> CC BY 4.0
                    </licence>
                </availability>
                <date when="2025">2025</date>
            </publicationStmt>
            <seriesStmt>
                <title level="s">Encyclopaedia Britannica: A machine-readable transcription</title>
                <editor corresp="pml">Peter Melville Logan</editor>
            </seriesStmt>
            <sourceDesc>
                <biblFull xml:lang="en">
                    <titleStmt>
                        <title level="m">Encyclopaedia Britannica</title>
                        <editor><persName ref="http://viaf.org/viaf/12465694" xml:id="mn">Baynes, T.
                            Spencer (Thomas Spencer), <date from="1823" to="1887"
                            >1823-1887</date></persName></editor>
                    </titleStmt>
                    <editionStmt>
                        <edition>Ninth Edition</edition>
                    </editionStmt>
                    <extent><measure quantity="25" unit="vol">25 volumes</measure></extent>
                    <publicationStmt>
                        <publisher>Charles Scribner's Sons</publisher>
                        <authority>Authorized reprint from Edinburgh plates</authority>
                        <pubPlace>New York</pubPlace>
                        <date from="1875" to="1889">1875-1889</date>
                    </publicationStmt>
                    <sourceDesc>
                        <bibl xml:id="ia-uc"><title>Encyclopaedia Britannica: a dictionary of arts,
                            sciences, and general literature</title><publisher><orgName
                            ref="https://archive.org/">Internet Archive</orgName><orgName
                            ref="https://archive.org/details/cdl">University of California
                            Libraries, California Digital Library</orgName></publisher><date
                            when="2019">2006</date><idno type="OCLC">592355607</idno><idno
                            type="ark">13960/t0ks6j612</idno><availability>
                            <p>Internet Archive: NOT_IN_COPYRIGHT</p>
                            </availability></bibl>
                    </sourceDesc>
                </biblFull>
                <listBibl>
                    <head>Alternate image sources for this edition:</head>
                    <desc>Alternate images of the same print editions were substituted when the
                        primary source had unusable images for those pages.</desc>
                    <bibl xml:id="um-ht">Hathi Trust, from print source at the University of
                        Michigan: vol. 14, pp. 34-35; vol. 15, pp. 170-171.</bibl>
                </listBibl>
            </sourceDesc>
        </fileDesc>
        <encodingDesc>
            <editorialDecl>
                <ab><list rend="bulleted" type="basic">
                    <item>Encoding has been done using the recommendations for Level 3 of the "TEI
                        in Libraries Guidelines."</item>
                    <item>Individual entries and page-breaks are encoded, but column breaks are
                        omitted.</item>
                    <item>Print page headers and side descriptions are not included.</item>
                    <item>OCR successfully reproduced simple tables, but complex tabular data is not
                        captured dependably and the results should not be relied upon.</item>
                    <item>OCR was not able to successfully reproduce math and chemical formulas. The
                        uncorrected results remain in the text.</item>
                    <item>Some font formatting is preserved: <val>italic</val>,
                        <val>smallcaps</val>, <val>strikethrough</val>, <val>subscript</val>,
                        <val>superscript</val>, <val>underline</val>. The following print styles are
                        ignored: bold, font size, typeface.</item>
                    </list></ab>
                <correction method="markup" status="low">
                    <p>This electronic text file was created by optical character recognition (OCR).
                        OCR errors have not been corrected.</p>
                    <p>Illegible text in the original is indicated using <gi>unclear</gi> or
                        <gi>gap</gi>, as appropriate. If corrected, the reference source is
                        indicated with <gi>supplied</gi>.</p>
                </correction>
                <normalization method="silent">
                    <p>Original spelling is preserved. When noticed, obvious misspellings are
                        combined with the correct spelling as <gi>choice</gi> in the TEI. Ligatures
                        are reproduced as multiple letters. Original footnote and marginal note
                        sigla are replaced with sequential numbers for each entry.</p>
                </normalization>
                <punctuation marks="some">
                    <p>Extra space around punctuation marks is removed.</p>
                </punctuation>
                <quotation marks="some">
                    <p>Quotation marks are retained as content in the text. Redundant open quotation
                        marks at the start of lines inside block quotes are silently removed.</p>
                </quotation>
                <hyphenation eol="hard">
                    <p>Soft hyphens are silently removed.</p>
                </hyphenation>
                <segmentation>
                    <p>The <tag>div type="entry"</tag> element divides the text into individual
                        entries.</p>
                    <p>The <tag>div type="section"</tag> and <tag>div type="subsection"</tag>
                        elements are reserved for future entry subsections.</p>
                </segmentation>
            </editorialDecl>
            <tagsDecl>
                <namespace name="http://www.tei-c.org/ns/1.0">
                    <tagUsage gi="div">Unnumbered divs used.</tagUsage>
                </namespace>
            </tagsDecl>
            <projectDesc>
                <p>All text was encoded for the Nineteenth-Century Knowledge Project to provide a
                    machine-readable edition of the Encyclopedia Britannica to analyze using
                    machine-learning methods.</p>
                <p>Subject keywords are added to <gi>teiHeader</gi> for each entry; they were
                    generated by the HIVE2 automated vocabulary server, created by the Metadata
                    Research Center at Drexel University (<link
                    target="https://hive2.cci.drexel.edu"/>https://hive2.cci.drexel.edu).</p>
            </projectDesc>
            <samplingDecl>
                <p>This release reproduces the text matter for all entries. It does not include
                    images, front- or back-matter. The reproduction of tables and formulae is
                    unreliable. </p>
            </samplingDecl>
            <listPrefixDef>
                <prefixDef ident="fast" matchPattern="(\d+)"
                    replacementPattern="http://id.worldcat.org/fast/$1">
                    <p>URIs with the prefix <code>fastgeo:</code> point to terms in the OCLC FAST
                        (Faceted Application of Subject Terminology) Geographical subject heading
                        schema derived from the Library of Congress Subject Headings (LCSH).</p>
                </prefixDef>
                <prefixDef ident="fast" matchPattern="(\d+)"
                    replacementPattern="http://id.worldcat.org/fast/$1">
                    <p>URIs with the prefix <code>fasttopic:</code> point to terms in the OCLC FAST
                        (Faceted Application of Subject Terminology) Topical subject heading schema
                        derived from the Library of Congress Subject Headings (LCSH).</p>
                </prefixDef>
                <prefixDef ident="lcsh1910" matchPattern="(\w+)"
                    replacementPattern="https://n2t.net/ark:/99152/$1">
                    <p>URIs with the prefix <code>lcsh1910:</code> point to subject terms in <hi
                        rend="italic">Subject Headings Used in the Dictionary Catalogues of the
                        Library of Congress</hi>, 2 vols., Library of Congress, 1910.</p>
                </prefixDef>
                <prefixDef ident="ht" matchPattern="([\w\-\.;=\&#34;&amp;]+)"
                    replacementPattern="https://babel.hathitrust.org/cgi/pt?id=$1">
                    <p>URIs with the prefix <code>ht:</code> point to page images in the Hathi
                        Trust.</p>
                </prefixDef>
                <prefixDef ident="ia" matchPattern="(\w+)"
                    replacementPattern="https://archive.org/details/$1">
                    <p>URIs with the prefix <code>ia:</code> point to page images in the Internet
                        Archive.</p>
                </prefixDef>
                <prefixDef ident="nls" matchPattern="([\w?\=]+)"
                    replacementPattern="https://digital.nls.uk/encyclopaedia-britannica/archive/$1">
                    <p>URIs with the prefix <code>nls:</code> point to page images in the National
                        Library of Scotland.</p>
                </prefixDef>
            </listPrefixDef>
        </encodingDesc>
        <profileDesc>
            <textClass default="false">
                <keywords scheme="https://id.cci.drexel.edu/">
                    <term n="2" ref="lcsh1910:b4sq8qk1s">Christ</term>
                    <term n="1" ref="lcsh1910:b4xw47w7c">Bavarians</term>
                    <term n="1" ref="lcsh1910:b49c6s277">Christianity</term>
                    <term n="1" ref="lcsh1910:b4bk16r27">Protestantism</term>
                    <term n="1" ref="lcsh1910:b4fj29h67">Hebrews</term>
                    <term n="1" ref="lcsh1910:b4v11vw02">Work</term>
                    <term n="1" ref="lcsh1910:b49882p6v">Methodism</term>
                    <term n="1" ref="lcsh1910:b4cn6z139">Chairs</term>
                    <term n="1" ref="lcsh1910:b45717w2f">Proof</term>
                </keywords>
                <keywords scheme="http://id.worldcat.org/fast/">
                    <term n="1" ref="fasttopic:1004072">Lutherans</term>
                    <term n="1" ref="fasttopic:859599">Christianity</term>
                    <term n="1" ref="fasttopic:828986">Bavarians</term>
                    <term n="1" ref="fasttopic:859760">Christians</term>
                    <term n="1" ref="fasttopic:1079920">Protestantism</term>
                    <term n="1" ref="fasttopic:1018631">Methodism</term>
                    <term n="1" ref="fasttopic:949578">Gymnasiums</term>
                    <term n="1" ref="fasttopic:1093581">Relationism</term>
                    <term n="1" ref="fasttopic:1198505">Life</term>
                </keywords>
            </textClass>
        </profileDesc>
        <revisionDesc status="published">
            <listChange>
                <change status="public" when="2025-08-15" who="#pml">v1.1. Isolates one entry;
                    corrects "B.c." and variants; replaces "bom" with "born", removed 783 instances
                    of extra space before semicolon. Separates metadata in <gi>teiHeader</gi> into
                    two separate facets: FAST Topical and FAST Geographical.</change>
                <change status="public" when="2023-02-28" who="#pml">v.1 published</change>
                <change status="public" when="2023-02-27" who="#pml">v.1 teiHeader XSL
                    finished</change>
            </listChange>
        </revisionDesc>
    </teiHeader>
    <text>
        <body>
            <div facs="ia:encyclopediabrit12newyrich/page/n55/mode/1up" type="entry">
                <p><label type="entry">HOFMANN, <hi rend="smallcaps">Johann Christian Konrad
                    von</hi></label> (1810- 1877), Lutheran theologian, was born December 21, 1810,
                    at Nuremberg, whence, after passing through the usual gymnasium course, he in
                    1827 proceeded to the university of Erlangen as a student of theology and
                    history. In 1829 he became the pupil of Schleiermacher, Hengstenberg, Neander,
                    and Ranke, at Berlin; in 1832 he passed his examination as a candidate in
                    theology at Erlangen; and in the following year he received an appointment to
                    teach Hebrew and history in the gymnasium there. In 1835 and 1838 respectively
                    he “habilitated” in the philosophical and in the theological faculty at
                    Erlangen, where in 1841 he was appointed professor extraordinarius in theology.
                    In 1842 he accepted a call to an ordinary theological chair at Rostock, but in
                    1845 he returned once more to Erlangen, where he had been nominated as successor
                    of Harless. Apart from his professorial and literary activities, his life was a
                    singularly uneventful one; he was, however, an enthusiastic adherent of the
                    political party of progress, and as such sat as member for Erlangen and Fürth in
                    the Bavarian second chamber from 1863 to 1868. His death occurred on December
                    20, 1877.</p>
                <p>He wrote <hi rend="italic">Die</hi><hi rend="italic">siebzig Jahre des Jeremias
                    u. die siebzig Jahrwochen</hi><hi rend="italic">îles</hi><hi rend="italic"
                    >Daniel,</hi> 1836; <hi rend="italic">Geschichte des Aufruhrs in den
                    Cevennen,</hi> 1837; <hi rend="italic">Lehrbuch der Weltgeschichte,</hi> 1839,
                    which became a text-book in <pb break="no"
                    facs="ia:encyclopediabrit12newyrich/page/n56/mode/1up"
                    xml:id="kp-eb0912-0056-0047"/> the Protestant gymnasia of Bavaria; <hi
                    rend="italic">Weissagung</hi><hi rend="italic">u.</hi><hi rend="italic"
                    >Erfüllung</hi><hi rend="italic">iuι</hi><hi rend="italic">alten</hi><hi
                    rend="italic">u.</hi><hi rend="italic">neuen Testamente,</hi> 1841-44, 2cΓed.,
                    1857-60; <hi rend="italic">Der Schriftbeweis,</hi> 1852-56, 2d ed., 1857-60; <hi
                    rend="italic">Die Heilige Schrift Neuen Testaments zusammenhängend
                    untersucht,</hi> 1862-75; and <hi rend="italic">Theologische Ethik,</hi> 1878.
                    He also edited, in conjunction with Holling and Thomasius, the <hi rend="italic"
                    >Zeitschrift für Protestantismus u. Kirche</hi> from 1846 onwards. His most
                    important works are the four last named. In <hi rend="italic">Weissagung</hi><hi
                    rend="italic">u.</hi><hi rend="italic">Erfüllung</hi> he not only carries out
                    the idea, originated by Herder, that the entire Old Testament as an organic
                    whole is one great connected prophecy, pointing towards Christ, but elaborates
                    the thought that the New Testament also is organically prophetic of the last
                    things. In the <hi rend="italic">Schriftbeweis,</hi> on the fundamental axiom
                    that the history of redemption as recorded in Scripture is the history of a
                    development he at great length sets forth the methods according to which
                    dogmatic theology must seek for and use the Scripture proofs on which it is or
                    ought to be based. His work upon the New Testament discusses the credibility of
                    the several books, and seeks to ascertain the place occupied by each in the
                    organic whole. The <hi rend="italic">Theologische Ethik</hi> unfolds the scheme
                    of Christian duty as arising out of the new relations of the believer to God
                    through Christ. In theology as in ecclesiastical polity Hoffmann was a Lutheran
                    of a very extreme type, although the strongly marked individuality of some of
                    his opinions laid him open to repeated accusations of heterodoxy.</p>
            </div>
        </body>
    </text>
</TEI>
