<?xml version="1.0" encoding="utf-8"?><?xml-model  href="https://TU-plogan.github.io/code/odd/tei_kp1.rng" type="application/xml" schematypens="http://relaxng.org/ns/structure/1.0"?>
<TEI xml:id="kp-eb0912-0114-0103-03" xml:lang="en" xmlns="http://www.tei-c.org/ns/1.0">
    <teiHeader>
        <fileDesc>
            <titleStmt xml:id="eb09_v1.1">
                <title level="a" type="main">HOLT, Sir John</title>
                <title level="m" type="main">Encyclopaedia Britannica: A machine-readable
                    transcription</title>
                <title level="m" type="sub">9th edition, volume 12, page 103</title>
                <editor>Edited by <persName ref="https://orcid.org/0000-0003-2362-8282"
                    role="editor" xml:id="pml">Peter Melville Logan</persName></editor>
                <respStmt>
                    <orgName xml:id="kp">Nineteenth-Century Knowledge Project Staff,
                        <affiliation>Temple University</affiliation></orgName>
                    <resp>OCR transcription and data management</resp>
                </respStmt>
                <respStmt>
                    <persName ref="https://orcid.org/0000-0001-7819-5360" xml:id="jg">Jane
                        Greenberg, <affiliation>Metadata Research Center, Drexel
                        University</affiliation></persName>
                    <resp>metadata development</resp>
                </respStmt>
                <respStmt>
                    <persName xml:id="dk">Don Kretz, <affiliation>Distributed
                        Proofreading</affiliation></persName>
                    <resp>data management</resp>
                </respStmt>
                <funder><orgName ref="http://viaf.org/viaf/137796012" xml:id="neh">National
                    Endowment for the Humanities</orgName></funder>
                <funder><orgName ref="http://viaf.org/viaf/121974598" xml:id="imls">Institute of
                    Museum and Library Services</orgName></funder>
                <funder><orgName ref="http://viaf.org/viaf/127396206" xml:id="tu">Temple
                    University</orgName></funder>
                <sponsor><orgName ref="http://viaf.org/viaf/3653147665869560670009" xml:id="cci"
                    >Drexel University, College of Computing &amp; Informatics</orgName></sponsor>
            </titleStmt>
            <editionStmt>
                <edition n="1.1">Version 1.1 <date when="2025">2025</date></edition>
            </editionStmt>
            <extent>486 MB; 17,775 XML files</extent>
            <publicationStmt>
                <publisher corresp="kp"><orgName corresp="kp">Nineteenth-Century Knowledge
                    Project</orgName><email>19kp@temple.edu</email><link
                    target="https://github.com/TU-plogan/KnowledgeProject"/></publisher>
                <availability status="free">
                    <p>Licensed under a Creative Commons Attribution 4.0 International License.</p>
                    <licence target="https://creativecommons.org/licenses/by/4.0/"> CC BY 4.0
                    </licence>
                </availability>
                <date when="2025">2025</date>
            </publicationStmt>
            <seriesStmt>
                <title level="s">Encyclopaedia Britannica: A machine-readable transcription</title>
                <editor corresp="pml">Peter Melville Logan</editor>
            </seriesStmt>
            <sourceDesc>
                <biblFull xml:lang="en">
                    <titleStmt>
                        <title level="m">Encyclopaedia Britannica</title>
                        <editor><persName ref="http://viaf.org/viaf/12465694" xml:id="mn">Baynes, T.
                            Spencer (Thomas Spencer), <date from="1823" to="1887"
                            >1823-1887</date></persName></editor>
                    </titleStmt>
                    <editionStmt>
                        <edition>Ninth Edition</edition>
                    </editionStmt>
                    <extent><measure quantity="25" unit="vol">25 volumes</measure></extent>
                    <publicationStmt>
                        <publisher>Charles Scribner's Sons</publisher>
                        <authority>Authorized reprint from Edinburgh plates</authority>
                        <pubPlace>New York</pubPlace>
                        <date from="1875" to="1889">1875-1889</date>
                    </publicationStmt>
                    <sourceDesc>
                        <bibl xml:id="ia-uc"><title>Encyclopaedia Britannica: a dictionary of arts,
                            sciences, and general literature</title><publisher><orgName
                            ref="https://archive.org/">Internet Archive</orgName><orgName
                            ref="https://archive.org/details/cdl">University of California
                            Libraries, California Digital Library</orgName></publisher><date
                            when="2019">2006</date><idno type="OCLC">592355607</idno><idno
                            type="ark">13960/t0ks6j612</idno><availability>
                            <p>Internet Archive: NOT_IN_COPYRIGHT</p>
                            </availability></bibl>
                    </sourceDesc>
                </biblFull>
                <listBibl>
                    <head>Alternate image sources for this edition:</head>
                    <desc>Alternate images of the same print editions were substituted when the
                        primary source had unusable images for those pages.</desc>
                    <bibl xml:id="um-ht">Hathi Trust, from print source at the University of
                        Michigan: vol. 14, pp. 34-35; vol. 15, pp. 170-171.</bibl>
                </listBibl>
            </sourceDesc>
        </fileDesc>
        <encodingDesc>
            <editorialDecl>
                <ab><list rend="bulleted" type="basic">
                    <item>Encoding has been done using the recommendations for Level 3 of the "TEI
                        in Libraries Guidelines."</item>
                    <item>Individual entries and page-breaks are encoded, but column breaks are
                        omitted.</item>
                    <item>Print page headers and side descriptions are not included.</item>
                    <item>OCR successfully reproduced simple tables, but complex tabular data is not
                        captured dependably and the results should not be relied upon.</item>
                    <item>OCR was not able to successfully reproduce math and chemical formulas. The
                        uncorrected results remain in the text.</item>
                    <item>Some font formatting is preserved: <val>italic</val>,
                        <val>smallcaps</val>, <val>strikethrough</val>, <val>subscript</val>,
                        <val>superscript</val>, <val>underline</val>. The following print styles are
                        ignored: bold, font size, typeface.</item>
                    </list></ab>
                <correction method="markup" status="low">
                    <p>This electronic text file was created by optical character recognition (OCR).
                        OCR errors have not been corrected.</p>
                    <p>Illegible text in the original is indicated using <gi>unclear</gi> or
                        <gi>gap</gi>, as appropriate. If corrected, the reference source is
                        indicated with <gi>supplied</gi>.</p>
                </correction>
                <normalization method="silent">
                    <p>Original spelling is preserved. When noticed, obvious misspellings are
                        combined with the correct spelling as <gi>choice</gi> in the TEI. Ligatures
                        are reproduced as multiple letters. Original footnote and marginal note
                        sigla are replaced with sequential numbers for each entry.</p>
                </normalization>
                <punctuation marks="some">
                    <p>Extra space around punctuation marks is removed.</p>
                </punctuation>
                <quotation marks="some">
                    <p>Quotation marks are retained as content in the text. Redundant open quotation
                        marks at the start of lines inside block quotes are silently removed.</p>
                </quotation>
                <hyphenation eol="hard">
                    <p>Soft hyphens are silently removed.</p>
                </hyphenation>
                <segmentation>
                    <p>The <tag>div type="entry"</tag> element divides the text into individual
                        entries.</p>
                    <p>The <tag>div type="section"</tag> and <tag>div type="subsection"</tag>
                        elements are reserved for future entry subsections.</p>
                </segmentation>
            </editorialDecl>
            <tagsDecl>
                <namespace name="http://www.tei-c.org/ns/1.0">
                    <tagUsage gi="div">Unnumbered divs used.</tagUsage>
                </namespace>
            </tagsDecl>
            <projectDesc>
                <p>All text was encoded for the Nineteenth-Century Knowledge Project to provide a
                    machine-readable edition of the Encyclopedia Britannica to analyze using
                    machine-learning methods.</p>
                <p>Subject keywords are added to <gi>teiHeader</gi> for each entry; they were
                    generated by the HIVE2 automated vocabulary server, created by the Metadata
                    Research Center at Drexel University (<link
                    target="https://hive2.cci.drexel.edu"/>https://hive2.cci.drexel.edu).</p>
            </projectDesc>
            <samplingDecl>
                <p>This release reproduces the text matter for all entries. It does not include
                    images, front- or back-matter. The reproduction of tables and formulae is
                    unreliable. </p>
            </samplingDecl>
            <listPrefixDef>
                <prefixDef ident="fast" matchPattern="(\d+)"
                    replacementPattern="http://id.worldcat.org/fast/$1">
                    <p>URIs with the prefix <code>fastgeo:</code> point to terms in the OCLC FAST
                        (Faceted Application of Subject Terminology) Geographical subject heading
                        schema derived from the Library of Congress Subject Headings (LCSH).</p>
                </prefixDef>
                <prefixDef ident="fast" matchPattern="(\d+)"
                    replacementPattern="http://id.worldcat.org/fast/$1">
                    <p>URIs with the prefix <code>fasttopic:</code> point to terms in the OCLC FAST
                        (Faceted Application of Subject Terminology) Topical subject heading schema
                        derived from the Library of Congress Subject Headings (LCSH).</p>
                </prefixDef>
                <prefixDef ident="lcsh1910" matchPattern="(\w+)"
                    replacementPattern="https://n2t.net/ark:/99152/$1">
                    <p>URIs with the prefix <code>lcsh1910:</code> point to subject terms in <hi
                        rend="italic">Subject Headings Used in the Dictionary Catalogues of the
                        Library of Congress</hi>, 2 vols., Library of Congress, 1910.</p>
                </prefixDef>
                <prefixDef ident="ht" matchPattern="([\w\-\.;=\&#34;&amp;]+)"
                    replacementPattern="https://babel.hathitrust.org/cgi/pt?id=$1">
                    <p>URIs with the prefix <code>ht:</code> point to page images in the Hathi
                        Trust.</p>
                </prefixDef>
                <prefixDef ident="ia" matchPattern="(\w+)"
                    replacementPattern="https://archive.org/details/$1">
                    <p>URIs with the prefix <code>ia:</code> point to page images in the Internet
                        Archive.</p>
                </prefixDef>
                <prefixDef ident="nls" matchPattern="([\w?\=]+)"
                    replacementPattern="https://digital.nls.uk/encyclopaedia-britannica/archive/$1">
                    <p>URIs with the prefix <code>nls:</code> point to page images in the National
                        Library of Scotland.</p>
                </prefixDef>
            </listPrefixDef>
        </encodingDesc>
        <profileDesc>
            <textClass default="false">
                <keywords scheme="http://id.worldcat.org/fast/">
                    <term n="3" ref="fasttopic:993678">Law</term>
                    <term n="1" ref="fasttopic:830288">Benches</term>
                    <term n="2" ref="fasttopic:1058777">Personals</term>
                    <term n="2" ref="fasttopic:1058667">Personality</term>
                    <term n="2" ref="fasttopic:1098069">Riots</term>
                    <term n="2" ref="fasttopic:910709">English</term>
                    <term n="1" ref="fasttopic:1198505">Life</term>
                    <term n="1" ref="fasttopic:1174597">White</term>
                    <term n="1" ref="fasttopic:869839">Commons</term>
                </keywords>
                <keywords scheme="https://id.cci.drexel.edu/">
                    <term n="3" ref="lcsh1910:b4m90280p">Law</term>
                    <term n="2" ref="lcsh1910:b4s17sx86">Personality</term>
                    <term n="2" ref="lcsh1910:b4tb0xx74">Riots</term>
                    <term n="2" ref="lcsh1910:b4s17sz4q">Knighthood</term>
                    <term n="1" ref="lcsh1910:b49c6s347">Trials</term>
                    <term n="1" ref="lcsh1910:b42j68511">Life</term>
                    <term n="1" ref="lcsh1910:b4kh0f45m">Judgments</term>
                    <term n="1" ref="lcsh1910:b4tt4fz36">Inns</term>
                    <term n="1" ref="lcsh1910:b44f1mm3n">Courts</term>
                    <term n="1" ref="lcsh1910:b4pr7mw5j">Commons</term>
                </keywords>
            </textClass>
        </profileDesc>
        <revisionDesc status="published">
            <listChange>
                <change status="public" when="2025-08-15" who="#pml">v1.1. Isolates one entry;
                    corrects "B.c." and variants; replaces "bom" with "born", removed 783 instances
                    of extra space before semicolon. Separates metadata in <gi>teiHeader</gi> into
                    two separate facets: FAST Topical and FAST Geographical.</change>
                <change status="public" when="2023-02-28" who="#pml">v.1 published</change>
                <change status="public" when="2023-02-27" who="#pml">v.1 teiHeader XSL
                    finished</change>
            </listChange>
        </revisionDesc>
    </teiHeader>
    <text>
        <body>
            <div facs="ia:encyclopediabrit12newyrich/page/n114/mode/1up" type="entry">
                <p><label type="entry">HOLT, <hi rend="smallcaps">Sir John</hi></label> (1642-1710),
                    lord chief-justice of the Court of King’s Bench in the reigns of William III.
                    and Anne, was born at Thame, Oxfordshire, December 30,1642. His father, Sir
                    Thomas Holt, possessed a small patrimonial estate, but in order to supplement
                    his income had adopted the profession of law, in which he was not very
                    successful, although he became sergeant in 1677, and afterwards for his
                    political services to the “Tories’’was rewarded with knighthood. After attending
                    for some years the free school of the town of Abingdon, of which his father was
                    recorder, young Holt in his sixteenth year entered Oriel College, Oxford. He is
                    said to have spent a very dissipated youth, and even to have been in the habit
                    of taking purses on the highway, but after entering Gray’s Inn about 1660 he
                    completely renounced his old habits and applied himself with exemplary diligence
                    to the study of law. He was called to the bar in 1663, and, although his youth
                    hindered his immediate success, when once he had an opportunity of manifesting
                    his talent he speedily acquired a lucrative practice. An ardent supporter of
                    civil and religious liberty, he distinguished himself in the state trials which
                    were then so common by the able and courageous manner in which he -supported the
                    pleas of the defendants. In February 1666 he was appointed recorder of London,
                    and on the 22d of April he was made king’s sergeant and received the honour of
                    knighthood. His giving a decision adverse to the pretensions of the king to
                    exercise martial law in time of peace led to his dismissal from the office of
                    recorder, but he was continued in the office of king’s sergeant in order <pb
                    break="no" facs="ia:encyclopediabrit12newyrich/page/n115/mode/1up"
                    xml:id="kp-eb0912-0115-0104"/> to prevent him from becoming counsel for accused
                    persons. Having been one of the judges who acted as assessors to the peers in
                    the Convention parliament, he took a leading part in arranging the
                    constitutional change by which William III. was called to the throne, and after
                    his accession he was appointed lord chief-justice of the king’s bench. His
                    merits as a judge are the more apparent and the more remarkable when contrasted
                    with the qualities displayed by his unworthy predecessors in office. In judicial
                    fairness, legal knowledge and ability, clearness of statement, and unbending
                    integrity he has had few if any superiors on the English bench. Over the civil
                    rights of his countrymen he exercised a jealous watchfulness, more especially
                    when presiding at the trial of state prosecutions, and he was especially careful
                    that all accused persons should be treated with fairness and respect. He is,
                    however, best known for the firmness with which he upheld his own prerogatives
                    in opposition to the authority of the Houses of Parliament. On several occasions
                    his physical as well as his moral courage was tried by extreme tests. Having
                    been requested to supply a number of police to help the soldiery in quelling a
                    riot, he assured the messenger that if any of the people were shot he would have
                    the soldiers hanged, and proceeding himself to the scene of riot he was
                    successful in preventing bloodshed. A still more signal proof of his courage is
                    said to have been given in the Aylesbury case. He declared in favour of the
                    Aylesbury burgesses, who had been committed to Newgate for complaining about the
                    n on-registry of their votes. On this account his commitment was moved by the
                    Tories, but the result of the motion is uncertain. There is a tradition,
                    however, which whether true or not is equally a tribute to his integrity, that
                    the House of Commons summoned him to appear before them, and that when, on his
                    disregarding the summons, the speaker himself made his appearance, Holt told him
                    that unless he returned to his chair within five minutes he would have him sent
                    to Newgate. While steadfast in his sympathies with the Whig party, Holt
                    maintained on the bench entire political impartiality, and always held himself
                    aloof from political intrigue. On the retirement of Somers from the
                    chancellorship in 1700 he was offered the great seal, but declined it. His death
                    took place 3d March 1710, and he was buried in the chancel of Redgrave church,
                    where a fine monument in white marble was erected by his brother to his
                    memory.</p>
                <p><hi rend="italic">Reports of Cases determined by Sir John Holt,</hi> 1681-1710,
                    appeared at London in 1738; and <hi rend="italic">The Judgments delivered in the
                    case of Ashby</hi> V. <hi rend="italic">White and others, and in the case of
                    John Baty and others, printed from original MSB,</hi> at London, 1837. See
                    Burnet’s <hi rend="italic">Own Times·, Taller,</hi> No. xiv.; a Life, published
                    in 1764; Welsby, <hi rend="italic">Lives of Eminent English Judges of the 17 th
                    and 18th Centuries,</hi> *1846; and Campbell’s <hi rend="italic">Lives of the
                    Lord Chief Justices.</hi></p>
            </div>
        </body>
    </text>
</TEI>
