<?xml version="1.0" encoding="utf-8"?><?xml-model  href="https://TU-plogan.github.io/code/odd/tei_kp1.rng" type="application/xml" schematypens="http://relaxng.org/ns/structure/1.0"?>
<TEI xml:id="kp-eb0912-0036-0027-02" xml:lang="en" xmlns="http://www.tei-c.org/ns/1.0">
    <teiHeader>
        <fileDesc>
            <titleStmt xml:id="eb09_v1.1">
                <title level="a" type="main">HITZIG, Ferdinand</title>
                <title level="m" type="main">Encyclopaedia Britannica: A machine-readable
                    transcription</title>
                <title level="m" type="sub">9th edition, volume 12, page 27</title>
                <editor>Edited by <persName ref="https://orcid.org/0000-0003-2362-8282"
                    role="editor" xml:id="pml">Peter Melville Logan</persName></editor>
                <respStmt>
                    <orgName xml:id="kp">Nineteenth-Century Knowledge Project Staff,
                        <affiliation>Temple University</affiliation></orgName>
                    <resp>OCR transcription and data management</resp>
                </respStmt>
                <respStmt>
                    <persName ref="https://orcid.org/0000-0001-7819-5360" xml:id="jg">Jane
                        Greenberg, <affiliation>Metadata Research Center, Drexel
                        University</affiliation></persName>
                    <resp>metadata development</resp>
                </respStmt>
                <respStmt>
                    <persName xml:id="dk">Don Kretz, <affiliation>Distributed
                        Proofreading</affiliation></persName>
                    <resp>data management</resp>
                </respStmt>
                <funder><orgName ref="http://viaf.org/viaf/137796012" xml:id="neh">National
                    Endowment for the Humanities</orgName></funder>
                <funder><orgName ref="http://viaf.org/viaf/121974598" xml:id="imls">Institute of
                    Museum and Library Services</orgName></funder>
                <funder><orgName ref="http://viaf.org/viaf/127396206" xml:id="tu">Temple
                    University</orgName></funder>
                <sponsor><orgName ref="http://viaf.org/viaf/3653147665869560670009" xml:id="cci"
                    >Drexel University, College of Computing &amp; Informatics</orgName></sponsor>
            </titleStmt>
            <editionStmt>
                <edition n="1.1">Version 1.1 <date when="2025">2025</date></edition>
            </editionStmt>
            <extent>486 MB; 17,775 XML files</extent>
            <publicationStmt>
                <publisher corresp="kp"><orgName corresp="kp">Nineteenth-Century Knowledge
                    Project</orgName><email>19kp@temple.edu</email><link
                    target="https://github.com/TU-plogan/KnowledgeProject"/></publisher>
                <availability status="free">
                    <p>Licensed under a Creative Commons Attribution 4.0 International License.</p>
                    <licence target="https://creativecommons.org/licenses/by/4.0/"> CC BY 4.0
                    </licence>
                </availability>
                <date when="2025">2025</date>
            </publicationStmt>
            <seriesStmt>
                <title level="s">Encyclopaedia Britannica: A machine-readable transcription</title>
                <editor corresp="pml">Peter Melville Logan</editor>
            </seriesStmt>
            <sourceDesc>
                <biblFull xml:lang="en">
                    <titleStmt>
                        <title level="m">Encyclopaedia Britannica</title>
                        <editor><persName ref="http://viaf.org/viaf/12465694" xml:id="mn">Baynes, T.
                            Spencer (Thomas Spencer), <date from="1823" to="1887"
                            >1823-1887</date></persName></editor>
                    </titleStmt>
                    <editionStmt>
                        <edition>Ninth Edition</edition>
                    </editionStmt>
                    <extent><measure quantity="25" unit="vol">25 volumes</measure></extent>
                    <publicationStmt>
                        <publisher>Charles Scribner's Sons</publisher>
                        <authority>Authorized reprint from Edinburgh plates</authority>
                        <pubPlace>New York</pubPlace>
                        <date from="1875" to="1889">1875-1889</date>
                    </publicationStmt>
                    <sourceDesc>
                        <bibl xml:id="ia-uc"><title>Encyclopaedia Britannica: a dictionary of arts,
                            sciences, and general literature</title><publisher><orgName
                            ref="https://archive.org/">Internet Archive</orgName><orgName
                            ref="https://archive.org/details/cdl">University of California
                            Libraries, California Digital Library</orgName></publisher><date
                            when="2019">2006</date><idno type="OCLC">592355607</idno><idno
                            type="ark">13960/t0ks6j612</idno><availability>
                            <p>Internet Archive: NOT_IN_COPYRIGHT</p>
                            </availability></bibl>
                    </sourceDesc>
                </biblFull>
                <listBibl>
                    <head>Alternate image sources for this edition:</head>
                    <desc>Alternate images of the same print editions were substituted when the
                        primary source had unusable images for those pages.</desc>
                    <bibl xml:id="um-ht">Hathi Trust, from print source at the University of
                        Michigan: vol. 14, pp. 34-35; vol. 15, pp. 170-171.</bibl>
                </listBibl>
            </sourceDesc>
        </fileDesc>
        <encodingDesc>
            <editorialDecl>
                <ab><list rend="bulleted" type="basic">
                    <item>Encoding has been done using the recommendations for Level 3 of the "TEI
                        in Libraries Guidelines."</item>
                    <item>Individual entries and page-breaks are encoded, but column breaks are
                        omitted.</item>
                    <item>Print page headers and side descriptions are not included.</item>
                    <item>OCR successfully reproduced simple tables, but complex tabular data is not
                        captured dependably and the results should not be relied upon.</item>
                    <item>OCR was not able to successfully reproduce math and chemical formulas. The
                        uncorrected results remain in the text.</item>
                    <item>Some font formatting is preserved: <val>italic</val>,
                        <val>smallcaps</val>, <val>strikethrough</val>, <val>subscript</val>,
                        <val>superscript</val>, <val>underline</val>. The following print styles are
                        ignored: bold, font size, typeface.</item>
                    </list></ab>
                <correction method="markup" status="low">
                    <p>This electronic text file was created by optical character recognition (OCR).
                        OCR errors have not been corrected.</p>
                    <p>Illegible text in the original is indicated using <gi>unclear</gi> or
                        <gi>gap</gi>, as appropriate. If corrected, the reference source is
                        indicated with <gi>supplied</gi>.</p>
                </correction>
                <normalization method="silent">
                    <p>Original spelling is preserved. When noticed, obvious misspellings are
                        combined with the correct spelling as <gi>choice</gi> in the TEI. Ligatures
                        are reproduced as multiple letters. Original footnote and marginal note
                        sigla are replaced with sequential numbers for each entry.</p>
                </normalization>
                <punctuation marks="some">
                    <p>Extra space around punctuation marks is removed.</p>
                </punctuation>
                <quotation marks="some">
                    <p>Quotation marks are retained as content in the text. Redundant open quotation
                        marks at the start of lines inside block quotes are silently removed.</p>
                </quotation>
                <hyphenation eol="hard">
                    <p>Soft hyphens are silently removed.</p>
                </hyphenation>
                <segmentation>
                    <p>The <tag>div type="entry"</tag> element divides the text into individual
                        entries.</p>
                    <p>The <tag>div type="section"</tag> and <tag>div type="subsection"</tag>
                        elements are reserved for future entry subsections.</p>
                </segmentation>
            </editorialDecl>
            <tagsDecl>
                <namespace name="http://www.tei-c.org/ns/1.0">
                    <tagUsage gi="div">Unnumbered divs used.</tagUsage>
                </namespace>
            </tagsDecl>
            <projectDesc>
                <p>All text was encoded for the Nineteenth-Century Knowledge Project to provide a
                    machine-readable edition of the Encyclopedia Britannica to analyze using
                    machine-learning methods.</p>
                <p>Subject keywords are added to <gi>teiHeader</gi> for each entry; they were
                    generated by the HIVE2 automated vocabulary server, created by the Metadata
                    Research Center at Drexel University (<link
                    target="https://hive2.cci.drexel.edu"/>https://hive2.cci.drexel.edu).</p>
            </projectDesc>
            <samplingDecl>
                <p>This release reproduces the text matter for all entries. It does not include
                    images, front- or back-matter. The reproduction of tables and formulae is
                    unreliable. </p>
            </samplingDecl>
            <listPrefixDef>
                <prefixDef ident="fast" matchPattern="(\d+)"
                    replacementPattern="http://id.worldcat.org/fast/$1">
                    <p>URIs with the prefix <code>fastgeo:</code> point to terms in the OCLC FAST
                        (Faceted Application of Subject Terminology) Geographical subject heading
                        schema derived from the Library of Congress Subject Headings (LCSH).</p>
                </prefixDef>
                <prefixDef ident="fast" matchPattern="(\d+)"
                    replacementPattern="http://id.worldcat.org/fast/$1">
                    <p>URIs with the prefix <code>fasttopic:</code> point to terms in the OCLC FAST
                        (Faceted Application of Subject Terminology) Topical subject heading schema
                        derived from the Library of Congress Subject Headings (LCSH).</p>
                </prefixDef>
                <prefixDef ident="lcsh1910" matchPattern="(\w+)"
                    replacementPattern="https://n2t.net/ark:/99152/$1">
                    <p>URIs with the prefix <code>lcsh1910:</code> point to subject terms in <hi
                        rend="italic">Subject Headings Used in the Dictionary Catalogues of the
                        Library of Congress</hi>, 2 vols., Library of Congress, 1910.</p>
                </prefixDef>
                <prefixDef ident="ht" matchPattern="([\w\-\.;=\&#34;&amp;]+)"
                    replacementPattern="https://babel.hathitrust.org/cgi/pt?id=$1">
                    <p>URIs with the prefix <code>ht:</code> point to page images in the Hathi
                        Trust.</p>
                </prefixDef>
                <prefixDef ident="ia" matchPattern="(\w+)"
                    replacementPattern="https://archive.org/details/$1">
                    <p>URIs with the prefix <code>ia:</code> point to page images in the Internet
                        Archive.</p>
                </prefixDef>
                <prefixDef ident="nls" matchPattern="([\w?\=]+)"
                    replacementPattern="https://digital.nls.uk/encyclopaedia-britannica/archive/$1">
                    <p>URIs with the prefix <code>nls:</code> point to page images in the National
                        Library of Scotland.</p>
                </prefixDef>
            </listPrefixDef>
        </encodingDesc>
        <profileDesc>
            <textClass default="false">
                <keywords scheme="http://id.worldcat.org/fast/">
                    <term n="1" ref="fasttopic:805945">Alphabet</term>
                    <term n="1" ref="fasttopic:1107958">Schools</term>
                    <term n="1" ref="fasttopic:883769">Critics</term>
                    <term n="1" ref="fasttopic:1136568">Subjectivity</term>
                    <term n="1" ref="fasttopic:821688">Authors</term>
                    <term n="1" ref="fasttopic:1080207">Proverbs</term>
                    <term n="1" ref="fasttopic:805974">Alphabets</term>
                    <term n="1" ref="fasttopic:1079211">Prophets</term>
                    <term n="1" ref="fasttopic:805968">Alphabetizing</term>
                </keywords>
                <keywords scheme="https://id.cci.drexel.edu/">
                    <term n="1" ref="lcsh1910:b4x05xc0z">Proverbs</term>
                    <term n="1" ref="lcsh1910:b4w37kv50">Alphabet</term>
                    <term n="1" ref="lcsh1910:b4v698j66">Prophets</term>
                    <term n="1" ref="lcsh1910:b43n20d44">Alphabeting</term>
                    <term n="1" ref="lcsh1910:b4rb6w218">Alphabets</term>
                    <term n="1" ref="lcsh1910:b42r3p063">Lyceums</term>
                    <term n="1" ref="lcsh1910:b4cc0v131">Pastors</term>
                    <term n="1" ref="lcsh1910:b4cn6z139">Chairs</term>
                </keywords>
            </textClass>
        </profileDesc>
        <revisionDesc status="published">
            <listChange>
                <change status="public" when="2025-08-15" who="#pml">v1.1. Isolates one entry;
                    corrects "B.c." and variants; replaces "bom" with "born", removed 783 instances
                    of extra space before semicolon. Separates metadata in <gi>teiHeader</gi> into
                    two separate facets: FAST Topical and FAST Geographical.</change>
                <change status="public" when="2023-02-28" who="#pml">v.1 published</change>
                <change status="public" when="2023-02-27" who="#pml">v.1 teiHeader XSL
                    finished</change>
            </listChange>
        </revisionDesc>
    </teiHeader>
    <text>
        <body>
            <div facs="ia:encyclopediabrit12newyrich/page/n36/mode/1up" type="entry">
                <p><label type="entry">HITZIG, <hi rend="smallcaps">Ferdinand</hi></label>
                    (1807-1875), exegete and Biblical critic, was born at Hauingen, Baden, where his
                    father was an evangelical pastor, on June 23, 1807, received his early education
                    at the pädagogium of Lörrach and at the lyceum of Carlsruhe, and entered the
                    university of Heidelberg as a student of theology in the autumn of 1824. There
                    he remained for a year, attending the lectures in exegesis and church history of
                    Paulus the famous “rationalist”; but in 1825 he removed to Halle where Gesenius
                    first decided him to devote himself to Old Testament subjects. His next step was
                    to Göttingen in 1828, where he had Ewald for his master, and where in 1829 he
                    graduated, the subject of his thesis being <hi rend="italic">De Cadyti Urbe
                    Herodotea.</hi> Returning to Heidelberg shortly afterwards, he “qualified” as
                    “privatdocent” in theology the same year, and in 1831 published his <hi
                    rend="italic">Begriff der Kritik am Alten Testamente praktisch erörtert,</hi> a
                    treatise in which the critical principles of the grammatico-historical school
                    were stated with great fulness, clearness, and cogency; also <hi rend="italic"
                    >Des Propheten</hi><hi rend="italic">Jonas</hi><hi rend="italic">Orakel
                    über</hi><hi rend="italic">Moab,</hi> an exposition of the 15th and 16th
                    chapters of the book of Isaiah attributed by him, as by many subsequent critics,
                    to the prophet Jonah mentioned in 2 Kings xiv. 25. His next literary performance
                    was a commentary on Isaiah <hi rend="italic">(Uebersetzung u.</hi><hi
                    rend="italic">Auslegung</hi><hi rend="italic">des</hi><hi rend="italic"
                    >Propheten Jesajas'),</hi> the publication of which in 1833 was soon followed by
                    a call to an ordinary professorship of theology in the university of Zurich.
                    There he laboured for a period of twenty-eight years, during which, besides
                    commentaries on <hi rend="italic">The Psalms</hi> (1835-36; 2d ed., 1863-65),
                    <hi rend="italic">The Minor Prophets</hi> (1838; 3d ed., 1863), <hi
                    rend="italic">Jeremiah</hi> (1841; 2d ed., 1866), <hi rend="italic">Ezekiel</hi>
                    (1847), <hi rend="italic">Daniel</hi> (1850), <hi rend="italic"
                    >Ecclesiastes</hi> (1847), <hi rend="italic">Canticles</hi> (1855), and <hi
                    rend="italic">Proverbs</hi> (1858), he published a monograph, <hi rend="italic"
                    >Ueber Johannes Markus u.</hi><hi rend="italic">seine Schriften</hi> (1843), in
                    which he maintained the chronological priority of the second gospel, and sought
                    to prove that the Apocalypse was written by the same author, and various
                    treatises of archaeological interest, of which the most important are <hi
                    rend="italic">Die</hi><hi rend="italic">Erfindung</hi><hi rend="italic">des
                    Alphabets</hi> (1840), <hi rend="italic">Urgeschichte</hi><hi rend="italic"
                    >u.</hi><hi rend="italic">Mythologie der</hi><hi rend="italic">Philistaer</hi>
                    (1845), and <hi rend="italic">Die Grabschrift des Eschmιιnezar</hi> (1855). In
                    1861 he was called to succeed <pb break="no"
                    facs="ia:encyclopediabrit12newyrich/page/n37/mode/1up"
                    xml:id="kp-eb0912-0037-0028"/> Umbreit in the chair of theology at Heidelberg;
                    there he wrote his <hi rend="italic">Geschichte des Volkes</hi><hi rend="italic"
                    >Israel</hi> (1869-70), in two parts, extending respectively to the end of the
                    Persian domination and to the fall of Masada, 72 <hi rend="smallcaps">a.d.,</hi>
                    as well as <hi rend="italic">Zur Kritik</hi><hi rend="italic"
                    >Paulinischer</hi><hi rend="italic">Briefe</hi> (1870), <hi rend="italic"
                    >Die</hi><hi rend="italic">Inschrift des</hi><hi rend="italic">Mescha</hi>
                    (1870), <hi rend="italic">Sprache</hi><hi rend="italic">u.</hi><hi rend="italic"
                    >Sprachen Assyriens</hi> (1871), besides revising Hirzel’s commentary on Job
                    (1874). He was also a frequent contributor to the <hi rend="italic"
                    >Monatsschrift</hi><hi rend="italic">des</hi><hi rend="italic"
                    >wissenschaftlichen Vereins</hi><hi rend="italic">in</hi><hi rend="italic"
                    >Zürich,</hi> the <hi rend="italic">Zeitschrift der Deutschen Morgenländischen
                    Gesellschaft,</hi> the <hi rend="italic">Theologische Studien u. Kritiken,</hi>
                    Zeller’s <hi rend="italic">Theologische Jahrbücher,</hi> and Hilgenfeld’s <hi
                    rend="italic">Zeitschrift für wissenschaftliche Theologie.</hi> Hitzig died at
                    Heidelberg on January 22, 1875. As a Hebrew philologist he holds very high rank;
                    and as a constructive critic he is remarkable for the acuteness and sagacity
                    shown in his combinations. His theories, however, are often carried out with a
                    vigour and rigour quite unwarranted by the amount of evidence upon which they
                    rest; and his deficiency as a commentator in ideality and religious sympathy
                    sometimes almost approaches the ludicrous. His lectures on Biblical theology
                    (<hi rend="italic">Vorlesungen über biblische Theologie u. Messianische
                    Weissagungen)</hi> have been recently published (1880), along with a portrait
                    and biographical sketch by Kneucker. See also Kamphausen’s article in Herzog and
                    Plitt’s <hi rend="italic">Realencyklopadie,</hi> vol. vi.</p>
            </div>
        </body>
    </text>
</TEI>
