<?xml version="1.0" encoding="utf-8"?><?xml-model  href="https://TU-plogan.github.io/code/odd/tei_kp1.rng" type="application/xml" schematypens="http://relaxng.org/ns/structure/1.0"?>
<TEI xml:id="kp-eb0912-0310-0299-01" xml:lang="en" xmlns="http://www.tei-c.org/ns/1.0">
    <teiHeader>
        <fileDesc>
            <titleStmt xml:id="eb09_v1.1">
                <title level="a" type="main">HOSIERY</title>
                <title level="m" type="main">Encyclopaedia Britannica: A machine-readable
                    transcription</title>
                <title level="m" type="sub">9th edition, volume 12, page 299</title>
                <editor>Edited by <persName ref="https://orcid.org/0000-0003-2362-8282"
                    role="editor" xml:id="pml">Peter Melville Logan</persName></editor>
                <respStmt>
                    <orgName xml:id="kp">Nineteenth-Century Knowledge Project Staff,
                        <affiliation>Temple University</affiliation></orgName>
                    <resp>OCR transcription and data management</resp>
                </respStmt>
                <respStmt>
                    <persName ref="https://orcid.org/0000-0001-7819-5360" xml:id="jg">Jane
                        Greenberg, <affiliation>Metadata Research Center, Drexel
                        University</affiliation></persName>
                    <resp>metadata development</resp>
                </respStmt>
                <respStmt>
                    <persName xml:id="dk">Don Kretz, <affiliation>Distributed
                        Proofreading</affiliation></persName>
                    <resp>data management</resp>
                </respStmt>
                <funder><orgName ref="http://viaf.org/viaf/137796012" xml:id="neh">National
                    Endowment for the Humanities</orgName></funder>
                <funder><orgName ref="http://viaf.org/viaf/121974598" xml:id="imls">Institute of
                    Museum and Library Services</orgName></funder>
                <funder><orgName ref="http://viaf.org/viaf/127396206" xml:id="tu">Temple
                    University</orgName></funder>
                <sponsor><orgName ref="http://viaf.org/viaf/3653147665869560670009" xml:id="cci"
                    >Drexel University, College of Computing &amp; Informatics</orgName></sponsor>
            </titleStmt>
            <editionStmt>
                <edition n="1.1">Version 1.1 <date when="2025">2025</date></edition>
            </editionStmt>
            <extent>486 MB; 17,775 XML files</extent>
            <publicationStmt>
                <publisher corresp="kp"><orgName corresp="kp">Nineteenth-Century Knowledge
                    Project</orgName><email>19kp@temple.edu</email><link
                    target="https://github.com/TU-plogan/KnowledgeProject"/></publisher>
                <availability status="free">
                    <p>Licensed under a Creative Commons Attribution 4.0 International License.</p>
                    <licence target="https://creativecommons.org/licenses/by/4.0/"> CC BY 4.0
                    </licence>
                </availability>
                <date when="2025">2025</date>
            </publicationStmt>
            <seriesStmt>
                <title level="s">Encyclopaedia Britannica: A machine-readable transcription</title>
                <editor corresp="pml">Peter Melville Logan</editor>
            </seriesStmt>
            <sourceDesc>
                <biblFull xml:lang="en">
                    <titleStmt>
                        <title level="m">Encyclopaedia Britannica</title>
                        <editor><persName ref="http://viaf.org/viaf/12465694" xml:id="mn">Baynes, T.
                            Spencer (Thomas Spencer), <date from="1823" to="1887"
                            >1823-1887</date></persName></editor>
                    </titleStmt>
                    <editionStmt>
                        <edition>Ninth Edition</edition>
                    </editionStmt>
                    <extent><measure quantity="25" unit="vol">25 volumes</measure></extent>
                    <publicationStmt>
                        <publisher>Charles Scribner's Sons</publisher>
                        <authority>Authorized reprint from Edinburgh plates</authority>
                        <pubPlace>New York</pubPlace>
                        <date from="1875" to="1889">1875-1889</date>
                    </publicationStmt>
                    <sourceDesc>
                        <bibl xml:id="ia-uc"><title>Encyclopaedia Britannica: a dictionary of arts,
                            sciences, and general literature</title><publisher><orgName
                            ref="https://archive.org/">Internet Archive</orgName><orgName
                            ref="https://archive.org/details/cdl">University of California
                            Libraries, California Digital Library</orgName></publisher><date
                            when="2019">2006</date><idno type="OCLC">592355607</idno><idno
                            type="ark">13960/t0ks6j612</idno><availability>
                            <p>Internet Archive: NOT_IN_COPYRIGHT</p>
                            </availability></bibl>
                    </sourceDesc>
                </biblFull>
                <listBibl>
                    <head>Alternate image sources for this edition:</head>
                    <desc>Alternate images of the same print editions were substituted when the
                        primary source had unusable images for those pages.</desc>
                    <bibl xml:id="um-ht">Hathi Trust, from print source at the University of
                        Michigan: vol. 14, pp. 34-35; vol. 15, pp. 170-171.</bibl>
                </listBibl>
            </sourceDesc>
        </fileDesc>
        <encodingDesc>
            <editorialDecl>
                <ab><list rend="bulleted" type="basic">
                    <item>Encoding has been done using the recommendations for Level 3 of the "TEI
                        in Libraries Guidelines."</item>
                    <item>Individual entries and page-breaks are encoded, but column breaks are
                        omitted.</item>
                    <item>Print page headers and side descriptions are not included.</item>
                    <item>OCR successfully reproduced simple tables, but complex tabular data is not
                        captured dependably and the results should not be relied upon.</item>
                    <item>OCR was not able to successfully reproduce math and chemical formulas. The
                        uncorrected results remain in the text.</item>
                    <item>Some font formatting is preserved: <val>italic</val>,
                        <val>smallcaps</val>, <val>strikethrough</val>, <val>subscript</val>,
                        <val>superscript</val>, <val>underline</val>. The following print styles are
                        ignored: bold, font size, typeface.</item>
                    </list></ab>
                <correction method="markup" status="low">
                    <p>This electronic text file was created by optical character recognition (OCR).
                        OCR errors have not been corrected.</p>
                    <p>Illegible text in the original is indicated using <gi>unclear</gi> or
                        <gi>gap</gi>, as appropriate. If corrected, the reference source is
                        indicated with <gi>supplied</gi>.</p>
                </correction>
                <normalization method="silent">
                    <p>Original spelling is preserved. When noticed, obvious misspellings are
                        combined with the correct spelling as <gi>choice</gi> in the TEI. Ligatures
                        are reproduced as multiple letters. Original footnote and marginal note
                        sigla are replaced with sequential numbers for each entry.</p>
                </normalization>
                <punctuation marks="some">
                    <p>Extra space around punctuation marks is removed.</p>
                </punctuation>
                <quotation marks="some">
                    <p>Quotation marks are retained as content in the text. Redundant open quotation
                        marks at the start of lines inside block quotes are silently removed.</p>
                </quotation>
                <hyphenation eol="hard">
                    <p>Soft hyphens are silently removed.</p>
                </hyphenation>
                <segmentation>
                    <p>The <tag>div type="entry"</tag> element divides the text into individual
                        entries.</p>
                    <p>The <tag>div type="section"</tag> and <tag>div type="subsection"</tag>
                        elements are reserved for future entry subsections.</p>
                </segmentation>
            </editorialDecl>
            <tagsDecl>
                <namespace name="http://www.tei-c.org/ns/1.0">
                    <tagUsage gi="div">Unnumbered divs used.</tagUsage>
                </namespace>
            </tagsDecl>
            <projectDesc>
                <p>All text was encoded for the Nineteenth-Century Knowledge Project to provide a
                    machine-readable edition of the Encyclopedia Britannica to analyze using
                    machine-learning methods.</p>
                <p>Subject keywords are added to <gi>teiHeader</gi> for each entry; they were
                    generated by the HIVE2 automated vocabulary server, created by the Metadata
                    Research Center at Drexel University (<link
                    target="https://hive2.cci.drexel.edu"/>https://hive2.cci.drexel.edu).</p>
            </projectDesc>
            <samplingDecl>
                <p>This release reproduces the text matter for all entries. It does not include
                    images, front- or back-matter. The reproduction of tables and formulae is
                    unreliable. </p>
            </samplingDecl>
            <listPrefixDef>
                <prefixDef ident="fast" matchPattern="(\d+)"
                    replacementPattern="http://id.worldcat.org/fast/$1">
                    <p>URIs with the prefix <code>fastgeo:</code> point to terms in the OCLC FAST
                        (Faceted Application of Subject Terminology) Geographical subject heading
                        schema derived from the Library of Congress Subject Headings (LCSH).</p>
                </prefixDef>
                <prefixDef ident="fast" matchPattern="(\d+)"
                    replacementPattern="http://id.worldcat.org/fast/$1">
                    <p>URIs with the prefix <code>fasttopic:</code> point to terms in the OCLC FAST
                        (Faceted Application of Subject Terminology) Topical subject heading schema
                        derived from the Library of Congress Subject Headings (LCSH).</p>
                </prefixDef>
                <prefixDef ident="lcsh1910" matchPattern="(\w+)"
                    replacementPattern="https://n2t.net/ark:/99152/$1">
                    <p>URIs with the prefix <code>lcsh1910:</code> point to subject terms in <hi
                        rend="italic">Subject Headings Used in the Dictionary Catalogues of the
                        Library of Congress</hi>, 2 vols., Library of Congress, 1910.</p>
                </prefixDef>
                <prefixDef ident="ht" matchPattern="([\w\-\.;=\&#34;&amp;]+)"
                    replacementPattern="https://babel.hathitrust.org/cgi/pt?id=$1">
                    <p>URIs with the prefix <code>ht:</code> point to page images in the Hathi
                        Trust.</p>
                </prefixDef>
                <prefixDef ident="ia" matchPattern="(\w+)"
                    replacementPattern="https://archive.org/details/$1">
                    <p>URIs with the prefix <code>ia:</code> point to page images in the Internet
                        Archive.</p>
                </prefixDef>
                <prefixDef ident="nls" matchPattern="([\w?\=]+)"
                    replacementPattern="https://digital.nls.uk/encyclopaedia-britannica/archive/$1">
                    <p>URIs with the prefix <code>nls:</code> point to page images in the National
                        Library of Scotland.</p>
                </prefixDef>
            </listPrefixDef>
        </encodingDesc>
        <profileDesc>
            <textClass default="false">
                <keywords scheme="http://id.worldcat.org/fast/">
                    <term n="2" ref="fastgeo:1206715">Scotland</term>
                    <term n="2" ref="fastgeo:1219920">England</term>
                    <term n="1" ref="fastgeo:1204305">Vermont</term>
                    <term n="1" ref="fastgeo:1216469">Brunei</term>
                    <term n="1" ref="fastgeo:1205427">Ireland</term>
                    <term n="1" ref="fastgeo:1204303">Spain</term>
                    <term n="1" ref="fastgeo:1205688">Connecticut</term>
                </keywords>
                <keywords scheme="https://id.cci.drexel.edu/">
                    <term n="12" ref="lcsh1910:b4v11vw02">Work</term>
                    <term n="11" ref="lcsh1910:b4bk16z5c">Yarn</term>
                    <term n="8" ref="lcsh1910:b4q815225">Trade</term>
                    <term n="8" ref="lcsh1910:b4jh3db66">Trades</term>
                    <term n="5" ref="lcsh1910:b4b853m90">Processions</term>
                    <term n="2" ref="lcsh1910:b4pn8xd98">Acting</term>
                    <term n="1" ref="lcsh1910:b4vh5ch72">Americanisms</term>
                </keywords>
                <keywords scheme="http://id.worldcat.org/fast/">
                    <term n="12" ref="fasttopic:1180188">Work</term>
                    <term n="11" ref="fasttopic:1182520">Yarn</term>
                    <term n="5" ref="fasttopic:950823">Hand</term>
                    <term n="5" ref="fasttopic:1078061">Processions</term>
                    <term n="5" ref="fasttopic:1078016">Process</term>
                    <term n="2" ref="fasttopic:796146">Acting</term>
                    <term n="1" ref="fasttopic:807480">Americanisms</term>
                    <term n="1" ref="fasttopic:910709">English</term>
                    <term n="1" ref="fasttopic:807485">Americanization</term>
                    <term n="1" ref="fasttopic:807488">Americans</term>
                </keywords>
            </textClass>
        </profileDesc>
        <revisionDesc status="published">
            <listChange>
                <change status="public" when="2025-08-15" who="#pml">v1.1. Isolates one entry;
                    corrects "B.c." and variants; replaces "bom" with "born", removed 783 instances
                    of extra space before semicolon. Separates metadata in <gi>teiHeader</gi> into
                    two separate facets: FAST Topical and FAST Geographical.</change>
                <change status="public" when="2023-02-28" who="#pml">v.1 published</change>
                <change status="public" when="2023-02-27" who="#pml">v.1 teiHeader XSL
                    finished</change>
            </listChange>
        </revisionDesc>
    </teiHeader>
    <text>
        <body>
            <div facs="ia:encyclopediabrit12newyrich/page/n310/mode/1up" type="entry">
                <p><label type="entry">HOSIERY</label>. Under this name is embraced a wide range of
                    manufactured textiles, which are classed together more on account of their
                    manner of fabrication than from similarity of application or use. The term, as
                    is quite obvious, has its origin in hose or stockings; but although stockings
                    continue to be one of the staples of hosiery, that department is only one of a
                    very numerous and diversified range of applications of the entire industry, it
                    having been officially stated that not fewer than 5000 distinct articles are
                    made in the trade. All kinds of hosiery proper are made by the process of
                    knitting, and the industry has principally to deal with the fabrication of
                    knitted underclothing.</p>
                <p>The art of knitting is the youngest of all the important textile manufactures,
                    and, compared with the others, its origin is quite modern. No certain allusion
                    to the art occurs before the beginning of the 15th century. In an Act of
                    Parliament of Henry VII. (1488) knitted woollen caps are mentioned. It is
                    supposed that the art was first practised in Scotland, and thence carried into
                    England, and that caps were made by knitting for some period before the more
                    difficult feat of stocking-making was attempted. In an Act of Edward VI. (1553)
                    “knitte hose, knitte peticotes, knitte gloves, and knitte slieves” are
                    enumerated, and the trade of hosiers is, among others, included in an Act dated
                    1563. Spanish silk stockings were worn on rare occasions by Henry VIII., and the
                    same much-prized articles are also mentioned in connexion with the wardrobe of
                    Edward VI.</p>
                <p>The peculiarity of knitting consists in the use of a single thread for the entire
                    texture, and in the formation therewith of a singularly elastic yet strong and
                    firm looped web.</p>
                <p>The process of hand-knitting is universally known, and the endless details of
                    fancy stitches and loops whereby ornamented work can be produced do not come
                    within the scope of hosiery proper. While a vast quantity of the best and most
                    comfortable hosiery is made with implements so simple and inexpensive as four
                    knitting wires or needles, the manufacturing industry is carried on with
                    machinery of unsurpassed ingenuity and complexity. Moreover, domestic knitting
                    machines, mostly of American origin, have of late years been introduced, and,
                    although these can never be expected to attain the popular favour of the
                    sewing-machine, yet they have been widely adopted.</p>
                <p>In the year 1589 the stocking-frame, the machine which mechanically produces the
                    looped stitch in hosiery, was invented by the Rev. William Lee, a graduate of
                    Cambridge, and native of Woodborough, near Nottingham. The fundamental principle
                    of the apparatus consists in the substitution of a separate hooked or barbed
                    needle for the support and working of each loop, in place of the system whereby
                    an indefinite number of loops are skewered on one or more wires or needles. The
                    method on which the machine is worked will be easily comprehended by aid of the
                    accompanying diagram (fig. 1), which represents a few of Lee’s peculiar barbed
                    needles from a frame with yarn in process of knitting. At R is seen a thread of
                    yarn passed over the needle stalks and within the terminal hooks. The yarn, it
                    will be observed, is waved or depressed between each pair of needles, whereby
                    sufficient yarn is secured to form the separate loops of uniform size, and thus
                    produce a regular equal fabric. Ιhe waving or depression of the yarn is produced
                    by allowing thin plates of shaped metal termed sinkers to fall between each pair
                    of needles after the yarn has been thrown across the whole range, and these
                    sinkers, according to their depth of fall, carry down material for a large or
                    small loop as the case may be. The elastic points of the needle-hooks are next
                    pressed into a groove in the stem by means of a presser bar which acts on the
                    whole row of barbs, and thus a range of temporarily closed metallic hooks is
                    formed, through which the waved yarn is threaded. Over these hooks the loops of
                    the already formed web SS have only to be drawn to form with the material R a
                    new series of loops; the pressure is then relieved, and now R forms a new row in
                    the work in place of S, and the operation is ready to be repeated for a
                    succeeding row. It is not necessary here to enter into a description of the
                    various mechanical devices by which Lee perfected the complex movements of his
                    stocking-frame. It is sufficient to say that so perfectly did he succeed in his
                    adaptations that to this day the essential features of his machine continue in
                    use for the class of work to which he applied it. At first Lee was only able to
                    work a flat even web, which when joined at the selvages made an unshapen
                    cylinder; but he soon learned to shape the work at pleasure by removing loops
                    from time to time from the outer edges of the web for narrowing or taking in,
                    and to reverse that process for widening or letting out.</p>
                <p>Neither Lee nor any of his relatives during their lifetime reaped an adequate
                    reward for the great boon he conferred on mankind. His stocking-frame came
                    gradually into extensive use, and an important industry was thereby created. No
                    improvement of essential consequence was effected on the apparatus till in 1758
                    Mr Jedediah Strutt, originally a Derbyshire farmer, adapted it to the production
                    of ribbed work. Mr Strutt’s invention consisted of an addition to the original
                    frame, which could be brought into use or not according as plain or ribbed work
                    was desired. The addition consisted of a set of ribbing-needles placed at right
                    angles to Lee’s plain needles, and at the intervals required for producing
                    ribbed courses. On the completion of a row of plain loops, the rib needles are
                    raised; at their respective intervals they lay hold of the last-formed loop,
                    and, bringing that through the loop which was on the ribneedle itself before,
                    they give an additional or double looping or twisting, which reverses the line
                    of chaining, and produces the ribbed appearance characteristic of this variety
                    of work. For his invention Strutt in conjunction with his brother-in-law
                    Woollett, a hosier, secured a patent, and they commenced the manufacture at
                    Derby, where their “Derby-ribs” became exceedingly popular. The idea of adding
                    parts to the plain frame of Lee, thus originated by Strutt, became the fertile
                    source of a great number of the later adaptations and modifications of the
                    apparatus. Strutt’s invention was the starting-point of a great and most
                    honourable business in the hands of himself and his family, and the elevation of
                    his grandson, Lord Belper, to the peerage was a direct tribute to the industrial
                    interests of the nation.</p>
                <p>Down till almost the middle of this century only a flat web could be knitted in
                    the machines in use, and for the finishing of stockings, &amp;c., it was
                    necessary to seam up the selvages of web shaped on the frame (fashioned work),
                    or to cut and seam them from even web (cut work). The introduction of any device
                    by which seamless garments could be fabricated was obviously a great
                    desideratum, and it is a singular fact that a machine capable of doing that <pb
                    break="no" facs="ia:encyclopediabrit12newyrich/page/n311/mode/1up"
                    xml:id="kp-eb0912-0311-0300"/> in a perfect manner should have been patented in
                    1816, while it was not seen in actual use in Nottingham, the capital of the
                    hosiery trade, till 1845. The inventor of the round stocking-frame was no other
                    than Sir Marc I. Brunel, who in 1816 patented his machine under the name of the
                    <hi rend="italic">Tricoteur.</hi> In Brunei’s apparatus the needles are fixed on
                    the rim of a rotating wheel. The yarn is delivered, the loops formed, the beards
                    of the needles pressed down, and all the other operations performed by means of
                    a series of arms and wheels which act on the circumference of the ring or circle
                    of needles. As the working of such a machine is continuous, and as several sets
                    of wheels and arms may work simultaneously around a ring of sufficient diameter,
                    Brunei’s machine was really capable of doing work with very great rapidity. He
                    appears not, however, to have regarded his invention as worthy of being pushed
                    into notice, and it was not till 1845 that in an improved form it was brought
                    forward as an original invention by Mr Peter Claussen, who, however, reaped no
                    profit from his undoubted ingenuity and merit.</p>
                <p>Another improvement of very great importance in the hosiery trade was effected
                    through the invention of the tumbler needle, patented by Mr Μ. Townsend in 1858.
                    The tumbler needle (fig. 2) consists of a stem somewhat bulged near the point.
                    The bulged part contains a groove in which there is hinged a short pin. The pin
                    is so placed that, when turned to the hooked or curved point, its own point
                    falls into a spoon-like indent, thus forming a smooth metal loop. When reversed
                    the pin falls into the groove of the stem, making a smooth stalk. In this way,
                    as will be clear from the figure, when the yarn is caught in the curved point of
                    the needles, the already formed loops in being brought forward to pass off the
                    needles carry forward the hinged pin and close the steel loop, over which they
                    pass quite smoothly. The newly-formed loop then pushes over the tumbler pin into
                    its groove, and the hook is once more ready to seize the yarn as it passes
                    along. The tumbler needle and the revolving frame together form the basis of the
                    various domestic machines which are now in the market. In machines in which the
                    tumbler needle is adopted the needles themselves move in grooves, each being
                    carried forward in succession as the feed of yarn comes opposite its
                    position.</p>
                <p>The varieties of frame now in use are embraced under narrow hand-machines, wide
                    hand-machines, power rotaryframes, and power round-frames, the first two being
                    exclusively used in the houses of the operatives, while the latter are factory
                    machines driven by steam. “It will be an explanation of some interest,” says the
                    late Mr Felkin, in a paper before the British Association (Nottingham meeting,
                    1866), “to those who are strangers to the process of these trades, to state that
                    the hand-knitter of a stocking, if assiduous and clever, will knit 100 loops a
                    minute, and that Lee on his first machine made 1000 of worsted, and on his
                    second 1500 loops of silk per minute. The visitor may now see on the round
                    frame, patented by Brunel in 1816, but since modified and improved, without any
                    effort but to supply yarn, 250,000 loops of the finest textures made, in various
                    colours, per minute, with safety,—an advance of 2500-fold upon the
                    hand-knitter.”</p>
                <p>The principle centre of the hosiery trade of the United Kingdom is Nottingham
                    town and county; and in Leicestershire and Derbyshire the industry is also of
                    importance. It was computed by Mr Felkin that the English hosiery trade gave
                    employment in 1866 to about 150,000 persons, of whom about 100,000 were occupied
                    in the preliminary and finishing o <hi rend="subscript"> 1</hi> ∙erations of
                    winding, cutting, mending, seaming, &amp;c. At that time the industry was
                    largely domestic, frames being hired out to operatives; but the trade tends
                    steadily towards factories. According to a parliamentary return issued 31st July
                    1879, there were in the United Kingdom 186 hosiery factories, giving employment
                    to 14,992 persons, 6683 males and 8309 females. Of these, 175 factories were in
                    England, 10 in Scotland, and. 1 in Ireland; and centred in Nottingham,
                    Leicester, Lincoln. Rutland, and Derbyshire there were 173 of the establishments
                    employing 13,680 of the operatives. The exports in 1878, which of course
                    represent only a small proportion of the total output, amounted in value to
                    £860,318. In the United States the industry is conducted on a manufacturing
                    scale in New York State, Massachusetts, New Hampshire, Rhode Island, Vermont,
                    Connecticut, and Maine; besides which family machines are extensively employed
                    in that country. In Saxony also the trade is an important industrial feature,
                    and there its development has been strikingly rapid. Throughout France, Spain,
                    and Italy there are numerous frames at work, and indeed the trade may be
                    regarded as in some degree commensurate with civilized industrial communities.
                    <hi rend="smallcaps">(j. pa.)</hi></p>
            </div>
        </body>
    </text>
</TEI>
