<?xml version="1.0" encoding="utf-8"?><?xml-model  href="https://TU-plogan.github.io/code/odd/tei_kp1.rng" type="application/xml" schematypens="http://relaxng.org/ns/structure/1.0"?>
<TEI xml:id="kp-eb0912-0728-0709-01" xml:lang="en" xmlns="http://www.tei-c.org/ns/1.0">
    <teiHeader>
        <fileDesc>
            <titleStmt xml:id="eb09_v1.1">
                <title level="a" type="main">ILLYRIA</title>
                <title level="m" type="main">Encyclopaedia Britannica: A machine-readable
                    transcription</title>
                <title level="m" type="sub">9th edition, volume 12, page 709</title>
                <editor>Edited by <persName ref="https://orcid.org/0000-0003-2362-8282"
                    role="editor" xml:id="pml">Peter Melville Logan</persName></editor>
                <respStmt>
                    <orgName xml:id="kp">Nineteenth-Century Knowledge Project Staff,
                        <affiliation>Temple University</affiliation></orgName>
                    <resp>OCR transcription and data management</resp>
                </respStmt>
                <respStmt>
                    <persName ref="https://orcid.org/0000-0001-7819-5360" xml:id="jg">Jane
                        Greenberg, <affiliation>Metadata Research Center, Drexel
                        University</affiliation></persName>
                    <resp>metadata development</resp>
                </respStmt>
                <respStmt>
                    <persName xml:id="dk">Don Kretz, <affiliation>Distributed
                        Proofreading</affiliation></persName>
                    <resp>data management</resp>
                </respStmt>
                <funder><orgName ref="http://viaf.org/viaf/137796012" xml:id="neh">National
                    Endowment for the Humanities</orgName></funder>
                <funder><orgName ref="http://viaf.org/viaf/121974598" xml:id="imls">Institute of
                    Museum and Library Services</orgName></funder>
                <funder><orgName ref="http://viaf.org/viaf/127396206" xml:id="tu">Temple
                    University</orgName></funder>
                <sponsor><orgName ref="http://viaf.org/viaf/3653147665869560670009" xml:id="cci"
                    >Drexel University, College of Computing &amp; Informatics</orgName></sponsor>
            </titleStmt>
            <editionStmt>
                <edition n="1.1">Version 1.1 <date when="2025">2025</date></edition>
            </editionStmt>
            <extent>486 MB; 17,775 XML files</extent>
            <publicationStmt>
                <publisher corresp="kp"><orgName corresp="kp">Nineteenth-Century Knowledge
                    Project</orgName><email>nckp@temple.edu</email><link
                    target="https://github.com/TU-plogan/KnowledgeProject"/></publisher>
                <availability status="free">
                    <p>Licensed under a Creative Commons Attribution 4.0 International License.</p>
                    <licence target="https://creativecommons.org/licenses/by/4.0/"> CC BY 4.0
                    </licence>
                </availability>
                <date when="2025">2025</date>
            </publicationStmt>
            <seriesStmt>
                <title level="s">Encyclopaedia Britannica: A machine-readable transcription</title>
                <editor corresp="pml">Peter Melville Logan</editor>
            </seriesStmt>
            <sourceDesc>
                <biblFull xml:lang="en">
                    <titleStmt>
                        <title level="m">Encyclopaedia Britannica</title>
                        <editor><persName ref="http://viaf.org/viaf/12465694" xml:id="mn">Baynes, T.
                            Spencer (Thomas Spencer), <date from="1823" to="1887"
                            >1823-1887</date></persName></editor>
                    </titleStmt>
                    <editionStmt>
                        <edition>Ninth Edition</edition>
                    </editionStmt>
                    <extent><measure quantity="25" unit="vol">25 volumes</measure></extent>
                    <publicationStmt>
                        <publisher>Charles Scribner's Sons</publisher>
                        <authority>Authorized reprint from Edinburgh plates</authority>
                        <pubPlace>New York</pubPlace>
                        <date from="1875" to="1889">1875-1889</date>
                    </publicationStmt>
                    <sourceDesc>
                        <bibl xml:id="ia-uc"><title>Encyclopaedia Britannica: a dictionary of arts,
                            sciences, and general literature</title><publisher><orgName
                            ref="https://archive.org/">Internet Archive</orgName><orgName
                            ref="https://archive.org/details/cdl">University of California
                            Libraries, California Digital Library</orgName></publisher><date
                            when="2019">2006</date><idno type="OCLC">592355607</idno><idno
                            type="ark">13960/t0ks6j612</idno><availability>
                            <p>Internet Archive: NOT_IN_COPYRIGHT</p>
                            </availability></bibl>
                    </sourceDesc>
                </biblFull>
                <listBibl>
                    <head>Alternate image sources for this edition:</head>
                    <desc>Alternate images of the same print editions were substituted when the
                        primary source had unusable images for those pages.</desc>
                    <bibl xml:id="um-ht">Hathi Trust, from print source at the University of
                        Michigan: vol. 14, pp. 34-35; vol. 15, pp. 170-171.</bibl>
                </listBibl>
            </sourceDesc>
        </fileDesc>
        <encodingDesc>
            <editorialDecl>
                <ab><list rend="bulleted" type="basic">
                    <item>Encoding has been done using the recommendations for Level 3 of the "TEI
                        in Libraries Guidelines."</item>
                    <item>Individual entries and page-breaks are encoded, but column breaks are
                        omitted.</item>
                    <item>Print page headers and side descriptions are not included.</item>
                    <item>OCR successfully reproduced simple tables, but complex tabular data is not
                        captured dependably and the results should not be relied upon.</item>
                    <item>OCR was not able to successfully reproduce math and chemical formulas. The
                        uncorrected results remain in the text.</item>
                    <item>Some font formatting is preserved: <val>italic</val>,
                        <val>smallcaps</val>, <val>strikethrough</val>, <val>subscript</val>,
                        <val>superscript</val>, <val>underline</val>. The following print styles are
                        ignored: bold, font size, typeface.</item>
                    </list></ab>
                <correction method="markup" status="low">
                    <p>This electronic text file was created by optical character recognition (OCR).
                        OCR errors have not been corrected.</p>
                    <p>Illegible text in the original is indicated using <gi>unclear</gi> or
                        <gi>gap</gi>, as appropriate. If corrected, the reference source is
                        indicated with <gi>supplied</gi>.</p>
                </correction>
                <normalization method="silent">
                    <p>Original spelling is preserved. When noticed, obvious misspellings are
                        combined with the correct spelling as <gi>choice</gi> in the TEI. Ligatures
                        are reproduced as multiple letters. Original footnote and marginal note
                        sigla are replaced with sequential numbers for each entry.</p>
                </normalization>
                <punctuation marks="some">
                    <p>Extra space around punctuation marks is removed.</p>
                </punctuation>
                <quotation marks="some">
                    <p>Quotation marks are retained as content in the text. Redundant open quotation
                        marks at the start of lines inside block quotes are silently removed.</p>
                </quotation>
                <hyphenation eol="hard">
                    <p>Soft hyphens are silently removed.</p>
                </hyphenation>
                <segmentation>
                    <p>The <tag>div type="entry"</tag> element divides the text into individual
                        entries.</p>
                    <p>The <tag>div type="section"</tag> and <tag>div type="subsection"</tag>
                        elements are reserved for future entry subsections.</p>
                </segmentation>
            </editorialDecl>
            <tagsDecl>
                <namespace name="http://www.tei-c.org/ns/1.0">
                    <tagUsage gi="div">Unnumbered divs used.</tagUsage>
                </namespace>
            </tagsDecl>
            <projectDesc>
                <p>All text was encoded for the Nineteenth-Century Knowledge Project to provide a
                    machine-readable edition of the Encyclopedia Britannica to analyze using
                    machine-learning methods.</p>
                <p>Subject keywords are added to <gi>teiHeader</gi> for each entry; they were
                    generated by the HIVE2 automated vocabulary server, created by the Metadata
                    Research Center at Drexel University (<link
                    target="https://hive2.cci.drexel.edu"/>https://hive2.cci.drexel.edu).</p>
            </projectDesc>
            <samplingDecl>
                <p>This release reproduces the text matter for all entries. It does not include
                    images, front- or back-matter. The reproduction of tables and formulae is
                    unreliable. </p>
            </samplingDecl>
            <listPrefixDef>
                <prefixDef ident="fast" matchPattern="(\d+)"
                    replacementPattern="http://id.worldcat.org/fast/$1">
                    <p>URIs with the prefix <code>fastgeo:</code> point to terms in the OCLC FAST
                        (Faceted Application of Subject Terminology) Geographical subject heading
                        schema derived from the Library of Congress Subject Headings (LCSH).</p>
                </prefixDef>
                <prefixDef ident="fast" matchPattern="(\d+)"
                    replacementPattern="http://id.worldcat.org/fast/$1">
                    <p>URIs with the prefix <code>fasttopic:</code> point to terms in the OCLC FAST
                        (Faceted Application of Subject Terminology) Topical subject heading schema
                        derived from the Library of Congress Subject Headings (LCSH).</p>
                </prefixDef>
                <prefixDef ident="lcsh1910" matchPattern="(\w+)"
                    replacementPattern="https://n2t.net/ark:/99152/$1">
                    <p>URIs with the prefix <code>lcsh1910:</code> point to subject terms in <hi
                        rend="italic">Subject Headings Used in the Dictionary Catalogues of the
                        Library of Congress</hi>, 2 vols., Library of Congress, 1910.</p>
                </prefixDef>
                <prefixDef ident="ht" matchPattern="([\w\-\.;=\&#34;&amp;]+)"
                    replacementPattern="https://babel.hathitrust.org/cgi/pt?id=$1">
                    <p>URIs with the prefix <code>ht:</code> point to page images in the Hathi
                        Trust.</p>
                </prefixDef>
                <prefixDef ident="ia" matchPattern="(\w+)"
                    replacementPattern="https://archive.org/details/$1">
                    <p>URIs with the prefix <code>ia:</code> point to page images in the Internet
                        Archive.</p>
                </prefixDef>
                <prefixDef ident="nls" matchPattern="([\w?\=]+)"
                    replacementPattern="https://digital.nls.uk/encyclopaedia-britannica/archive/$1">
                    <p>URIs with the prefix <code>nls:</code> point to page images in the National
                        Library of Scotland.</p>
                </prefixDef>
            </listPrefixDef>
        </encodingDesc>
        <profileDesc>
            <textClass default="false">
                <keywords scheme="https://id.cci.drexel.edu/">
                    <term n="3" ref="lcsh1910:b48g8fh7d">Greeks</term>
                    <term n="3" ref="lcsh1910:b4nv99d8g">Huns</term>
                    <term n="2" ref="lcsh1910:b4w669847">Slavs</term>
                    <term n="1" ref="lcsh1910:b4qv3c72h">Gauls</term>
                    <term n="1" ref="lcsh1910:b4ff3m29x">Dorians</term>
                    <term n="5" ref="lcsh1910:b49c6s11w">Woman</term>
                    <term n="4" ref="lcsh1910:b4jw86v83">Race</term>
                    <term n="4" ref="lcsh1910:b47m04609">Power</term>
                    <term n="4" ref="lcsh1910:b48g8fr3m">Racing</term>
                    <term n="4" ref="lcsh1910:b4tt4fw6r">East</term>
                </keywords>
                <keywords scheme="http://id.worldcat.org/fast/">
                    <term n="5" ref="fastgeo:1754964">Rome</term>
                    <term n="1" ref="fastgeo:1212674">Croatia</term>
                </keywords>
                <keywords scheme="http://id.worldcat.org/fast/">
                    <term n="13" ref="fasttopic:1156484">Tribes</term>
                    <term n="8" ref="fasttopic:967439">Illyrians</term>
                    <term n="5" ref="fasttopic:1739388">Womanism</term>
                    <term n="5" ref="fasttopic:1895887">Womanizers</term>
                    <term n="4" ref="fasttopic:1086604">Racing</term>
                    <term n="3" ref="fasttopic:964118">Huns</term>
                    <term n="3" ref="fasttopic:947546">Greeks</term>
                    <term n="2" ref="fasttopic:1120771">Slavs</term>
                    <term n="1" ref="fasttopic:1100116">Romans</term>
                </keywords>
            </textClass>
        </profileDesc>
        <revisionDesc status="published">
            <listChange>
                <change status="public" when="2025-08-15" who="#pml">v1.1. Isolates one entry;
                    corrects "B.c." and variants; replaces "bom" with "born", removed 783 instances
                    of extra space before semicolon. Separates metadata in <gi>teiHeader</gi> into
                    two separate facets: FAST Topical and FAST Geographical.</change>
                <change status="public" when="2023-02-28" who="#pml">v.1 published</change>
                <change status="public" when="2023-02-27" who="#pml">v.1 teiHeader XSL
                    finished</change>
            </listChange>
        </revisionDesc>
    </teiHeader>
    <text>
        <body>
            <div facs="ia:encyclopediabrit12newyrich/page/n728/mode/1up" type="entry">
                <p><label type="entry">ILLYRIA</label> is the name applied to the country that lies
                    to the east of the Adriatic Sea. The usual Greek name is Illyris, though the
                    older writers generally use the expression oi Ίλλυριοι. The common name in Latin
                    is Illyricum. The term Illyria is occasionally used in both languages, and has
                    become the recognized name in English. The boundaries of the country thus known
                    varied very much at different periods, and can be described only along with its
                    history. For a short time, in the 4th and 3d centuries <hi rend="smallcaps"
                    >b.c.,</hi> there was some slight government under monarchs whose power was
                    acknowledged by the whole country; but in general the land was either a province
                    of some conquering race or the abode of isolated tribes with little or no common
                    feelings or aims.</p>
                <p>The origin and character of its oldest inhabitants are involved in the obscurity
                    that still shrouds the ethnology and early history of all south-eastern Europe.
                    The Greeks acknowledged some affinity of race between themselves and the
                    Illyrians in the legend that Cadmus retired from Thebes with his wife Harmonia
                    and settled in Illyria, where he became the father of Illyrius, the eponymous
                    ancestor of the whole race. In harmony with this myth, the general consensus of
                    modern investigation tends to the view that at an early period the whole of
                    Europe south of the Danube, together with the centre and west of Asia Minor,
                    were peopled by kindred races, some of whose names are preserved to us as
                    Leleges, Thracians, Pelasgi, Illyrians, <hi rend="subscript"> t</hi> fcc. If we
                    divide the Indo-European tribes that peopled Europe into two great families, the
                    northern and the southern, we shall find that the Thraco-Illyrian tribes must be
                    distinguished from the Slavonic tribes who dwelt immediately north of them, and
                    who are closely akin to the Lithuanian and other tribes of the northern family.
                    On the other hand, it would not be easy to draw any line of demarcation at this
                    early time between the Illyrians and their neighbours on the west, south, and
                    east. Separation of nationalities was produced afterwards by growing
                    civilization, which developed distinct national characters and well-defined
                    countries.</p>
                <p>At this early period then we may say that the Danube, as the boundary between the
                    northern and the southern family, was the limit of the Illyrian tribes towards
                    the north. In other directions they shaded off into kindred tribes of similar
                    manners and language. Various causes led to a very unequal development of
                    civilization among these tribes. Intercourse with stranger races like the
                    Phoenicians, and amalgamation with kindred immigrant races, such as the Ionians
                    and Dorians, raised some of these tribes rapidly to the highest stage of
                    civilization. But these new races were attracted by the more favourable
                    conditions of the Greek peninsula, and few of them found their way to the
                    northern countries. Some traces of early Ionian settlers in Illyria are found
                    (see Curtius, <hi rend="italic">Die</hi><hi rend="italic">Ionier vor der
                    ionischen Wanderung,</hi> p. 46); but they do not seem to have permanently
                    affected the character of the natives. As Greece became civilized, it sent forth
                    its own colonists to occupy most of the favourable sites along the Mediterranean
                    coasts. But, whereas Thrace with its rich mines had a line of Hellenic colonies
                    along its southern shore, very few were planted in Illyria. According to Strabo,
                    the shore was full of fine harbours, and the coast land was very fertile; but he
                    adds that the people were barbarous and warlike. Ou this account it was that
                    Greek colonization never spread on the Illyrian coast. Dyrrachium or Epidamnus
                    was almost the only Greek colony, and its history for centuries showed one
                    continuous conflict with the barbarous natives, which prevented its growth.
                    Macedonia again found a family of Greek refugees who established themselves as
                    petty chiefs, and gradually spread their power, with civilization and settled
                    rule, over the whole country. Nothing of the kind happened to Illyria; the
                    chiefs who rose at times to power were always apparently as barbarous as their
                    followers. In these unpropitious circumstances, the Illyrian tribes remained in
                    their primitive barbarous condition later than almost any of their neighbours,
                    and when many of the surrounding states had become civilized, Illyria was
                    divided from them by the line separating barbarism from civilization. Naturally
                    their characteristics resembled closely those of the ruder Thracian tribes, and
                    both are described by the Greek historians as tattooing their bodies and
                    offering human victims to their gods. Their women seem to have had a high
                    position socially, and to have even exercised political power. Queens are
                    mentioned more than once as their rulers. This reminds us of the German tribes,
                    whose women also were much respected; and we know that among the Greeks women
                    were much freer and more respected in the older time before Oriental influence
                    had affected native customs. It is said that chastity was not held in much
                    account by the women of Illyria; but it must be remembered that people whose
                    women are kept more secluded are very apt to ascribe such a character to the
                    freer life of other races.</p>
                <p>The Illyrians are said by Herodotus (ix. 43) to have attacked the temple of
                    Delphi. Brasidas with his small army of Spartans was assaulted by them on his
                    adventurous march (424 <hi rend="smallcaps">b.c.</hi>) across Thessaly and
                    Macedonia to attack the Athenian colonies in Thrace. The earlier history of the
                    Macedonian kings is one constant struggle against the Illyrian tribes. The
                    migrations of the Gauls at the beginning of the 4th century disturbed the
                    country between the Danube and the Adriatic. The Scordisci and other Gallic
                    tribes settled there, and forced the Illyrians towards the south. The
                    necessities of defence seem to have united the Illyrians under a chief Bardylis
                    (about 383 <hi rend="smallcaps">b.c.)</hi> and his son Clitus. Bardylis nearly
                    succeeded in destroying the rising kingdom of Macedonia; King Amyntas was
                    defeated, and a few years later Perdiccas was defeated and slain. But the great
                    Philip crushed them completely, and annexed part of their country. During the
                    next century we hear of them as pirates. Issuing from the secluded harbours of
                    the coast, they ravaged the shores of Italy and Greece, and preyed on the
                    commerce of the Adriatic. The Greeks applied to Rome for help. Hellenism had
                    proved too weak to civilize the northern races; it was left to the stronger
                    organization of Rome to absorb them. Teuta, the Illyrian queen, at first scorned
                    the Roman demands for redress, and even murdered the <pb break="no"
                    facs="ia:encyclopediabrit12newyrich/page/n729/mode/1up"
                    xml:id="kp-eb0912-0729-0710"/> ambassadors; but the two Illyrian wars (229 and
                    219 <hi rend="smallcaps">b.c.</hi>) ended in the submission of the Illyrians, a
                    considerable part of their frontier being annexed by the conquerors. In 168 B.C.
                    Gentius, the Illyrian king, provoked the third Illyrian war, the result of which
                    was the annexation of the whole country by the Romans. Frequent rebellions
                    occurred, but at last the natives accepted the Roman civilization. During the
                    empire, the country was one of the best recruiting grounds for the Roman
                    legions; and in troubled times many Illyrian soldiers fought their way up from
                    the ranks to the imperial purple. Claudius, Aurelian, Probus, Diocletian, and
                    Maximian were all sons of Illyrian peasants.</p>
                <p>In the time of the republic Illyricum comprised the country between the
                    Liburnians, a kindred race, on the north and Epirus on the south. Under the
                    empire the importance of the country made its name spread over all the
                    surrounding districts. In the 2d century after Christ, the Illyricus Limes
                    included Noricum, Pannonia, Moesia, Dacia, and Thrace. Constantine added Greece,
                    Epirus, and Macedonia, taking from it Thrace and part of Moesia, and made it one
                    of the four divisions of the Roman empire governed by a “praefectus praetorio.”
                    When the empire was divided, Illyricum was halved. Illyris Barbara or Romana,
                    including Noricum, Pannonia, &amp;c., was annexed to the Western empire; while
                    Illyris Graeca, including Macedonia, Epirus, and Greece, formed part of the
                    Eastern empire. The Via Egnatia, the great line of road which connected Rome
                    with Constantinople and the East, led across Illyricum from Dyrrachium to
                    Thessalonica.</p>
                <p>In the wreck of the Roman empire Illyria suffered severely. In the 4th century
                    the Goths ravaged it repeatedly, but these, the most civilized of the barbarian
                    invaders of Rome, with their warlike aristocracy, passed on, and were succeeded
                    by wilder tribes. Slavs, as also Huns and other nomadic races from the East, in
                    succession devastated the country. An agricultural population could no longer
                    maintain itself, and all the elements of civilization disappeared. Justinian
                    (527-565) tried in vain to defend the country by a series of forts; his armies
                    were defeated time after time, and at last he allowed the Huns to make
                    settlements south of the Danube. Rome gave up the defence of civilization
                    against the inroads of barbarism, and bribed the barbarians to be quiet. Still
                    the Via Egnatia was defended, as the artery of communication and the highway of
                    commerce between Constantinople and the west. The open country, however, even
                    south of the great road, was abandoned to the Slavs and Huns. The older
                    Illyrians partly united with these races, partly went farther south, encroaching
                    on the Greek people, and the name of one of their tribes, Albani, is preserved
                    in the modern name of their descendants, the Albanians.</p>
                <p>Heraclius (610-641 <hi rend="smallcaps">a.d.)</hi> settled Slavonic peoples all
                    along the coast of Illyria as far south as Dyrrachium. The states which were
                    thus created were of great importance in the Dark Ages. The republic of Narenta
                    vied for a time with that of Venice; and the commerce of Ragusa was so rich that
                    it has given its name to all wealthy merchant vessels or “argosies.” The name of
                    Illyria had by this time disappeared from history; and the country was now
                    divided between these powerful merchant cities and the states of Bosnia,
                    Croatia, Servia, Rascia, and Dalmatia. In literature the name was preserved, and
                    the scene of Shakespeare’s comedy <hi rend="italic">Twelfth Night</hi> is laid
                    in Illyria. Politically the name was revived in the beginning of this century,
                    when the small kingdom of Illyria to the north of the Adriatic was constituted
                    at the peace of Vienna, 1809. In 1849 the territorial distribution of the
                    Austrian empire was remodelled, and Illyria again disappeared. (w. Μ. RA.)</p>
            </div>
        </body>
    </text>
</TEI>
