<?xml version="1.0" encoding="utf-8"?><?xml-model  href="https://TU-plogan.github.io/code/odd/tei_kp1.rng" type="application/xml" schematypens="http://relaxng.org/ns/structure/1.0"?>
<TEI xml:id="kp-eb0912-0630-0615-01" xml:lang="en" xmlns="http://www.tei-c.org/ns/1.0">
    <teiHeader>
        <fileDesc>
            <titleStmt xml:id="eb09_v1.1">
                <title level="a" type="main">ICE-HOUSE</title>
                <title level="m" type="main">Encyclopaedia Britannica: A machine-readable
                    transcription</title>
                <title level="m" type="sub">9th edition, volume 12, page 615</title>
                <editor>Edited by <persName ref="https://orcid.org/0000-0003-2362-8282"
                    role="editor" xml:id="pml">Peter Melville Logan</persName></editor>
                <respStmt>
                    <orgName xml:id="kp">Nineteenth-Century Knowledge Project Staff,
                        <affiliation>Temple University</affiliation></orgName>
                    <resp>OCR transcription and data management</resp>
                </respStmt>
                <respStmt>
                    <persName ref="https://orcid.org/0000-0001-7819-5360" xml:id="jg">Jane
                        Greenberg, <affiliation>Metadata Research Center, Drexel
                        University</affiliation></persName>
                    <resp>metadata development</resp>
                </respStmt>
                <respStmt>
                    <persName xml:id="dk">Don Kretz, <affiliation>Distributed
                        Proofreading</affiliation></persName>
                    <resp>data management</resp>
                </respStmt>
                <funder><orgName ref="http://viaf.org/viaf/137796012" xml:id="neh">National
                    Endowment for the Humanities</orgName></funder>
                <funder><orgName ref="http://viaf.org/viaf/121974598" xml:id="imls">Institute of
                    Museum and Library Services</orgName></funder>
                <funder><orgName ref="http://viaf.org/viaf/127396206" xml:id="tu">Temple
                    University</orgName></funder>
                <sponsor><orgName ref="http://viaf.org/viaf/3653147665869560670009" xml:id="cci"
                    >Drexel University, College of Computing &amp; Informatics</orgName></sponsor>
            </titleStmt>
            <editionStmt>
                <edition n="1.1">Version 1.1 <date when="2025">2025</date></edition>
            </editionStmt>
            <extent>486 MB; 17,775 XML files</extent>
            <publicationStmt>
                <publisher corresp="kp"><orgName corresp="kp">Nineteenth-Century Knowledge
                    Project</orgName><email>nckp@temple.edu</email><link
                    target="https://github.com/TU-plogan/KnowledgeProject"/></publisher>
                <availability status="free">
                    <p>Licensed under a Creative Commons Attribution 4.0 International License.</p>
                    <licence target="https://creativecommons.org/licenses/by/4.0/"> CC BY 4.0
                    </licence>
                </availability>
                <date when="2025">2025</date>
            </publicationStmt>
            <seriesStmt>
                <title level="s">Encyclopaedia Britannica: A machine-readable transcription</title>
                <editor corresp="pml">Peter Melville Logan</editor>
            </seriesStmt>
            <sourceDesc>
                <biblFull xml:lang="en">
                    <titleStmt>
                        <title level="m">Encyclopaedia Britannica</title>
                        <editor><persName ref="http://viaf.org/viaf/12465694" xml:id="mn">Baynes, T.
                            Spencer (Thomas Spencer), <date from="1823" to="1887"
                            >1823-1887</date></persName></editor>
                    </titleStmt>
                    <editionStmt>
                        <edition>Ninth Edition</edition>
                    </editionStmt>
                    <extent><measure quantity="25" unit="vol">25 volumes</measure></extent>
                    <publicationStmt>
                        <publisher>Charles Scribner's Sons</publisher>
                        <authority>Authorized reprint from Edinburgh plates</authority>
                        <pubPlace>New York</pubPlace>
                        <date from="1875" to="1889">1875-1889</date>
                    </publicationStmt>
                    <sourceDesc>
                        <bibl xml:id="ia-uc"><title>Encyclopaedia Britannica: a dictionary of arts,
                            sciences, and general literature</title><publisher><orgName
                            ref="https://archive.org/">Internet Archive</orgName><orgName
                            ref="https://archive.org/details/cdl">University of California
                            Libraries, California Digital Library</orgName></publisher><date
                            when="2019">2006</date><idno type="OCLC">592355607</idno><idno
                            type="ark">13960/t0ks6j612</idno><availability>
                            <p>Internet Archive: NOT_IN_COPYRIGHT</p>
                            </availability></bibl>
                    </sourceDesc>
                </biblFull>
                <listBibl>
                    <head>Alternate image sources for this edition:</head>
                    <desc>Alternate images of the same print editions were substituted when the
                        primary source had unusable images for those pages.</desc>
                    <bibl xml:id="um-ht">Hathi Trust, from print source at the University of
                        Michigan: vol. 14, pp. 34-35; vol. 15, pp. 170-171.</bibl>
                </listBibl>
            </sourceDesc>
        </fileDesc>
        <encodingDesc>
            <editorialDecl>
                <ab><list rend="bulleted" type="basic">
                    <item>Encoding has been done using the recommendations for Level 3 of the "TEI
                        in Libraries Guidelines."</item>
                    <item>Individual entries and page-breaks are encoded, but column breaks are
                        omitted.</item>
                    <item>Print page headers and side descriptions are not included.</item>
                    <item>OCR successfully reproduced simple tables, but complex tabular data is not
                        captured dependably and the results should not be relied upon.</item>
                    <item>OCR was not able to successfully reproduce math and chemical formulas. The
                        uncorrected results remain in the text.</item>
                    <item>Some font formatting is preserved: <val>italic</val>,
                        <val>smallcaps</val>, <val>strikethrough</val>, <val>subscript</val>,
                        <val>superscript</val>, <val>underline</val>. The following print styles are
                        ignored: bold, font size, typeface.</item>
                    </list></ab>
                <correction method="markup" status="low">
                    <p>This electronic text file was created by optical character recognition (OCR).
                        OCR errors have not been corrected.</p>
                    <p>Illegible text in the original is indicated using <gi>unclear</gi> or
                        <gi>gap</gi>, as appropriate. If corrected, the reference source is
                        indicated with <gi>supplied</gi>.</p>
                </correction>
                <normalization method="silent">
                    <p>Original spelling is preserved. When noticed, obvious misspellings are
                        combined with the correct spelling as <gi>choice</gi> in the TEI. Ligatures
                        are reproduced as multiple letters. Original footnote and marginal note
                        sigla are replaced with sequential numbers for each entry.</p>
                </normalization>
                <punctuation marks="some">
                    <p>Extra space around punctuation marks is removed.</p>
                </punctuation>
                <quotation marks="some">
                    <p>Quotation marks are retained as content in the text. Redundant open quotation
                        marks at the start of lines inside block quotes are silently removed.</p>
                </quotation>
                <hyphenation eol="hard">
                    <p>Soft hyphens are silently removed.</p>
                </hyphenation>
                <segmentation>
                    <p>The <tag>div type="entry"</tag> element divides the text into individual
                        entries.</p>
                    <p>The <tag>div type="section"</tag> and <tag>div type="subsection"</tag>
                        elements are reserved for future entry subsections.</p>
                </segmentation>
            </editorialDecl>
            <tagsDecl>
                <namespace name="http://www.tei-c.org/ns/1.0">
                    <tagUsage gi="div">Unnumbered divs used.</tagUsage>
                </namespace>
            </tagsDecl>
            <projectDesc>
                <p>All text was encoded for the Nineteenth-Century Knowledge Project to provide a
                    machine-readable edition of the Encyclopedia Britannica to analyze using
                    machine-learning methods.</p>
                <p>Subject keywords are added to <gi>teiHeader</gi> for each entry; they were
                    generated by the HIVE2 automated vocabulary server, created by the Metadata
                    Research Center at Drexel University (<link
                    target="https://hive2.cci.drexel.edu"/>https://hive2.cci.drexel.edu).</p>
            </projectDesc>
            <samplingDecl>
                <p>This release reproduces the text matter for all entries. It does not include
                    images, front- or back-matter. The reproduction of tables and formulae is
                    unreliable. </p>
            </samplingDecl>
            <listPrefixDef>
                <prefixDef ident="fast" matchPattern="(\d+)"
                    replacementPattern="http://id.worldcat.org/fast/$1">
                    <p>URIs with the prefix <code>fastgeo:</code> point to terms in the OCLC FAST
                        (Faceted Application of Subject Terminology) Geographical subject heading
                        schema derived from the Library of Congress Subject Headings (LCSH).</p>
                </prefixDef>
                <prefixDef ident="fast" matchPattern="(\d+)"
                    replacementPattern="http://id.worldcat.org/fast/$1">
                    <p>URIs with the prefix <code>fasttopic:</code> point to terms in the OCLC FAST
                        (Faceted Application of Subject Terminology) Topical subject heading schema
                        derived from the Library of Congress Subject Headings (LCSH).</p>
                </prefixDef>
                <prefixDef ident="lcsh1910" matchPattern="(\w+)"
                    replacementPattern="https://n2t.net/ark:/99152/$1">
                    <p>URIs with the prefix <code>lcsh1910:</code> point to subject terms in <hi
                        rend="italic">Subject Headings Used in the Dictionary Catalogues of the
                        Library of Congress</hi>, 2 vols., Library of Congress, 1910.</p>
                </prefixDef>
                <prefixDef ident="ht" matchPattern="([\w\-\.;=\&#34;&amp;]+)"
                    replacementPattern="https://babel.hathitrust.org/cgi/pt?id=$1">
                    <p>URIs with the prefix <code>ht:</code> point to page images in the Hathi
                        Trust.</p>
                </prefixDef>
                <prefixDef ident="ia" matchPattern="(\w+)"
                    replacementPattern="https://archive.org/details/$1">
                    <p>URIs with the prefix <code>ia:</code> point to page images in the Internet
                        Archive.</p>
                </prefixDef>
                <prefixDef ident="nls" matchPattern="([\w?\=]+)"
                    replacementPattern="https://digital.nls.uk/encyclopaedia-britannica/archive/$1">
                    <p>URIs with the prefix <code>nls:</code> point to page images in the National
                        Library of Scotland.</p>
                </prefixDef>
            </listPrefixDef>
        </encodingDesc>
        <profileDesc>
            <textClass default="false">
                <keywords scheme="http://id.worldcat.org/fast/">
                    <term n="1" ref="fasttopic:966505">Ice</term>
                    <term n="3" ref="fasttopic:927635">Floors</term>
                    <term n="3" ref="fasttopic:1065224">Planning</term>
                    <term n="3" ref="fasttopic:927616">Flooring</term>
                    <term n="3" ref="fasttopic:1142827">Tanning</term>
                    <term n="1" ref="fasttopic:807480">Americanisms</term>
                    <term n="1" ref="fasttopic:984032">Journalism</term>
                    <term n="1" ref="fasttopic:807485">Americanization</term>
                    <term n="1" ref="fasttopic:807488">Americans</term>
                </keywords>
                <keywords scheme="https://id.cci.drexel.edu/">
                    <term n="1" ref="lcsh1910:b4d795f20">Ice</term>
                    <term n="1" ref="lcsh1910:b4513tz03">Ices</term>
                    <term n="3" ref="lcsh1910:b4513v11w">Water</term>
                    <term n="3" ref="lcsh1910:b4jd4pp0f">Air</term>
                    <term n="3" ref="lcsh1910:b4jq0t035">Tanning</term>
                    <term n="1" ref="lcsh1910:b48c9r443">Journalism</term>
                    <term n="1" ref="lcsh1910:b4vh5ch72">Americanisms</term>
                </keywords>
            </textClass>
        </profileDesc>
        <revisionDesc status="published">
            <listChange>
                <change status="public" when="2025-08-15" who="#pml">v1.1. Isolates one entry;
                    corrects "B.c." and variants; replaces "bom" with "born", removed 783 instances
                    of extra space before semicolon. Separates metadata in <gi>teiHeader</gi> into
                    two separate facets: FAST Topical and FAST Geographical.</change>
                <change status="public" when="2023-02-28" who="#pml">v.1 published</change>
                <change status="public" when="2023-02-27" who="#pml">v.1 teiHeader XSL
                    finished</change>
            </listChange>
        </revisionDesc>
    </teiHeader>
    <text>
        <body>
            <div facs="ia:encyclopediabrit12newyrich/page/n630/mode/1up" type="entry">
                <p><label type="entry">ICE-HOUSE</label>. An ice-house, to supply ice for domestic
                    use during the summer months, is one of the desirable adjuncts of a country
                    residence. The old form of icehouse was a well several feet deep, dug out on
                    sloping ground or against a bank. The bottom was made to slope towards a sunk
                    drain, covered by an iron grating, to permit the water from the melted ice to
                    pass away quickly; while a dip in the drain or a bend in the pipe prevented air
                    from entering at the bottom of the well. The ice was filled in through an
                    opening in the dome, which had to be carefully closed.</p>
                <p>A good form of ice-house is that recommended many years ago by Mr Bailey,
                    gardener at Nuneham Park, Oxford, and described in the <hi rend="italic"
                    >Gardener’s Magazine of Botany</hi> (i. 82). This house is shown in section and
                    plan in fig. 1, where the dotted line indicates the ground level. The well or
                    receptacle for the ice <hi rend="italic">a</hi> is 10 fest 6 inches wide at the
                    base, and 3 feet wider near the top; the walls are hollow, the outer portion
                    being built of dry rough stone, and the inner wall and dome <hi rend="italic"
                    >f</hi> of brick. The outer wall <hi rend="italic">e</hi> might be replaced by a
                    puddling of clay, carried up as the work proceeds. Over the top is a mound of
                    clay and soil <hi rend="italic">g,</hi> which is planted with shrubs to keep the
                    surface cool in summer. The drain <hi rend="italic">i</hi> carries off the water
                    formed by the melted ice, and is provided with a trap <hi rend="italic">h</hi>
                    to prevent the ingress of air through the drain. There is a porch or lobby <hi
                    rend="italic">b</hi> provided with an outer and an inner door <hi rend="italic"
                    >c, c</hi>; and there are apertures at <hi rend="italic">d, d,</hi> to get rid
                    of the condensed moisture, which, if not removed, would waste the ice. These
                    ventilating doors should be opened every night, and closed again early in the
                    morning. The most important conditions to be secured are dryness of the soil and
                    of the enclosed atmosphere, compactness in the body of ice, which should be
                    broken fine and closely rammed, and the exclusion as far as possible of air.</p>
                <p>The Americans, who use large quantities of ice, always store it above ground. One
                    of their ice-houses, of which the elevation is shown in fig. 2 and the plan in
                    fig. 3, described in Allan’s <hi rend="italic">Rural Architecture,</hi> is both
                    simple and ornamental in character. The house may be 12 feet square, or any
                    larger size. A series of posts in pairs are set up 1 ∣ feet apart and 8 feet
                    high, about 1 foot being inserted firmly in the ground; the distance between
                    each pair is 3 feet. The tops being cut level all round, a plate 6 inches wide
                    and 4 to 6 inches deep is spiked on to each line of posts, the two plates being
                    strongly stayed by cross pieces so as to form a double frame. The inner face of
                    each line of posts is now boarded up closely, leaving a space 6∣ feet by 3 feet
                    at the sides, which are also boarded, to form a door-casing on each side. The
                    spaces between the two lines of boards thus form a continuous box, which is to
                    be completely filled up with moist tan, bark, or sawdust, well packed
                    throughout. There must be a drain to carry off all water from the interior.
                    Within the enclosed space some level joists are laid down, and on them loose
                    planks to form a floor, which when covered 1 foot thick with straw is ready to
                    receive the ice. The roof is formed of rafters, 4 inches by 3, long enough to
                    project at least 4 feet outside the plates, to which they must be well secured
                    by spikes. The rafters are tobe boarded over and covered with shingle, and a
                    small opening left at the top to admit a pipe 8 inches in diameter for a
                    ventilator,over which a small ornamental cap, supported on four little posts, is
                    to be placed. As a finish to the projecting roof, brackets of 3 by 4 inch
                    scantling, if the joists are of sawed stuff, or of rough limbs of trees to match
                    the posts, if these are rough, may be introduced. After the ice is stored, a
                    close floor of boards should be laid on joists resting loosely on the wall plate
                    (to admit of this upper floor being removed while the house is being filled),
                    and they must be covered with 6 inches of tan or sawdust, or failing these with
                    straw. A good layer of tan or sawdust should also be placed on the top of the
                    ice when it is put in. There should be two doors, inside and outside the lining,
                    both opening outwards. A shady place is desirable, but not essential.</p>
                <p>A still less expensive way of storing ice has been described by the late Mr
                    Pearson of Kinlet in the <hi rend="italic">Gardener’s Journal</hi> (iii. 10). In
                    this case the ice-stack was made on sloping ground close to the pond whence the
                    ice was derived. The ice was beaten small, well rammed, and gradually worked up
                    into a cone or mound 15 feet high, with a base of 27 feet, and protected by a
                    compact covering of fern 3 feet thick. A dry situation with a sloping surface is
                    necessary where this plan is adopted, and a small ditch should surround the
                    heap, to drain away any water that may come from melted ice or from other
                    sources.</p>
                <pb break="no" facs="ia:encyclopediabrit12newyrich/page/n631/mode/1up"
                    xml:id="kp-eb0912-0631-0616"/>
            </div>
        </body>
    </text>
</TEI>
