<?xml version="1.0" encoding="utf-8"?><?xml-model  href="https://TU-plogan.github.io/code/odd/tei_kp1.rng" type="application/xml" schematypens="http://relaxng.org/ns/structure/1.0"?>
<TEI xml:id="kp-eb0711-1071-0152-01" xml:lang="en" xmlns="http://www.tei-c.org/ns/1.0">
    <teiHeader>
        <fileDesc>
            <titleStmt xml:id="eb07_v1.0">
                <title level="a" type="main">HARP</title>
                <title level="m" type="main">Encyclopaedia Britannica, 7th edition</title>
                <title level="m" type="sub">A machine-readable transcription</title>
                <editor>Edited by <persName ref="https://orcid.org/0000-0003-2362-8282"
                        role="editor" xml:id="pml">Peter Melville Logan</persName></editor>
                <respStmt>
                    <orgName xml:id="kp">Nineteenth-Century Knowledge Project Staff,
                            <affiliation>Temple University</affiliation></orgName>
                    <resp>OCR transcription and data management</resp>
                </respStmt>
                <respStmt>
                    <persName ref="https://orcid.org/0000-0001-7819-5360" xml:id="jg">Jane
                        Greenberg, <affiliation>Metadata Research Center, Drexel
                            University</affiliation></persName>
                    <resp>metadata development</resp>
                </respStmt>
                <respStmt>
                    <persName xml:id="dk">Don Kretz, <affiliation>Distributed
                            Proofreading</affiliation></persName>
                    <resp>data management</resp>
                </respStmt>
                <funder><orgName ref="http://viaf.org/viaf/137796012" xml:id="neh">National
                        Endowment for the Humanities</orgName></funder>
                <funder><orgName ref="http://viaf.org/viaf/121974598" xml:id="imls">Institute of
                        Museum and Library Services</orgName></funder>
                <funder><orgName ref="http://viaf.org/viaf/127396206" xml:id="tu">Temple
                        University</orgName></funder>
                <sponsor><orgName ref="http://viaf.org/viaf/3653147665869560670009" xml:id="cci"
                        >Drexel University, College of Computing &amp;
                    Informatics</orgName></sponsor>
            </titleStmt>
            <editionStmt>
                <edition n="2.0">Version 2.0 <date when="2023">2023</date></edition>
            </editionStmt>
            <extent>365 MB; 21,026 XML files </extent>
            <publicationStmt>
                <publisher corresp="kp"><orgName corresp="kp">Nineteenth-Century Knowledge
                        Project</orgName><email>nckp@temple.edu</email><link
                        target="https://github.com/TU-plogan/KnowledgeProject"/></publisher>
                <availability status="free">
                    <p>Licensed under a Creative Commons Attribution 4.0 International License.</p>
                    <licence target="https://creativecommons.org/licenses/by/4.0/"> CC BY 4.0
                    </licence>
                </availability>
                <date when="2023">2023</date>
            </publicationStmt>
            <seriesStmt>
                <title level="s">Encyclopaedia Britannica: A machine-readable text
                    transcription</title>
                <editor corresp="pml">Peter Melville Logan</editor>
            </seriesStmt>
            <sourceDesc>
                <biblFull xml:lang="en">
                    <titleStmt>
                        <title level="m">Encyclopaedia Britannica</title>
                        <editor><persName ref="http://viaf.org/viaf/79392506" xml:id="mn">Napier,
                                Macvey, 1776-1847</persName></editor>
                    </titleStmt>
                    <editionStmt>
                        <edition>Seventh Edition</edition>
                    </editionStmt>
                    <extent><measure quantity="21" unit="vol">21 volumes</measure></extent>
                    <publicationStmt>
                        <publisher>Adam and Charles Black</publisher>
                        <pubPlace>Edinburgh</pubPlace>
                        <date from="1830" to="1842">1830-1842</date>
                    </publicationStmt>
                    <sourceDesc>
                        <bibl xml:id="NLS"><title>Seventh edition - Encyclopaedia Britannica
                                [190218838]</title><publisher><orgName
                                    ref="https://digital.nls.uk/encyclopaedia-britannica/archive/190218838"
                                    >National Library of Scotland</orgName></publisher><date
                                when="2019">2019</date><idno type="DOI"
                                >https://doi.org/10.34812/cg4r-dn40</idno><availability>
                                <p>National Library of Scotland License: CC BY 4.0</p>
                                <licence target="https://creativecommons.org/licenses/by/4.0/">CC BY
                                    4.0 </licence>
                            </availability></bibl>
                    </sourceDesc>
                </biblFull>
                <listBibl>
                    <head>Alternate image sources for this edition:</head>
                    <bibl xml:id="UW-HT">Hathi Trust, from print source at the University of
                        Wisconsin: vol. 9, pp. 29, 31, 32, 36, 37, 39, 41, 48, 50-55, 57, 59, 62,
                        63, 66, 67, 69-71, 76, 88; vol. 19 (all).</bibl>
                    <bibl xml:id="UCH-HT">Hathi Trust, from print souce at the University of
                        Chicago: vol. 10, pp. 7-10; vols. 20, 21 (all).</bibl>
                </listBibl>
            </sourceDesc>
        </fileDesc>
        <encodingDesc>
            <editorialDecl>
                <correction method="markup" status="low">
                    <p>This electronic text file was created by optical character recognition (OCR).
                        OCR errors have not been corrected.</p>
                    <p>Illegible text in the original is indicated using <gi>unclear</gi> or
                            <gi>gap</gi>, as appropriate. If corrected, the reference source is
                        incidated with <gi>supplied</gi>.</p>
                </correction>
                <normalization method="silent">
                    <p>Original spelling is preserved. When noticed, obvious misspellings are
                        combined with the correct spelling as <gi>choice</gi> in the TEI. Ligatures
                        are reproduced as multiple letters. Original footnote and marginal note
                        sigla are replaced with sequential numbers for each entry.</p>
                </normalization>
                <punctuation marks="some">
                    <p>Extra space around punctuation marks is removed.</p>
                </punctuation>
                <quotation marks="some">
                    <p>Quotation marks are retained as content in the text. Redundant open quotation
                        marks at the start of lines inside block quotes are silently removed.</p>
                </quotation>
                <hyphenation eol="hard">
                    <p>Soft hyphens are removed silently.</p>
                </hyphenation>
                <segmentation>
                    <p>The <tag>div type="entry"</tag> element divides the text into individual
                        entries.</p>
                    <p>The <tag>div type="section"</tag> and <tag>div type="subsection"</tag>
                        elements are reserved for entry subsections.</p>
                </segmentation>
                <ab><list>
                        <item>Encoding has been done using the recommendations for Level 3 of the
                            TEI in Libraries Guidelines.</item>
                        <item>Individual entries and page-breaks are encoded, but column breaks are
                            omitted.</item>
                        <item>Running headers and side descriptions are not included.</item>
                        <item>Some font formatting is preserved: italic, small caps, strike through,
                            subscript, superscript, underline. The following formatting is ignored:
                            bold, font size, typeface.</item>
                    </list></ab>
            </editorialDecl>
            <tagsDecl>
                <namespace name="http://www.tei-c.org/ns/1.0">
                    <tagUsage gi="div">Unnumbered divs used.</tagUsage>
                </namespace>
            </tagsDecl>
            <projectDesc>
                <p>All text was encoded for the Nineteenth-Century Knowledge Project to provide a
                    machine-readable edition of the Encyclopedia Britannica to analyze.</p>
                <p>Subject-level metadata was added to each entry using the HIVE automated
                    vocabulary server created by the Metadata Research Center at Drexel University
                        (<link target="https://hive2.cci.drexel.edu"
                    />https://hive2.cci.drexel.edu).</p>
            </projectDesc>
            <samplingDecl>
                <p>This release reproduces the text matter for all entries. It does not include
                    images, tables, formulae, front- or back-matter. It omits volume 1, which
                    consists of "Dissertations" rather than entries.</p>
            </samplingDecl>
            <listPrefixDef>
                <prefixDef ident="fast" matchPattern="(\d+)"
                    replacementPattern="http://id.worldcat.org/fast/$1">
                    <p>URIs with the prefix <code>fast:</code> point to terms in the OCLC FAST
                        (Faceted Application of Subject Terminology) subject heading schema derived
                        from the Library of Congress Subject Headings (LCSH).</p>
                </prefixDef>
                <prefixDef ident="lcsh1910" matchPattern="(\w+)"
                    replacementPattern="https://n2t.net/ark:/99152/$1">
                    <p>URIs with the prefix <code>lcsh1910:</code> point to subject terms in the
                        volume <hi rend="italic">Subject Headings Used in the Dictionary Catalogues
                            of the Library of Congress</hi>, 7 vols., Library of Congress, 1910.</p>
                </prefixDef>
                <prefixDef ident="ht" matchPattern="([\w\-\.;=\&#34;&amp;]+)"
                    replacementPattern="https://babel.hathitrust.org/cgi/pt?id=$1">
                    <p>URIs with the prefix <code>ht:</code> point to page images in the Hathi
                        Trust.</p>
                </prefixDef>
                <prefixDef ident="ia" matchPattern="(\w+)"
                    replacementPattern="https://archive.org/details/$1">
                    <p>URIs with the prefix <code>ia:</code> point to page images in the Internet
                        Archive.</p>
                </prefixDef>
                <prefixDef ident="nls" matchPattern="([\w?\=]+)"
                    replacementPattern="https://digital.nls.uk/encyclopaedia-britannica/archive/$1">
                    <p>URIs with the prefix <code>nls:</code> point to page images in the National
                        Library of Scotland.</p>
                </prefixDef>
            </listPrefixDef>
        </encodingDesc>
        <profileDesc>
            <textClass default="false">
                <keywords scheme="http://id.worldcat.org/fast/">
                    <term ref="fast:1135283">String</term>
                    <term ref="fast:951579">Harp</term>
                    <term ref="fast:987598">Kindness</term>
                    <term ref="fast:1033832">Nationalism</term>
                    <term ref="fast:1030269">Music</term>
                    <term ref="fast:942100">Germans</term>
                    <term ref="fast:942099">Germanization</term>
                    <term ref="fast:1106173">Saxons</term>
                    <term ref="fast:839101">Britons</term>
                </keywords>
                <keywords scheme="https://id.cci.drexel.edu/">
                    <term ref="lcsh1910:b4bc3t20f">Harp</term>
                    <term ref="lcsh1910:b4x63b58d">Kindness</term>
                    <term ref="lcsh1910:b42v2ch0v">Music</term>
                    <term ref="lcsh1910:b4cc0tx6q">Play</term>
                    <term ref="lcsh1910:b4p843w5c">Hand</term>
                    <term ref="lcsh1910:b4fj29h67">Hebrews</term>
                    <term ref="lcsh1910:b45m62b4v">Germans</term>
                    <term ref="lcsh1910:b4bc3t18v">Saxons</term>
                    <term ref="lcsh1910:b4dz0329f">Britons</term>
                </keywords>
                <keywords scheme="http://id.worldcat.org/fast/">
                    <term ref="fast:1207649">Wales</term>
                </keywords>
            </textClass>
        </profileDesc>
        <revisionDesc status="published">
            <change status="public" when="2023-10-11" who="#pml">v2.0 XSL updated</change>
            <change status="public" when="2022-11-30" who="#pml">RNG schema v.1 completed. </change>
            <change status="public" when="2022-11-28" who="#pml">v.1 XSL finished</change>
            <change status="public" when="2022-11-18" who="#pml">RNG schema draft</change>
        </revisionDesc>
    </teiHeader>
    <text>
        <body>
            <div facs="nls:193641071?mode=fullsize" org="uniform" part="N" sample="complete"
                type="entry">
                <p part="N"><label type="entry">HARP</label>, a musical instrument of the stringed
                    kind, of a triangular figure, and held upright between the legs of the
                    performer.</p>
                <p part="N">Papias and Du Cange conceive the harp to have taken its name from the
                    Arpii, a people of Italy, who were supposed to have been the first who invented
                    it, and from whom it was borrowed by other nations. Menage derives the word from
                    the Latin <hi rend="italic">hαrpa,</hi> and that from the German <hi
                        rend="italic">herp</hi> or <hi rend="italic">harp;</hi> others deduce it
                    from the Latin <hi rend="italic">carpo,</hi> because touched or thrummed with
                    the fingers. Dr Hickes derives it from <hi rend="italic">harpa</hi> or <hi
                        rend="italic">hearpa,</hi> which signifies the same thing. The English
                    priest who wrote the life of St Dunstan, and who lived in the tenth century,
                    says (cap. ii. n. 12), <hi rend="italic">Sumpsit securn ex more</hi><hi
                        rend="italic">citharam</hi><hi rend="italic">suanι,</hi><hi rend="italic"
                        >quam paterna</hi><hi rend="italic">lingua</hi> hearpam <hi rend="italic"
                        >vocamus</hi><hi rend="italic">;</hi> thus intimating that the word is of
                    Anglo-Saxon origin.</p>
                <p part="N">The harp was the favourite musical instrument of the Britons and other
                    northern nations in the middle ages. This is evident from their laws, and from
                    every passage in their history in which there is any allusion to music. By the
                    laws of Wales, a harp was one of the three things which were necessary to
                    constitute a gentleman or a freeman; and none could pretend to that character
                    who had not one of these favourite instruments, or could not play upon it. By
                    the same laws, to prevent slaves from pretending to be gentlemen, it was
                    expressly forbidden to teach or to permit them to play upon the harp; and none
                    but the king, the king’s musicians, and gentlemen, were allowed to have harps in
                    their possession. A gentleman’s harp was not liable to be seized for debt,
                    because the want of it would have degraded him from his rank, and reduced him to
                    the condition of a slave. The harp was in no less estimation, and in universal
                    use, amongst the Saxons and Danes. Those who played this instrument were
                    declared gentlemen by law; their persons were esteemed inviolable, and secured
                    from injuries by very severe penalties; and they were readily admitted into the
                    highest company, and treated with distinguished marks of respect wherever they
                    appeared.</p>
                <p part="N">There is some diversity in the structure of harps. That which is called
                    the <hi rend="italic">triple harp</hi> has ninety-seven strings or chords in
                    three rows, extending from C in the tenor cliff to double G in alt, making five
                    octaves; the middle row is for the semitones, and the two outside rows are
                    perfect unisons. On the bass side, which is played with the right hand, there
                    are thirty-six strings; on the treble side, twenty-six; and in the middle row
                    thirty-five strings. There are two rows of pins or screws on the right side,
                    serving to keep the strings tight in their holes, which are fastened at the
                    other end to three rows of pins on the upper side. The harp has been in some
                    degree improved by the addition of eight strings to the unison, viz. from E to
                    double F in alt. This instrument is struck with the finger and thumb of both
                    hands. Its music is much like that of the spinet, all its strings going from
                    semitone to semitone; and hence some have called it an <hi rend="italic"
                        >inverted spinet.</hi> It is capable of a much greater degree of perfection
                    than the lute.</p>
                <p part="N">King David is usually painted with a harp in his hands; but we have no
                    testimony in all antiquity that the Hebrew harp, called <hi rend="italic"
                        >chinnor,</hi> in any respect resembled ours. On a Hebrew medal of Simon
                    Maccabaeus we observe two sorts of musical instruments; but they are both of
                    them very different from our harp, and only consist of three or four strings.
                    All authors agree that our harp is very different from the <hi rend="italic"
                        >lyra, cithara,</hi> or <hi rend="italic">barbiton</hi> of the Romans.
                    Fortunatus (lib. vii. carm. 8) mentions that it was an instrument in use amongst
                    the barbarians:</p>
                <p part="N">Romanusque lyra, plaudat tibi barbarus <hi rend="italic">lιαrρα,</hi>
                    Graecus Achilliacha, crotta Britanna canat.</p>
                <p part="N"><hi rend="italic smallcaps"> BcU-Harp,</hi> a musical instrument of the
                    string kind, so called from the common players swinging it about, as a bell on
                    its basis. It is about three feet in length; its strings, which are of no
                    determinate number, are of brass or steel wire, fixed at one end, and stretched
                    across the sound-board by screws fixed at the other. It takes in four octaves,
                    according to the number of the strings, which are struck only with the thumbs,
                    the right hand playing the treble and the left hand the bass; and in order to
                    draw the sound the clearer, the thumbs are armed with a little wire pin. This
                    may perhaps be the <hi rend="italic">lyra</hi> or <hi rend="italic">cithara</hi>
                    of the ancients; but we find no mention made of it under the name it now bears,
                    which must be allowed to be modern.</p>
            </div>
        </body>
    </text>
</TEI>
