<?xml version="1.0" encoding="utf-8"?><?xml-model  href="https://TU-plogan.github.io/code/odd/tei_kp1.rng" type="application/xml" schematypens="http://relaxng.org/ns/structure/1.0"?>
<TEI xml:id="kp-eb0714-3072-0250-01" xml:lang="en" xmlns="http://www.tei-c.org/ns/1.0">
    <teiHeader>
        <fileDesc>
            <titleStmt xml:id="eb07_v1.0">
                <title level="a" type="main">MARIVAUX, Pierre Carlet de Chamblain de (7th edition,
                    volume 14, page 250)</title>
                <title level="m" type="main">Encyclopaedia Britannica, 7th edition</title>
                <title level="m" type="sub">A machine-readable transcription</title>
                <editor>Edited by <persName ref="https://orcid.org/0000-0003-2362-8282"
                    role="editor" xml:id="pml">Peter Melville Logan</persName></editor>
                <respStmt>
                    <orgName xml:id="kp">Nineteenth-Century Knowledge Project Staff,
                        <affiliation>Temple University</affiliation></orgName>
                    <resp>OCR transcription and data management</resp>
                </respStmt>
                <respStmt>
                    <persName ref="https://orcid.org/0000-0001-7819-5360" xml:id="jg">Jane
                        Greenberg, <affiliation>Metadata Research Center, Drexel
                        University</affiliation></persName>
                    <resp>metadata development</resp>
                </respStmt>
                <respStmt>
                    <persName xml:id="dk">Don Kretz, <affiliation>Distributed
                        Proofreading</affiliation></persName>
                    <resp>data management</resp>
                </respStmt>
                <funder><orgName ref="http://viaf.org/viaf/137796012" xml:id="neh">National
                    Endowment for the Humanities</orgName></funder>
                <funder><orgName ref="http://viaf.org/viaf/121974598" xml:id="imls">Institute of
                    Museum and Library Services</orgName></funder>
                <funder><orgName ref="http://viaf.org/viaf/127396206" xml:id="tu">Temple
                    University</orgName></funder>
                <sponsor><orgName ref="http://viaf.org/viaf/3653147665869560670009" xml:id="cci"
                    >Drexel University, College of Computing &amp; Informatics</orgName></sponsor>
            </titleStmt>
            <editionStmt>
                <edition n="1.0">Version 1.0, initial release <date when="2022"
                    >2022</date></edition>
            </editionStmt>
            <extent>411 MB; 20,984 XML files </extent>
            <publicationStmt>
                <publisher corresp="kp"><orgName corresp="kp">Nineteenth-Century Knowledge
                    Project</orgName><email>nckp@temple.edu</email><link
                    target="https://github.com/TU-plogan/KnowledgeProject"/></publisher>
                <availability status="free">
                    <p>Licensed under a Creative Commons Attribution 4.0 International License.</p>
                    <licence target="https://creativecommons.org/licenses/by/4.0/"> CC BY 4.0
                    </licence>
                </availability>
                <date when="2020">2022</date>
            </publicationStmt>
            <seriesStmt>
                <title level="s">Encyclopaedia Britannica: A machine-readable text
                    transcription</title>
                <editor corresp="pml">Peter Melville Logan</editor>
            </seriesStmt>
            <sourceDesc>
                <biblFull xml:lang="en">
                    <titleStmt>
                        <title level="m">Encyclopaedia Britannica</title>
                        <editor><persName ref="http://viaf.org/viaf/79392506" xml:id="mn">Napier,
                            Macvey, 1776-1847</persName></editor>
                    </titleStmt>
                    <editionStmt>
                        <edition>Seventh Edition</edition>
                    </editionStmt>
                    <extent><measure quantity="21" unit="vol"> 21 volumes</measure></extent>
                    <publicationStmt>
                        <publisher>Adam and Charles Black</publisher>
                        <pubPlace>Edinburgh</pubPlace>
                        <date from="1830" to="1842">1830-1842</date>
                    </publicationStmt>
                    <sourceDesc>
                        <bibl xml:id="NLS"><title>Seventh edition - Encyclopaedia Britannica
                            [190218838]</title><publisher><orgName
                            ref="https://digital.nls.uk/encyclopaedia-britannica/archive/190218838"
                            >National Library of Scotland</orgName></publisher><date when="2019"
                            >2019</date><idno type="DOI">https://doi.org/10.34812/cg4r-dn40</idno><availability>
                            <p>National Library of Scotland License: CC BY 4.0</p>
                            <licence target="https://creativecommons.org/licenses/by/4.0/">CC BY 4.0
                            </licence>
                            </availability></bibl>
                    </sourceDesc>
                </biblFull>
                <listBibl>
                    <head>Alternate image sources for this edition:</head>
                    <bibl xml:id="UW-HT">Hathi Trust, from print source at the University of
                        Wisconsin: vol. 9, pp. 29, 31, 32, 36, 37, 39, 41, 48, 50-55, 57, 59, 62,
                        63, 66, 67, 69-71, 76, 88; vol. 19 (all).</bibl>
                    <bibl xml:id="UCH-HT">Hathi Trust, from print souce at the University of
                        Chicago: vol. 10, pp. 7-10; vols. 20, 21 (all).</bibl>
                </listBibl>
            </sourceDesc>
        </fileDesc>
        <encodingDesc>
            <editorialDecl>
                <correction method="markup" status="low">
                    <p>This electronic text file was created by optical character recognition (OCR).
                        OCR errors have not been corrected.</p>
                    <p>Illegible text in the original is indicated using <gi>unclear</gi> or
                        <gi>gap</gi>, as appropriate. If corrected, the reference source is
                        incidated with <gi>supplied</gi>.</p>
                </correction>
                <normalization method="silent">
                    <p>Original spelling is preserved. When noticed, obvious misspellings are
                        combined with the correct spelling as <gi>choice</gi> in the TEI. Ligatures
                        are reproduced as multiple letters. Original footnote and marginal note
                        sigla are replaced with sequential numbers for each entry.</p>
                </normalization>
                <punctuation marks="some">
                    <p>Extra space around punctuation marks is removed.</p>
                </punctuation>
                <quotation marks="some">
                    <p>Quotation marks are retained as content in the text. Redundant open quotation
                        marks at the start of lines inside block quotes are silently removed.</p>
                </quotation>
                <hyphenation eol="hard">
                    <p>Soft hyphens are removed silently.</p>
                </hyphenation>
                <segmentation>
                    <p>The <tag>div type="entry"</tag> element divides the text into individual
                        entries.</p>
                    <p>The <tag>div type="section"</tag> and <tag>div type="subsection"</tag>
                        elements are reserved for entry subsections.</p>
                </segmentation>
                <ab><list>
                    <item>Encoding has been done using the recommendations for Level 3 of the TEI in
                        Libraries Guidelines.</item>
                    <item>Individual entries and page-breaks are encoded, but column breaks are
                        omitted.</item>
                    <item>Running headers and side descriptions are not included.</item>
                    <item>Some font formatting is preserved: italic, small caps, strike through,
                        subscript, superscript, underline. The following formatting is ignored:
                        bold, font size, typeface.</item>
                    </list></ab>
            </editorialDecl>
            <tagsDecl>
                <namespace name="http://www.tei-c.org/ns/1.0">
                    <tagUsage gi="div">Unnumbered divs used.</tagUsage>
                </namespace>
            </tagsDecl>
            <projectDesc>
                <p>All text was encoded for the Nineteenth-Century Knowledge Project to provide a
                    machine-readable edition of the Encyclopedia Britannica to analyze.</p>
                <p>Subject-level metadata was added to each entry using the HIVE automated
                    vocabulary server created by the Metadata Research Center at Drexel University
                    (<link target="https://hive2.cci.drexel.edu"/>https://hive2.cci.drexel.edu).</p>
            </projectDesc>
            <samplingDecl>
                <p>The first release is a reproduction of text matter for all entries. It does not
                    include images, tables, formulae, front- or back-matter. It omits volume 1,
                    which consists of "Dissertations" rather than entries.</p>
            </samplingDecl>
            <listPrefixDef>
                <prefixDef ident="fast" matchPattern="(\d+)"
                    replacementPattern="http://id.worldcat.org/fast/$1">
                    <p>URIs with the prefix <code>fast:</code> point to terms in the OCLC FAST
                        (Faceted Application of Subject Terminology) subject heading schema derived
                        from the Library of Congress Subject Headings (LCSH).</p>
                </prefixDef>
                <prefixDef ident="lcsh1910" matchPattern="(\w+)"
                    replacementPattern="https://n2t.net/ark:/99152/$1">
                    <p>URIs with the prefix <code>lcsh1910:</code> point to subject terms in the
                        volume <hi rend="italic">Subject Headings Used in the Dictionary Catalogues
                        of the Library of Congress</hi>, 7 vols., Library of Congress, 1910.</p>
                </prefixDef>
                <prefixDef ident="ht" matchPattern="([\w\-\.;=\&#34;&amp;]+)"
                    replacementPattern="https://babel.hathitrust.org/cgi/pt?id=$1">
                    <p>URIs with the prefix <code>ht:</code> point to page images in the Hathi
                        Trust.</p>
                </prefixDef>
                <prefixDef ident="ia" matchPattern="(\w+)"
                    replacementPattern="https://archive.org/details/$1">
                    <p>URIs with the prefix <code>ia:</code> point to page images in the Internet
                        Archive.</p>
                </prefixDef>
                <prefixDef ident="nls" matchPattern="([\w?\=]+)"
                    replacementPattern="https://digital.nls.uk/encyclopaedia-britannica/archive/$1">
                    <p>URIs with the prefix <code>nls:</code> point to page images in the National
                        Library of Scotland.</p>
                </prefixDef>
            </listPrefixDef>
        </encodingDesc>
        <profileDesc>
            <textClass default="false">
                <keywords scheme="https://id.cci.drexel.edu/">
                    <term ref="lcsh1910:b42j68511">Life</term>
                    <term ref="lcsh1910:b4cn6z196">Love</term>
                    <term ref="lcsh1910:b4v11vw02">Work</term>
                    <term ref="lcsh1910:b4zp3w922">Writers</term>
                    <term ref="lcsh1910:b4v40jz59">Lettering</term>
                    <term ref="lcsh1910:b4h70888d">Travesty</term>
                    <term ref="lcsh1910:b4n01031p">Travesties</term>
                    <term ref="lcsh1910:b48p5vd0k">Leg</term>
                </keywords>
                <keywords scheme="http://id.worldcat.org/fast/">
                    <term ref="fast:1198505">Life</term>
                    <term ref="fast:1002769">Love</term>
                    <term ref="fast:1180188">Work</term>
                    <term ref="fast:1015978">Men</term>
                    <term ref="fast:996769">Lettering</term>
                    <term ref="fast:910709">English</term>
                    <term ref="fast:1059227">Petitions</term>
                    <term ref="fast:995621">Leggings</term>
                    <term ref="fast:995328">Leg</term>
                </keywords>
            </textClass>
        </profileDesc>
        <revisionDesc status="published">
            <change status="public" when="2022-11-30" who="#pml">RNG schema v.1 completed. </change>
            <change status="public" when="2022-11-28" who="#pml">v.1 XSL finished</change>
            <change status="public" when="2022-11-18" who="#pml">RNG schema draft</change>
        </revisionDesc>
    </teiHeader>
    <text>
        <body>
            <div facs="nls:194203072?mode=fullsize" type="entry">
                <p><label type="entry">MARIVAUX, <hi rend="smallcaps">Pierre Carlet de Chamblain
                    de</hi></label>, one of the most prolific and ingenious writers of the
                    eighteenth century, in the department of comedy and romance, was born at Paris
                    in the year 1688. He was of an ancient family of the robe, which had given
                    magistrates to the parliament of Rouen; and his father, who held the office of
                    director of the mint at Riom, having little fortune to leave him, spared no
                    pains on his education. Young Marivaux early discovered the subtilty and
                    activity of his genius. Before the completion of his studies at college, he had
                    rendered himself the friend of his masters, and the master of his
                    fellow-students. The society to which he was introduced on his entrance into
                    life also contributed to the development of his talents, and exercised a
                    sensible influence on the characterof his writings. Admitted into the salons of
                    the opulent females of the capital, who then vied with one another in protecting
                    men of letters, he there contracted that affectation of wit, of which the
                    comedies of Molière had not yet entirely cured the <hi rend="italic"
                    >précieuses</hi> of the age. It was there that he became acquainted with
                    Lamotte, and more especially with Fontenelle, whose conversation, though full of
                    attraction, was in no respect calculated to give him a taste for simplicity.
                    Soon afterwards he figured amongst the writers of every description who composed
                    the court of Madame de Tencin, and whom that celebrated woman familiarly called
                    her “beasts.” It was in this society that Marivaux, naturally inclined to
                    controversy, and fond of paradox, though otherwise gentle and tolerant, amused
                    himself in tilting with the partisans of antiquity, depreciating poetical
                    talent, and deriding the admirers of Voltaire, whom he cavalierly denominated
                    “an arrant bel-esprit, the perfection of common ideas.” He even went so far as
                    to maintain that Molière did not understand comedy, and pretended that he could
                    not conceive how people should admire the <hi rend="italic">Tartuffe</hi> and
                    the <hi rend="italic">Femmes·Savantes.</hi> In other respects his history
                    presents no remarkable event. Married in 1721, he lost his wife two years
                    afterwards; and his only daughter having embraced a religious life, he thus
                    found himself freed from all family ties, and at liberty to follow the bent of
                    his own inclinations. In fact, it is the same with his life as with his genius;
                    it is altogether composed of little traits, a few of which will serve better to
                    give an idea of his character than the most elaborate general description.</p>
                <p>Finding himself one day in a circle where some persons were discussing the nature
                    of the soul, he had the good sense to admit that this question was beyond his
                    comprehension. In this case, said one of the interlocutors, I must go in quest
                    of Μ. Fontenelle. “You may spare yourself the trouble,” replied Marivaux; <hi
                    rend="superscript"> ii</hi> Fontenelle has too much sense to know more of the
                    subject than I do.” Notwithstanding the extreme sensitiveness of his self-love,
                    he rarely replied to the criticisms which were made on his productions. “I love
                    my own peace above everything,” said he; “and I do not wish to disturb that of
                    others.” Living in the world at a period when Pyrrhonism in matters of religion
                    was the fashion, he combated, without asperity, but with laudable zeal, that
                    truly deplorable mania. “Ah, my God,” said he on one occasion to a freethinker,
                    who was otherwise an honest man, “take not from poor humanity that consolation
                    which Providence has reserved for it. You may do what you will to cast off all
                    thoughts of the other world; you will be saved in spite of yourself.” On this
                    subject we may also cite his reply to Lord Bolingbroke, <pb break="no"
                    facs="nls:194203085?mode=fullsize" xml:id="kp-eb0714-3085-0251"/> who, credulous
                    on many points, affected to call in question the truths of religion. “If you do
                    not believe, my Lord, it is certainly not from want of faith.” Marivaux had only
                    a small income, yet he found means to make a regular allowance to a young
                    orphan, whom he had withdrawn from the stage in order to place her in a
                    religious house. Towards the close of his life, when he began to feel the
                    approach of want, he accepted for himself a pension from his friend Helvetius,
                    who had the generosity never to assume the character of a benefactor. This trait
                    recalls another which does no less honour to the men of letters. Marivaux was
                    sick, and his friend Fontenelle, fearing that he wanted money, lost no time in
                    carrying to him an hundred louis, of which he begged his acceptance. “I hold
                    them as received,” replied Marivaux; “I have made use of them, and I restore
                    them to you with all the gratitude which such a service demands.” If Marivaux
                    had some defects of character; if, for example, he was not altogether insensible
                    to jealousy, nor a stranger to the spirit of coterie, and if the efforts that he
                    made to appear modest proved insufficient to disguise the susceptibility of his
                    self-love; he was also distinguished for magnanimous disinterestedness and
                    severe probity. He died at Paris, on the 12th of February 1763, at the age of
                    seventy-five. He had been unanimously admitted a member of the French Academy in
                    1743; and it is not indifferent to remark that he had Voltaire as a competitor.
                    .</p>
                <p>The number of his works is so considerable that we shall only notice the more
                    interesting and important of them. To the <hi rend="italic">Théâtre-Italien</hi>
                    he contributed, L’Amour et la Vérité, 1720; Arlequin poli par Amour, 1720; La
                    Surprise de l’Amour, 1722; La Double Inconstance, 1723; Le Prince travesti,
                    1724; L’Ile des Esclaves, 1725; L’Hérétier de Village, 1725; Le Triomphe de
                    Plutus, 1728; ,La Nouvelle Colonie, ou la Ligue des Femmes, 1729; Jeux de
                    l’Amour et du Hazard, 1730; Le Triomphe de l’Amour, 1732; L’Ecole des Mères,
                    1732; L’Heureux Stratagème, 1732; La Méprise, 1734; La Mère Confidante, 1735;
                    Les Fausses Confidences, 1736; LaJoie imprévue, 1738; Les Sincères, 1739; and
                    L’Epreuve, 1740. The dramatic works of Marivaux originally represented at the
                    <hi rend="italic">Théâtre-Français</hi> are somewhat less numerous. They consist
                    of Annibal, a tragedy, 1720; Le Denouement imprévue, a comedy, 1724; ĽIle de la
                    Raison, ou les Petits Hommes, derived from the romance of Gulliver, 1727; La
                    Surprise de l’Amour, 1727; La Réunion des Amours, 1731; Les Serments indiscrets,
                    1732; Le Petit-Maître corrigé, 1734; Le Legs, 1736; La Dispute, 1744; and Le
                    Préjugé, 1746. The dramatic pieces of Marivaux were collected and published in
                    seven vols. 12mo, and of this collection there have been several editions. His
                    romances are in general more esteemed than his plays, although now-a-days they
                    are perhaps even less read. They consist of <hi rend="italic">Don</hi><hi
                    rend="italic">Quichotte moderne; Effets Surprenants de la Sympathie; La Vie de
                    Marianne; Le Paysan Parvenu;</hi> and <hi rend="italic">Le Philosophe indigent.
                    Le Spectateur Français</hi> was a species of critical and moral journal in
                    imitation of the English Spectator, but in which the delineations are presented,
                    so to speak, in half tint. His works have been collected and published in
                    twelvevols. Paris, 1781, in 8vo. <hi rend="smallcaps">(a.)</hi></p>
            </div>
        </body>
    </text>
</TEI>
