<?xml version="1.0" encoding="utf-8"?><?xml-model  href="https://TU-plogan.github.io/code/odd/tei_kp1.rng" type="application/xml" schematypens="http://relaxng.org/ns/structure/1.0"?>
<TEI xml:id="kp-eb0714-3267-0265-01" xml:lang="en" xmlns="http://www.tei-c.org/ns/1.0">
    <teiHeader>
        <fileDesc>
            <titleStmt xml:id="eb07_v1.0">
                <title level="a" type="main">MARTIN, St (7th edition, volume 14, page 265)</title>
                <title level="m" type="main">Encyclopaedia Britannica, 7th edition</title>
                <title level="m" type="sub">A machine-readable transcription</title>
                <editor>Edited by <persName ref="https://orcid.org/0000-0003-2362-8282"
                    role="editor" xml:id="pml">Peter Melville Logan</persName></editor>
                <respStmt>
                    <orgName xml:id="kp">Nineteenth-Century Knowledge Project Staff,
                        <affiliation>Temple University</affiliation></orgName>
                    <resp>OCR transcription and data management</resp>
                </respStmt>
                <respStmt>
                    <persName ref="https://orcid.org/0000-0001-7819-5360" xml:id="jg">Jane
                        Greenberg, <affiliation>Metadata Research Center, Drexel
                        University</affiliation></persName>
                    <resp>metadata development</resp>
                </respStmt>
                <respStmt>
                    <persName xml:id="dk">Don Kretz, <affiliation>Distributed
                        Proofreading</affiliation></persName>
                    <resp>data management</resp>
                </respStmt>
                <funder><orgName ref="http://viaf.org/viaf/137796012" xml:id="neh">National
                    Endowment for the Humanities</orgName></funder>
                <funder><orgName ref="http://viaf.org/viaf/121974598" xml:id="imls">Institute of
                    Museum and Library Services</orgName></funder>
                <funder><orgName ref="http://viaf.org/viaf/127396206" xml:id="tu">Temple
                    University</orgName></funder>
                <sponsor><orgName ref="http://viaf.org/viaf/3653147665869560670009" xml:id="cci"
                    >Drexel University, College of Computing &amp; Informatics</orgName></sponsor>
            </titleStmt>
            <editionStmt>
                <edition n="1.0">Version 1.0, initial release <date when="2022"
                    >2022</date></edition>
            </editionStmt>
            <extent>411 MB; 20,984 XML files </extent>
            <publicationStmt>
                <publisher corresp="kp"><orgName corresp="kp">Nineteenth-Century Knowledge
                    Project</orgName><email>nckp@temple.edu</email><link
                    target="https://github.com/TU-plogan/KnowledgeProject"/></publisher>
                <availability status="free">
                    <p>Licensed under a Creative Commons Attribution 4.0 International License.</p>
                    <licence target="https://creativecommons.org/licenses/by/4.0/"> CC BY 4.0
                    </licence>
                </availability>
                <date when="2020">2022</date>
            </publicationStmt>
            <seriesStmt>
                <title level="s">Encyclopaedia Britannica: A machine-readable text
                    transcription</title>
                <editor corresp="pml">Peter Melville Logan</editor>
            </seriesStmt>
            <sourceDesc>
                <biblFull xml:lang="en">
                    <titleStmt>
                        <title level="m">Encyclopaedia Britannica</title>
                        <editor><persName ref="http://viaf.org/viaf/79392506" xml:id="mn">Napier,
                            Macvey, 1776-1847</persName></editor>
                    </titleStmt>
                    <editionStmt>
                        <edition>Seventh Edition</edition>
                    </editionStmt>
                    <extent><measure quantity="21" unit="vol"> 21 volumes</measure></extent>
                    <publicationStmt>
                        <publisher>Adam and Charles Black</publisher>
                        <pubPlace>Edinburgh</pubPlace>
                        <date from="1830" to="1842">1830-1842</date>
                    </publicationStmt>
                    <sourceDesc>
                        <bibl xml:id="NLS"><title>Seventh edition - Encyclopaedia Britannica
                            [190218838]</title><publisher><orgName
                            ref="https://digital.nls.uk/encyclopaedia-britannica/archive/190218838"
                            >National Library of Scotland</orgName></publisher><date when="2019"
                            >2019</date><idno type="DOI">https://doi.org/10.34812/cg4r-dn40</idno><availability>
                            <p>National Library of Scotland License: CC BY 4.0</p>
                            <licence target="https://creativecommons.org/licenses/by/4.0/">CC BY 4.0
                            </licence>
                            </availability></bibl>
                    </sourceDesc>
                </biblFull>
                <listBibl>
                    <head>Alternate image sources for this edition:</head>
                    <bibl xml:id="UW-HT">Hathi Trust, from print source at the University of
                        Wisconsin: vol. 9, pp. 29, 31, 32, 36, 37, 39, 41, 48, 50-55, 57, 59, 62,
                        63, 66, 67, 69-71, 76, 88; vol. 19 (all).</bibl>
                    <bibl xml:id="UCH-HT">Hathi Trust, from print souce at the University of
                        Chicago: vol. 10, pp. 7-10; vols. 20, 21 (all).</bibl>
                </listBibl>
            </sourceDesc>
        </fileDesc>
        <encodingDesc>
            <editorialDecl>
                <correction method="markup" status="low">
                    <p>This electronic text file was created by optical character recognition (OCR).
                        OCR errors have not been corrected.</p>
                    <p>Illegible text in the original is indicated using <gi>unclear</gi> or
                        <gi>gap</gi>, as appropriate. If corrected, the reference source is
                        incidated with <gi>supplied</gi>.</p>
                </correction>
                <normalization method="silent">
                    <p>Original spelling is preserved. When noticed, obvious misspellings are
                        combined with the correct spelling as <gi>choice</gi> in the TEI. Ligatures
                        are reproduced as multiple letters. Original footnote and marginal note
                        sigla are replaced with sequential numbers for each entry.</p>
                </normalization>
                <punctuation marks="some">
                    <p>Extra space around punctuation marks is removed.</p>
                </punctuation>
                <quotation marks="some">
                    <p>Quotation marks are retained as content in the text. Redundant open quotation
                        marks at the start of lines inside block quotes are silently removed.</p>
                </quotation>
                <hyphenation eol="hard">
                    <p>Soft hyphens are removed silently.</p>
                </hyphenation>
                <segmentation>
                    <p>The <tag>div type="entry"</tag> element divides the text into individual
                        entries.</p>
                    <p>The <tag>div type="section"</tag> and <tag>div type="subsection"</tag>
                        elements are reserved for entry subsections.</p>
                </segmentation>
                <ab><list>
                    <item>Encoding has been done using the recommendations for Level 3 of the TEI in
                        Libraries Guidelines.</item>
                    <item>Individual entries and page-breaks are encoded, but column breaks are
                        omitted.</item>
                    <item>Running headers and side descriptions are not included.</item>
                    <item>Some font formatting is preserved: italic, small caps, strike through,
                        subscript, superscript, underline. The following formatting is ignored:
                        bold, font size, typeface.</item>
                    </list></ab>
            </editorialDecl>
            <tagsDecl>
                <namespace name="http://www.tei-c.org/ns/1.0">
                    <tagUsage gi="div">Unnumbered divs used.</tagUsage>
                </namespace>
            </tagsDecl>
            <projectDesc>
                <p>All text was encoded for the Nineteenth-Century Knowledge Project to provide a
                    machine-readable edition of the Encyclopedia Britannica to analyze.</p>
                <p>Subject-level metadata was added to each entry using the HIVE automated
                    vocabulary server created by the Metadata Research Center at Drexel University
                    (<link target="https://hive2.cci.drexel.edu"/>https://hive2.cci.drexel.edu).</p>
            </projectDesc>
            <samplingDecl>
                <p>The first release is a reproduction of text matter for all entries. It does not
                    include images, tables, formulae, front- or back-matter. It omits volume 1,
                    which consists of "Dissertations" rather than entries.</p>
            </samplingDecl>
            <listPrefixDef>
                <prefixDef ident="fast" matchPattern="(\d+)"
                    replacementPattern="http://id.worldcat.org/fast/$1">
                    <p>URIs with the prefix <code>fast:</code> point to terms in the OCLC FAST
                        (Faceted Application of Subject Terminology) subject heading schema derived
                        from the Library of Congress Subject Headings (LCSH).</p>
                </prefixDef>
                <prefixDef ident="lcsh1910" matchPattern="(\w+)"
                    replacementPattern="https://n2t.net/ark:/99152/$1">
                    <p>URIs with the prefix <code>lcsh1910:</code> point to subject terms in the
                        volume <hi rend="italic">Subject Headings Used in the Dictionary Catalogues
                        of the Library of Congress</hi>, 7 vols., Library of Congress, 1910.</p>
                </prefixDef>
                <prefixDef ident="ht" matchPattern="([\w\-\.;=\&#34;&amp;]+)"
                    replacementPattern="https://babel.hathitrust.org/cgi/pt?id=$1">
                    <p>URIs with the prefix <code>ht:</code> point to page images in the Hathi
                        Trust.</p>
                </prefixDef>
                <prefixDef ident="ia" matchPattern="(\w+)"
                    replacementPattern="https://archive.org/details/$1">
                    <p>URIs with the prefix <code>ia:</code> point to page images in the Internet
                        Archive.</p>
                </prefixDef>
                <prefixDef ident="nls" matchPattern="([\w?\=]+)"
                    replacementPattern="https://digital.nls.uk/encyclopaedia-britannica/archive/$1">
                    <p>URIs with the prefix <code>nls:</code> point to page images in the National
                        Library of Scotland.</p>
                </prefixDef>
            </listPrefixDef>
        </encodingDesc>
        <profileDesc>
            <textClass default="false">
                <keywords scheme="http://id.worldcat.org/fast/">
                    <term ref="fast:943553">Globes</term>
                    <term ref="fast:1353199">Grammar</term>
                    <term ref="fast:1129664">Sphere</term>
                    <term ref="fast:1198505">Life</term>
                    <term ref="fast:833378">Bishops</term>
                    <term ref="fast:1025507">Monks</term>
                    <term ref="fast:1099409">Rocks</term>
                    <term ref="fast:874681">Confessors</term>
                </keywords>
                <keywords scheme="https://id.cci.drexel.edu/">
                    <term ref="lcsh1910:b4gq6r76k">Martins</term>
                    <term ref="lcsh1910:b42804z62">Bishops</term>
                    <term ref="lcsh1910:b4pn8xn1j">Monks</term>
                    <term ref="lcsh1910:b42b8vc0z">Globes</term>
                    <term ref="lcsh1910:b4kk94g6z">Rocks</term>
                    <term ref="lcsh1910:b4hh6c946">Sphere</term>
                    <term ref="lcsh1910:b42j68511">Life</term>
                    <term ref="lcsh1910:b4gq6r90k">Pumps</term>
                </keywords>
            </textClass>
        </profileDesc>
        <revisionDesc status="published">
            <change status="public" when="2022-11-30" who="#pml">RNG schema v.1 completed. </change>
            <change status="public" when="2022-11-28" who="#pml">v.1 XSL finished</change>
            <change status="public" when="2022-11-18" who="#pml">RNG schema draft</change>
        </revisionDesc>
    </teiHeader>
    <text>
        <body>
            <div facs="nls:194203267?mode=fullsize" type="entry">
                <p><label type="entry">MARTIN, <hi rend="smallcaps">St</hi></label>, was born at
                    Sabaria, in Pannonia (Stain, in Lower Hungary), in the beginning of the fourth
                    century. He was elected Bishop of Tours in the year 374. To the zeal and charity
                    of a bishop he joined the humility and poverty of an anchorite. That he might
                    detach himself the more from the world, he built the celebrated monastery of
                    Maπnoutier, situated near the city of Tours, between the Loire and a steep rock.
                    In this situation St Martin, together with eighty monks, displayed the most
                    exemplary sanctity and the greatest mortification; nor were there any monks
                    better disciplined than those of Marmoutier. Martin died at Candes, on the 8th
                    of November 397, but, according to others, on the 11th of November 400. His name
                    is attached to a particular opinion concerning the mystery of the Holy Trinity.
                    St Martin is the first of the saints confessors to whom the Latin church offered
                    up public prayers. His life is written in elegant Latin by Fortunatus, and also
                    by Sulpicius Severus, who was one of his disciples.</p>
                <p><hi rend="smallcaps">Martin,</hi><hi rend="italic">Benjamin,</hi> an eminent
                    artist and mathematician, was born in 1704. After publishing a variety of
                    ingenious treatises, and particularly a scientific magazine under his own name,
                    and carrying on for many years an extensive trade as an optician and globe-maker
                    in Fleet Street, the growing infirmities of age compelled him to withdraw from
                    the active duties of business. Trusting too fatally to what he thought the
                    integrity of others, he unfortunately (though with a capital more than
                    sufficient to pay all his debts) became bankrupt. The unhappy old man,
                    overpowered by this unexpected blow, attempted, in a moment of desperation, to
                    destroy himself; and the wound lie gave himself, though not immediately mortal,
                    hastened his death, which happened on the 9th February 1782, in his
                    seventy-eighth year. He had a valuable collection of fossils, and curiosities of
                    almost every kind, which, after his leath, were disposed of by auction. His
                    principal publications are, 1. The Philosophic Grammar, being a view )f the
                    present state of Experimental Physiology, or Natu-al Philosophy, 1735, 8vo; 2. A
                    New, Complete, and Uni- ’ ersal System or Body of Decimal Arithmetic, 1735, 8vo;
                    ’.The Young Student’s Memorial Book, or Patent Library, 735, 8vo; 4. Description
                    and Use of both the Globes, the lrmillary Sphere, and Orrery, 1736, in two vols.
                    8vo; 5. Iemoirs of the Academy of Paris, 1740, in five vols.; 6.</p>
                <p>System of the Newtonian Philosophy, 1759, in three vols.; 7. New Elements of
                    Optics, 1759; 8. Mathematical Institutions, viz. Arithmetic, Algebra, Geometry,
                    Trigonometry, and Fluxions, 1759; 9. Natural History of England, with a Map of
                    each County, 1759, in two vols.; 10. Philology and Philosophical Geography,
                    1759; 11. Mathematical Institutions, 1764, in two vols.; 12. Lives of
                    Philosophers, their Inventions, &amp;c. 1764; 13. Introduction to the Newtonian
                    Philosophy, 1765; 14. Institutions of Astronomical Calculations, in two parts,
                    1765; 15. Description and Use of the Air Pump, 1766; 16. Description of the
                    Torricellian Barometer, 1766; 17. Appendix to the Description and Use of the
                    Globes, 1766; 18. Philosophia Britannica, 1778, in three vols.; 19. Gentleman
                    and Lady’s Philosophy, in three vols.; 20. Miscellaneous Correspondence, in four
                    vols.; 21. System of Philology; 22. Philosophical Geography; 23. Magazine
                    complete, in fourteen vols.; 24. Principles of Pumpwork; 25. Theory of the
                    Hydrometer; and, 26. Doctrine of Logarithms.</p>
            </div>
        </body>
    </text>
</TEI>
