<?xml version="1.0" encoding="utf-8"?><?xml-model  href="https://TU-plogan.github.io/code/odd/tei_kp1.rng" type="application/xml" schematypens="http://relaxng.org/ns/structure/1.0"?>
<TEI xml:id="kp-eb0702-0316-0039-10" xml:lang="en" xmlns="http://www.tei-c.org/ns/1.0">
    <teiHeader>
        <fileDesc>
            <titleStmt xml:id="eb07_v1.0">
                <title level="a" type="main">ABORTION</title>
                <title level="m" type="main">Encyclopaedia Britannica, 7th edition</title>
                <title level="m" type="sub">A machine-readable transcription</title>
                <editor>Edited by <persName ref="https://orcid.org/0000-0003-2362-8282"
                        role="editor" xml:id="pml">Peter Melville Logan</persName></editor>
                <respStmt>
                    <orgName xml:id="kp">Nineteenth-Century Knowledge Project Staff,
                            <affiliation>Temple University</affiliation></orgName>
                    <resp>OCR transcription and data management</resp>
                </respStmt>
                <respStmt>
                    <persName ref="https://orcid.org/0000-0001-7819-5360" xml:id="jg">Jane
                        Greenberg, <affiliation>Metadata Research Center, Drexel
                            University</affiliation></persName>
                    <resp>metadata development</resp>
                </respStmt>
                <respStmt>
                    <persName xml:id="dk">Don Kretz, <affiliation>Distributed
                            Proofreading</affiliation></persName>
                    <resp>data management</resp>
                </respStmt>
                <funder><orgName ref="http://viaf.org/viaf/137796012" xml:id="neh">National
                        Endowment for the Humanities</orgName></funder>
                <funder><orgName ref="http://viaf.org/viaf/121974598" xml:id="imls">Institute of
                        Museum and Library Services</orgName></funder>
                <funder><orgName ref="http://viaf.org/viaf/127396206" xml:id="tu">Temple
                        University</orgName></funder>
                <sponsor><orgName ref="http://viaf.org/viaf/3653147665869560670009" xml:id="cci"
                        >Drexel University, College of Computing &amp;
                    Informatics</orgName></sponsor>
            </titleStmt>
            <editionStmt>
                <edition n="2.0">Version 2.0 <date when="2023">2023</date></edition>
            </editionStmt>
            <extent>365 MB; 21,026 XML files </extent>
            <publicationStmt>
                <publisher corresp="kp"><orgName corresp="kp">Nineteenth-Century Knowledge
                        Project</orgName><email>nckp@temple.edu</email><link
                        target="https://github.com/TU-plogan/KnowledgeProject"/></publisher>
                <availability status="free">
                    <p>Licensed under a Creative Commons Attribution 4.0 International License.</p>
                    <licence target="https://creativecommons.org/licenses/by/4.0/"> CC BY 4.0
                    </licence>
                </availability>
                <date when="2023">2023</date>
            </publicationStmt>
            <seriesStmt>
                <title level="s">Encyclopaedia Britannica: A machine-readable text
                    transcription</title>
                <editor corresp="pml">Peter Melville Logan</editor>
            </seriesStmt>
            <sourceDesc>
                <biblFull xml:lang="en">
                    <titleStmt>
                        <title level="m">Encyclopaedia Britannica</title>
                        <editor><persName ref="http://viaf.org/viaf/79392506" xml:id="mn">Napier,
                                Macvey, 1776-1847</persName></editor>
                    </titleStmt>
                    <editionStmt>
                        <edition>Seventh Edition</edition>
                    </editionStmt>
                    <extent><measure quantity="21" unit="vol">21 volumes</measure></extent>
                    <publicationStmt>
                        <publisher>Adam and Charles Black</publisher>
                        <pubPlace>Edinburgh</pubPlace>
                        <date from="1830" to="1842">1830-1842</date>
                    </publicationStmt>
                    <sourceDesc>
                        <bibl xml:id="NLS"><title>Seventh edition - Encyclopaedia Britannica
                                [190218838]</title><publisher><orgName
                                    ref="https://digital.nls.uk/encyclopaedia-britannica/archive/190218838"
                                    >National Library of Scotland</orgName></publisher><date
                                when="2019">2019</date><idno type="DOI"
                                >https://doi.org/10.34812/cg4r-dn40</idno><availability>
                                <p>National Library of Scotland License: CC BY 4.0</p>
                                <licence target="https://creativecommons.org/licenses/by/4.0/">CC BY
                                    4.0 </licence>
                            </availability></bibl>
                    </sourceDesc>
                </biblFull>
                <listBibl>
                    <head>Alternate image sources for this edition:</head>
                    <bibl xml:id="UW-HT">Hathi Trust, from print source at the University of
                        Wisconsin: vol. 9, pp. 29, 31, 32, 36, 37, 39, 41, 48, 50-55, 57, 59, 62,
                        63, 66, 67, 69-71, 76, 88; vol. 19 (all).</bibl>
                    <bibl xml:id="UCH-HT">Hathi Trust, from print souce at the University of
                        Chicago: vol. 10, pp. 7-10; vols. 20, 21 (all).</bibl>
                </listBibl>
            </sourceDesc>
        </fileDesc>
        <encodingDesc>
            <editorialDecl>
                <correction method="markup" status="low">
                    <p>This electronic text file was created by optical character recognition (OCR).
                        OCR errors have not been corrected.</p>
                    <p>Illegible text in the original is indicated using <gi>unclear</gi> or
                            <gi>gap</gi>, as appropriate. If corrected, the reference source is
                        incidated with <gi>supplied</gi>.</p>
                </correction>
                <normalization method="silent">
                    <p>Original spelling is preserved. When noticed, obvious misspellings are
                        combined with the correct spelling as <gi>choice</gi> in the TEI. Ligatures
                        are reproduced as multiple letters. Original footnote and marginal note
                        sigla are replaced with sequential numbers for each entry.</p>
                </normalization>
                <punctuation marks="some">
                    <p>Extra space around punctuation marks is removed.</p>
                </punctuation>
                <quotation marks="some">
                    <p>Quotation marks are retained as content in the text. Redundant open quotation
                        marks at the start of lines inside block quotes are silently removed.</p>
                </quotation>
                <hyphenation eol="hard">
                    <p>Soft hyphens are removed silently.</p>
                </hyphenation>
                <segmentation>
                    <p>The <tag>div type="entry"</tag> element divides the text into individual
                        entries.</p>
                    <p>The <tag>div type="section"</tag> and <tag>div type="subsection"</tag>
                        elements are reserved for entry subsections.</p>
                </segmentation>
                <ab><list>
                        <item>Encoding has been done using the recommendations for Level 3 of the
                            TEI in Libraries Guidelines.</item>
                        <item>Individual entries and page-breaks are encoded, but column breaks are
                            omitted.</item>
                        <item>Running headers and side descriptions are not included.</item>
                        <item>Some font formatting is preserved: italic, small caps, strike through,
                            subscript, superscript, underline. The following formatting is ignored:
                            bold, font size, typeface.</item>
                    </list></ab>
            </editorialDecl>
            <tagsDecl>
                <namespace name="http://www.tei-c.org/ns/1.0">
                    <tagUsage gi="div">Unnumbered divs used.</tagUsage>
                </namespace>
            </tagsDecl>
            <projectDesc>
                <p>All text was encoded for the Nineteenth-Century Knowledge Project to provide a
                    machine-readable edition of the Encyclopedia Britannica to analyze.</p>
                <p>Subject-level metadata was added to each entry using the HIVE automated
                    vocabulary server created by the Metadata Research Center at Drexel University
                        (<link target="https://hive2.cci.drexel.edu"
                    />https://hive2.cci.drexel.edu).</p>
            </projectDesc>
            <samplingDecl>
                <p>This release reproduces the text matter for all entries. It does not include
                    images, tables, formulae, front- or back-matter. It omits volume 1, which
                    consists of "Dissertations" rather than entries.</p>
            </samplingDecl>
            <listPrefixDef>
                <prefixDef ident="fast" matchPattern="(\d+)"
                    replacementPattern="http://id.worldcat.org/fast/$1">
                    <p>URIs with the prefix <code>fast:</code> point to terms in the OCLC FAST
                        (Faceted Application of Subject Terminology) subject heading schema derived
                        from the Library of Congress Subject Headings (LCSH).</p>
                </prefixDef>
                <prefixDef ident="lcsh1910" matchPattern="(\w+)"
                    replacementPattern="https://n2t.net/ark:/99152/$1">
                    <p>URIs with the prefix <code>lcsh1910:</code> point to subject terms in the
                        volume <hi rend="italic">Subject Headings Used in the Dictionary Catalogues
                            of the Library of Congress</hi>, 7 vols., Library of Congress, 1910.</p>
                </prefixDef>
                <prefixDef ident="ht" matchPattern="([\w\-\.;=\&#34;&amp;]+)"
                    replacementPattern="https://babel.hathitrust.org/cgi/pt?id=$1">
                    <p>URIs with the prefix <code>ht:</code> point to page images in the Hathi
                        Trust.</p>
                </prefixDef>
                <prefixDef ident="ia" matchPattern="(\w+)"
                    replacementPattern="https://archive.org/details/$1">
                    <p>URIs with the prefix <code>ia:</code> point to page images in the Internet
                        Archive.</p>
                </prefixDef>
                <prefixDef ident="nls" matchPattern="([\w?\=]+)"
                    replacementPattern="https://digital.nls.uk/encyclopaedia-britannica/archive/$1">
                    <p>URIs with the prefix <code>nls:</code> point to page images in the National
                        Library of Scotland.</p>
                </prefixDef>
            </listPrefixDef>
        </encodingDesc>
        <profileDesc>
            <textClass default="false">
                <keywords scheme="http://id.worldcat.org/fast/">
                    <term ref="fast:1085685">Questioning</term>
                    <term ref="fast:993678">Law</term>
                    <term ref="fast:882984">Crime</term>
                    <term ref="fast:1026940">Mothers</term>
                    <term ref="fast:888613">Death</term>
                    <term ref="fast:1100116">Romans</term>
                </keywords>
                <keywords scheme="https://id.cci.drexel.edu/">
                    <term ref="lcsh1910:b4m90280p">Law</term>
                    <term ref="lcsh1910:b4ws8hn48">Mothers</term>
                    <term ref="lcsh1910:b4zp3w922">Writers</term>
                    <term ref="lcsh1910:b4kh0f02c">Death</term>
                    <term ref="lcsh1910:b4w950x93">Womb</term>
                </keywords>
                <keywords scheme="http://id.worldcat.org/fast/">
                    <term ref="fast:1754964">Rome</term>
                    <term ref="fast:1206715">Scotland</term>
                    <term ref="fast:1219920">England</term>
                </keywords>
            </textClass>
        </profileDesc>
        <revisionDesc status="published">
            <change status="public" when="2023-10-11" who="#pml">v2.0 XSL updated</change>
            <change status="public" when="2022-11-30" who="#pml">RNG schema v.1 completed. </change>
            <change status="public" when="2022-11-28" who="#pml">v.1 XSL finished</change>
            <change status="public" when="2022-11-18" who="#pml">RNG schema draft</change>
        </revisionDesc>
    </teiHeader>
    <text>
        <body>
            <div facs="nls:193030316?mode=fullsize" org="uniform" part="N" sample="complete"
                type="entry">
                <p part="N"><label type="entry">ABORTION</label>, in <hi rend="italic"
                        >Midwifery,</hi> the premature exclusion of a foetus. It has sometimes been
                    doubted whether this unnatural practice was ranked as a crime in the laws of
                    Greece and Rome. This question has been revived, and elaborately discussed in
                    France, by some members of the Institute. The subject, it seems, had been
                    incidentally alluded to in a discourse of Gregoire’s ’ upon the influence of
                    Christianity on the condition of the female sex, read in the early part of 1814.
                    This produced two dissertations, one by Μ. Clavier, and the other by Μ.
                    Boissonade; the first maintaining the impunity of the practice among the
                    ancients, the last, that it was on the contrary viewed as a penal offence.</p>
                <p part="N">We find, says Μ. Clavier, that in one of Plato’s dialogues (<hi
                        rend="italic">Theaet.)</hi> Socrates is made to speak of artificial
                    abortion, as a practice not only common, but allowable; and Plato himself
                    authorizes it in his <hi rend="italic">Pepublic,</hi> (lib. v.) Aristotle <hi
                        rend="italic">(Polit,</hi> lib. vii. c. 17) gives it as his opinion, that no
                    child ought to be suffered to come into the world, the mother being above forty,
                    or the father above fifty-five years of age. Lysias maintained, in one of his
                    pleadings quoted by Harpocration, that forced abortion could not be considered
                    homicide, because a child <hi rend="italic">in</hi><hi rend="italic">utero</hi>
                    was not an animal, or separate existence. Μ. Clavier admits, that, in a treatise
                    ascribed to Galen, <hi rend="italic">(An animal sit quod in</hi><hi
                        rend="italic">utero est ?)</hi> there is mention made of enactments by Solon
                    and Lycurgus against this crime; but he maintains that this is a spurious
                    production, and that, at any rate, his testimony cannot be opposed to that of so
                    many writers who lived long before his age. Among the Romans, Ovid <hi
                        rend="italic">(Amor.</hi> lib. ii.), Juvenal <hi rend="italic">(Sat.</hi>
                    vi. v. 594), and Seneca <hi rend="italic">(Consol, ad Helv.</hi> 16), though
                    they lament in strong terms the frequency of this enormity, yet they never
                    allude to any laws by which it might be suppressed. Various other writers, it is
                    said, preserve the same silence on this point, whilst joining in general
                    reprobation of the crime.</p>
                <p part="N">On the other hand, Μ. Boissonade appeals not only to the authority of
                    Galen, but of Cicero, <hi rend="italic">(Pro</hi><hi rend="italic"
                        >Cluentio,)</hi> as placing it beyond a doubt, that, so far from being
                    allowed to pass with impunity, the offence in question was sometimes punished
                    with death. With regard to the authority of Lysias, he states, that the pleading
                    referred to is quoted by Harpocration himself as of dubious authenticity; and,
                    as to Plato and Aristotle, he observes, that their speculative reasonings, in
                    matters of legislation, ought not to be confounded with the actual state of the
                    laws. And he adds, that Stobaeus <hi rend="italic">(Sernι.</hi> 73) has
                    preserved a passage from Musonius, in which that philosopher expressly states,
                    that the ancient lawgivers inflicted punishments on females who caused
                    themselves to abort.</p>
                <p part="N">It seems indeed difficult to believe, that the practice in question
                    should have been allowed to prevail without being denounced as criminal by the
                    lawgivers of Greece and Rome; but it is not so clear that there was any law
                    which <pb break="no" facs="nls:193030329?mode=fullsize"
                        xml:id="kp-eb0702-0329-0040"/> punished it with death. Tłrose readers who
                    have any curiosity to enter more deeply into the inquiry, will be enabled to do
                    so by consulting the various authorities to which Μ. Clavier and M. Boissonade
                    have appealed, in support of their respective views of the question. The
                    notorious frequency of the practice forms an odious feature in the manners of
                    ancient times. Seneca makes it a ground of distinction for Helvia, that she had
                    never, like others of her countrywomen, destroyed the child in her womb, in
                    order to preserve her shape.</p>
                <p part="N">By the law of England till lately, the only party held to be guilty of
                    murder in forcingabor tion was the woman, when she was proved to have taken
                    means to destroy a child <hi rend="italic">quick</hi> in the womb, and actually
                    to have thereby destroyed it. But in 1803, an act was passed, inflicting the
                    punishment of death upon <hi rend="italic">all</hi> concerned in <hi
                        rend="italic">administering</hi> any noxious substance with the <hi
                        rend="italic">intent</hi> to procure the miscarriage of any woman <hi
                        rend="italic">quick</hi> with child. The procuring or attempting it before
                    the child has quickened, is punishable only with imprisonment or transportation.
                    This law is evidently grounded upon a false hypothesis, that the foetus is not
                    quick or alive till its motion in the womb becomes perceptible to the mother;
                    and, what is of more importance, it makes no provision against the attempt to
                    procure abortion by <hi rend="italic">manual</hi> application. The reader will
                    find a curious illustration of this defect, in a trial which occurred at the
                    assizes held at Bury St Edmunds in 1808. See <hi rend="italic">Trial of William
                        Fizzy,</hi> &amp;c. Ipswich, 1808.</p>
                <p part="N">The case of John Fenton, tried at Perth in 1763, was the first instance
                    of a criminal prosecution for this offence in Scotland; and here the public
                    prosecutor restricted the libel to an arbitrary punishment. Our writers indeed
                    agree, that, by the law of Scotland, the forcing of abortion is not homicide,
                    whether the child be quick or not, except where the mother is killed in the
                    process. Imprisonment or transportation may, and is all that can, in any case,
                    be inflicted.</p>
                <p part="N"><hi rend="italic">ABORT</hi><hi rend="italic smallcaps"> jpe</hi><hi
                        rend="italic">Vellum,</hi> is made of the skin of an abortive or immature
                    calf.</p>
            </div>
        </body>
    </text>
</TEI>
