<?xml version="1.0" encoding="utf-8"?><?xml-model  href="https://TU-plogan.github.io/code/odd/tei_kp1.rng" type="application/xml" schematypens="http://relaxng.org/ns/structure/1.0"?>
<TEI xml:id="kp-eb0702-0966-0089-04" xml:lang="en" xmlns="http://www.tei-c.org/ns/1.0">
    <teiHeader>
        <fileDesc>
            <titleStmt xml:id="eb07_v1.0">
                <title level="a" type="main">ACCOMPANIMENT, Accompagnamento, Accompagnatura</title>
                <title level="m" type="main">Encyclopaedia Britannica, 7th edition</title>
                <title level="m" type="sub">A machine-readable transcription</title>
                <editor>Edited by <persName ref="https://orcid.org/0000-0003-2362-8282"
                        role="editor" xml:id="pml">Peter Melville Logan</persName></editor>
                <respStmt>
                    <orgName xml:id="kp">Nineteenth-Century Knowledge Project Staff,
                            <affiliation>Temple University</affiliation></orgName>
                    <resp>OCR transcription and data management</resp>
                </respStmt>
                <respStmt>
                    <persName ref="https://orcid.org/0000-0001-7819-5360" xml:id="jg">Jane
                        Greenberg, <affiliation>Metadata Research Center, Drexel
                            University</affiliation></persName>
                    <resp>metadata development</resp>
                </respStmt>
                <respStmt>
                    <persName xml:id="dk">Don Kretz, <affiliation>Distributed
                            Proofreading</affiliation></persName>
                    <resp>data management</resp>
                </respStmt>
                <funder><orgName ref="http://viaf.org/viaf/137796012" xml:id="neh">National
                        Endowment for the Humanities</orgName></funder>
                <funder><orgName ref="http://viaf.org/viaf/121974598" xml:id="imls">Institute of
                        Museum and Library Services</orgName></funder>
                <funder><orgName ref="http://viaf.org/viaf/127396206" xml:id="tu">Temple
                        University</orgName></funder>
                <sponsor><orgName ref="http://viaf.org/viaf/3653147665869560670009" xml:id="cci"
                        >Drexel University, College of Computing &amp;
                    Informatics</orgName></sponsor>
            </titleStmt>
            <editionStmt>
                <edition n="2.0">Version 2.0 <date when="2023">2023</date></edition>
            </editionStmt>
            <extent>365 MB; 21,026 XML files </extent>
            <publicationStmt>
                <publisher corresp="kp"><orgName corresp="kp">Nineteenth-Century Knowledge
                        Project</orgName><email>nckp@temple.edu</email><link
                        target="https://github.com/TU-plogan/KnowledgeProject"/></publisher>
                <availability status="free">
                    <p>Licensed under a Creative Commons Attribution 4.0 International License.</p>
                    <licence target="https://creativecommons.org/licenses/by/4.0/"> CC BY 4.0
                    </licence>
                </availability>
                <date when="2023">2023</date>
            </publicationStmt>
            <seriesStmt>
                <title level="s">Encyclopaedia Britannica: A machine-readable text
                    transcription</title>
                <editor corresp="pml">Peter Melville Logan</editor>
            </seriesStmt>
            <sourceDesc>
                <biblFull xml:lang="en">
                    <titleStmt>
                        <title level="m">Encyclopaedia Britannica</title>
                        <editor><persName ref="http://viaf.org/viaf/79392506" xml:id="mn">Napier,
                                Macvey, 1776-1847</persName></editor>
                    </titleStmt>
                    <editionStmt>
                        <edition>Seventh Edition</edition>
                    </editionStmt>
                    <extent><measure quantity="21" unit="vol">21 volumes</measure></extent>
                    <publicationStmt>
                        <publisher>Adam and Charles Black</publisher>
                        <pubPlace>Edinburgh</pubPlace>
                        <date from="1830" to="1842">1830-1842</date>
                    </publicationStmt>
                    <sourceDesc>
                        <bibl xml:id="NLS"><title>Seventh edition - Encyclopaedia Britannica
                                [190218838]</title><publisher><orgName
                                    ref="https://digital.nls.uk/encyclopaedia-britannica/archive/190218838"
                                    >National Library of Scotland</orgName></publisher><date
                                when="2019">2019</date><idno type="DOI"
                                >https://doi.org/10.34812/cg4r-dn40</idno><availability>
                                <p>National Library of Scotland License: CC BY 4.0</p>
                                <licence target="https://creativecommons.org/licenses/by/4.0/">CC BY
                                    4.0 </licence>
                            </availability></bibl>
                    </sourceDesc>
                </biblFull>
                <listBibl>
                    <head>Alternate image sources for this edition:</head>
                    <bibl xml:id="UW-HT">Hathi Trust, from print source at the University of
                        Wisconsin: vol. 9, pp. 29, 31, 32, 36, 37, 39, 41, 48, 50-55, 57, 59, 62,
                        63, 66, 67, 69-71, 76, 88; vol. 19 (all).</bibl>
                    <bibl xml:id="UCH-HT">Hathi Trust, from print souce at the University of
                        Chicago: vol. 10, pp. 7-10; vols. 20, 21 (all).</bibl>
                </listBibl>
            </sourceDesc>
        </fileDesc>
        <encodingDesc>
            <editorialDecl>
                <correction method="markup" status="low">
                    <p>This electronic text file was created by optical character recognition (OCR).
                        OCR errors have not been corrected.</p>
                    <p>Illegible text in the original is indicated using <gi>unclear</gi> or
                            <gi>gap</gi>, as appropriate. If corrected, the reference source is
                        incidated with <gi>supplied</gi>.</p>
                </correction>
                <normalization method="silent">
                    <p>Original spelling is preserved. When noticed, obvious misspellings are
                        combined with the correct spelling as <gi>choice</gi> in the TEI. Ligatures
                        are reproduced as multiple letters. Original footnote and marginal note
                        sigla are replaced with sequential numbers for each entry.</p>
                </normalization>
                <punctuation marks="some">
                    <p>Extra space around punctuation marks is removed.</p>
                </punctuation>
                <quotation marks="some">
                    <p>Quotation marks are retained as content in the text. Redundant open quotation
                        marks at the start of lines inside block quotes are silently removed.</p>
                </quotation>
                <hyphenation eol="hard">
                    <p>Soft hyphens are removed silently.</p>
                </hyphenation>
                <segmentation>
                    <p>The <tag>div type="entry"</tag> element divides the text into individual
                        entries.</p>
                    <p>The <tag>div type="section"</tag> and <tag>div type="subsection"</tag>
                        elements are reserved for entry subsections.</p>
                </segmentation>
                <ab><list>
                        <item>Encoding has been done using the recommendations for Level 3 of the
                            TEI in Libraries Guidelines.</item>
                        <item>Individual entries and page-breaks are encoded, but column breaks are
                            omitted.</item>
                        <item>Running headers and side descriptions are not included.</item>
                        <item>Some font formatting is preserved: italic, small caps, strike through,
                            subscript, superscript, underline. The following formatting is ignored:
                            bold, font size, typeface.</item>
                    </list></ab>
            </editorialDecl>
            <tagsDecl>
                <namespace name="http://www.tei-c.org/ns/1.0">
                    <tagUsage gi="div">Unnumbered divs used.</tagUsage>
                </namespace>
            </tagsDecl>
            <projectDesc>
                <p>All text was encoded for the Nineteenth-Century Knowledge Project to provide a
                    machine-readable edition of the Encyclopedia Britannica to analyze.</p>
                <p>Subject-level metadata was added to each entry using the HIVE automated
                    vocabulary server created by the Metadata Research Center at Drexel University
                        (<link target="https://hive2.cci.drexel.edu"
                    />https://hive2.cci.drexel.edu).</p>
            </projectDesc>
            <samplingDecl>
                <p>This release reproduces the text matter for all entries. It does not include
                    images, tables, formulae, front- or back-matter. It omits volume 1, which
                    consists of "Dissertations" rather than entries.</p>
            </samplingDecl>
            <listPrefixDef>
                <prefixDef ident="fast" matchPattern="(\d+)"
                    replacementPattern="http://id.worldcat.org/fast/$1">
                    <p>URIs with the prefix <code>fast:</code> point to terms in the OCLC FAST
                        (Faceted Application of Subject Terminology) subject heading schema derived
                        from the Library of Congress Subject Headings (LCSH).</p>
                </prefixDef>
                <prefixDef ident="lcsh1910" matchPattern="(\w+)"
                    replacementPattern="https://n2t.net/ark:/99152/$1">
                    <p>URIs with the prefix <code>lcsh1910:</code> point to subject terms in the
                        volume <hi rend="italic">Subject Headings Used in the Dictionary Catalogues
                            of the Library of Congress</hi>, 7 vols., Library of Congress, 1910.</p>
                </prefixDef>
                <prefixDef ident="ht" matchPattern="([\w\-\.;=\&#34;&amp;]+)"
                    replacementPattern="https://babel.hathitrust.org/cgi/pt?id=$1">
                    <p>URIs with the prefix <code>ht:</code> point to page images in the Hathi
                        Trust.</p>
                </prefixDef>
                <prefixDef ident="ia" matchPattern="(\w+)"
                    replacementPattern="https://archive.org/details/$1">
                    <p>URIs with the prefix <code>ia:</code> point to page images in the Internet
                        Archive.</p>
                </prefixDef>
                <prefixDef ident="nls" matchPattern="([\w?\=]+)"
                    replacementPattern="https://digital.nls.uk/encyclopaedia-britannica/archive/$1">
                    <p>URIs with the prefix <code>nls:</code> point to page images in the National
                        Library of Scotland.</p>
                </prefixDef>
            </listPrefixDef>
        </encodingDesc>
        <profileDesc>
            <textClass default="false">
                <keywords scheme="https://id.cci.drexel.edu/">
                    <term ref="lcsh1910:b42v2ch0v">Music</term>
                    <term ref="lcsh1910:b42j68967">Songs</term>
                    <term ref="lcsh1910:b4dn40316">Ornament</term>
                    <term ref="lcsh1910:b4z02zh9p">Stage</term>
                    <term ref="lcsh1910:b4jw86m5h">Actors</term>
                </keywords>
                <keywords scheme="http://id.worldcat.org/fast/">
                    <term ref="fast:1030269">Music</term>
                    <term ref="fast:1030814">Musicals</term>
                    <term ref="fast:1126120">Songs</term>
                    <term ref="fast:1047359">Order</term>
                    <term ref="fast:1747391">Sustainability</term>
                </keywords>
            </textClass>
        </profileDesc>
        <revisionDesc status="published">
            <change status="public" when="2023-10-11" who="#pml">v2.0 XSL updated</change>
            <change status="public" when="2022-11-30" who="#pml">RNG schema v.1 completed. </change>
            <change status="public" when="2022-11-28" who="#pml">v.1 XSL finished</change>
            <change status="public" when="2022-11-18" who="#pml">RNG schema draft</change>
        </revisionDesc>
    </teiHeader>
    <text>
        <body>
            <div facs="nls:193030966?mode=fullsize" org="uniform" part="N" sample="complete"
                type="entry">
                <p part="N"><label type="entry">ACCOMPANIMENT, <hi rend="smallcaps">Accompagnamento,
                            Accompagnatura</hi></label>, in <hi rend="italic">Music,</hi> denotes
                    the instruments which accompany a voice, in order to sustain it, as well as to
                    make the music more full. The accompaniment is used in recitative as well as in
                    song, on the stage as well as in the choir, &amp;c. The ancients had likewise
                    their accompaniments in the theatre; they had even instruments to accompany the
                    chorus, different from those which accompanied the actors in the recitation.</p>
                <p part="N">The accompaniment, among the moderns, is frequently a different part or
                    melody from the song it accompanies. It is disputed whether it was so among the
                    ancients. It is generally alleged that their accompaniments went no further than
                    the playing in octave, or in antiphony to the voice. The Abbé Fraguier, from a
                    passage in Plato, pretends to prove that they had actual symphony, or music in
                    parts; but his arguments seem far from being conclusive.</p>
                <p part="N"><hi rend="smallcaps">Accompaniment,</hi> in <hi rend="italic"
                        >Painting,</hi> denotes such objects as are added, either by way of ornament
                    or fitness, to thę principal figures; as dogs, guns, game, &amp;c. in a hunting
                    piece.</p>
                <p part="N"><hi rend="smallcaps">Accompaniment,</hi> in <hi rend="italic"
                        >Heraldry,</hi> any thing added to a shield by way of ornament; as the belt,
                    mantling, supporters, &amp;c. It is also applied to several bearings about a
                    principal one; as a saltier, bend, fesse, chevron, &amp;c.</p>
            </div>
        </body>
    </text>
</TEI>
