<?xml version="1.0" encoding="utf-8"?><?xml-model  href="https://TU-plogan.github.io/code/odd/tei_kp1.rng" type="application/xml" schematypens="http://relaxng.org/ns/structure/1.0"?>
<TEI xml:id="kp-eb0702-0147-0026-02" xml:lang="en" xmlns="http://www.tei-c.org/ns/1.0">
    <teiHeader>
        <fileDesc>
            <titleStmt xml:id="eb07_v1.0">
                <title level="a" type="main">ABERCROMBY, The Honourable Alexander</title>
                <title level="m" type="main">Encyclopaedia Britannica, 7th edition</title>
                <title level="m" type="sub">A machine-readable transcription</title>
                <editor>Edited by <persName ref="https://orcid.org/0000-0003-2362-8282"
                        role="editor" xml:id="pml">Peter Melville Logan</persName></editor>
                <respStmt>
                    <orgName xml:id="kp">Nineteenth-Century Knowledge Project Staff,
                            <affiliation>Temple University</affiliation></orgName>
                    <resp>OCR transcription and data management</resp>
                </respStmt>
                <respStmt>
                    <persName ref="https://orcid.org/0000-0001-7819-5360" xml:id="jg">Jane
                        Greenberg, <affiliation>Metadata Research Center, Drexel
                            University</affiliation></persName>
                    <resp>metadata development</resp>
                </respStmt>
                <respStmt>
                    <persName xml:id="dk">Don Kretz, <affiliation>Distributed
                            Proofreading</affiliation></persName>
                    <resp>data management</resp>
                </respStmt>
                <funder><orgName ref="http://viaf.org/viaf/137796012" xml:id="neh">National
                        Endowment for the Humanities</orgName></funder>
                <funder><orgName ref="http://viaf.org/viaf/121974598" xml:id="imls">Institute of
                        Museum and Library Services</orgName></funder>
                <funder><orgName ref="http://viaf.org/viaf/127396206" xml:id="tu">Temple
                        University</orgName></funder>
                <sponsor><orgName ref="http://viaf.org/viaf/3653147665869560670009" xml:id="cci"
                        >Drexel University, College of Computing &amp;
                    Informatics</orgName></sponsor>
            </titleStmt>
            <editionStmt>
                <edition n="2.0">Version 2.0 <date when="2023">2023</date></edition>
            </editionStmt>
            <extent>365 MB; 21,026 XML files </extent>
            <publicationStmt>
                <publisher corresp="kp"><orgName corresp="kp">Nineteenth-Century Knowledge
                        Project</orgName><email>nckp@temple.edu</email><link
                        target="https://github.com/TU-plogan/KnowledgeProject"/></publisher>
                <availability status="free">
                    <p>Licensed under a Creative Commons Attribution 4.0 International License.</p>
                    <licence target="https://creativecommons.org/licenses/by/4.0/"> CC BY 4.0
                    </licence>
                </availability>
                <date when="2023">2023</date>
            </publicationStmt>
            <seriesStmt>
                <title level="s">Encyclopaedia Britannica: A machine-readable text
                    transcription</title>
                <editor corresp="pml">Peter Melville Logan</editor>
            </seriesStmt>
            <sourceDesc>
                <biblFull xml:lang="en">
                    <titleStmt>
                        <title level="m">Encyclopaedia Britannica</title>
                        <editor><persName ref="http://viaf.org/viaf/79392506" xml:id="mn">Napier,
                                Macvey, 1776-1847</persName></editor>
                    </titleStmt>
                    <editionStmt>
                        <edition>Seventh Edition</edition>
                    </editionStmt>
                    <extent><measure quantity="21" unit="vol">21 volumes</measure></extent>
                    <publicationStmt>
                        <publisher>Adam and Charles Black</publisher>
                        <pubPlace>Edinburgh</pubPlace>
                        <date from="1830" to="1842">1830-1842</date>
                    </publicationStmt>
                    <sourceDesc>
                        <bibl xml:id="NLS"><title>Seventh edition - Encyclopaedia Britannica
                                [190218838]</title><publisher><orgName
                                    ref="https://digital.nls.uk/encyclopaedia-britannica/archive/190218838"
                                    >National Library of Scotland</orgName></publisher><date
                                when="2019">2019</date><idno type="DOI"
                                >https://doi.org/10.34812/cg4r-dn40</idno><availability>
                                <p>National Library of Scotland License: CC BY 4.0</p>
                                <licence target="https://creativecommons.org/licenses/by/4.0/">CC BY
                                    4.0 </licence>
                            </availability></bibl>
                    </sourceDesc>
                </biblFull>
                <listBibl>
                    <head>Alternate image sources for this edition:</head>
                    <bibl xml:id="UW-HT">Hathi Trust, from print source at the University of
                        Wisconsin: vol. 9, pp. 29, 31, 32, 36, 37, 39, 41, 48, 50-55, 57, 59, 62,
                        63, 66, 67, 69-71, 76, 88; vol. 19 (all).</bibl>
                    <bibl xml:id="UCH-HT">Hathi Trust, from print souce at the University of
                        Chicago: vol. 10, pp. 7-10; vols. 20, 21 (all).</bibl>
                </listBibl>
            </sourceDesc>
        </fileDesc>
        <encodingDesc>
            <editorialDecl>
                <correction method="markup" status="low">
                    <p>This electronic text file was created by optical character recognition (OCR).
                        OCR errors have not been corrected.</p>
                    <p>Illegible text in the original is indicated using <gi>unclear</gi> or
                            <gi>gap</gi>, as appropriate. If corrected, the reference source is
                        incidated with <gi>supplied</gi>.</p>
                </correction>
                <normalization method="silent">
                    <p>Original spelling is preserved. When noticed, obvious misspellings are
                        combined with the correct spelling as <gi>choice</gi> in the TEI. Ligatures
                        are reproduced as multiple letters. Original footnote and marginal note
                        sigla are replaced with sequential numbers for each entry.</p>
                </normalization>
                <punctuation marks="some">
                    <p>Extra space around punctuation marks is removed.</p>
                </punctuation>
                <quotation marks="some">
                    <p>Quotation marks are retained as content in the text. Redundant open quotation
                        marks at the start of lines inside block quotes are silently removed.</p>
                </quotation>
                <hyphenation eol="hard">
                    <p>Soft hyphens are removed silently.</p>
                </hyphenation>
                <segmentation>
                    <p>The <tag>div type="entry"</tag> element divides the text into individual
                        entries.</p>
                    <p>The <tag>div type="section"</tag> and <tag>div type="subsection"</tag>
                        elements are reserved for entry subsections.</p>
                </segmentation>
                <ab><list>
                        <item>Encoding has been done using the recommendations for Level 3 of the
                            TEI in Libraries Guidelines.</item>
                        <item>Individual entries and page-breaks are encoded, but column breaks are
                            omitted.</item>
                        <item>Running headers and side descriptions are not included.</item>
                        <item>Some font formatting is preserved: italic, small caps, strike through,
                            subscript, superscript, underline. The following formatting is ignored:
                            bold, font size, typeface.</item>
                    </list></ab>
            </editorialDecl>
            <tagsDecl>
                <namespace name="http://www.tei-c.org/ns/1.0">
                    <tagUsage gi="div">Unnumbered divs used.</tagUsage>
                </namespace>
            </tagsDecl>
            <projectDesc>
                <p>All text was encoded for the Nineteenth-Century Knowledge Project to provide a
                    machine-readable edition of the Encyclopedia Britannica to analyze.</p>
                <p>Subject-level metadata was added to each entry using the HIVE automated
                    vocabulary server created by the Metadata Research Center at Drexel University
                        (<link target="https://hive2.cci.drexel.edu"
                    />https://hive2.cci.drexel.edu).</p>
            </projectDesc>
            <samplingDecl>
                <p>This release reproduces the text matter for all entries. It does not include
                    images, tables, formulae, front- or back-matter. It omits volume 1, which
                    consists of "Dissertations" rather than entries.</p>
            </samplingDecl>
            <listPrefixDef>
                <prefixDef ident="fast" matchPattern="(\d+)"
                    replacementPattern="http://id.worldcat.org/fast/$1">
                    <p>URIs with the prefix <code>fast:</code> point to terms in the OCLC FAST
                        (Faceted Application of Subject Terminology) subject heading schema derived
                        from the Library of Congress Subject Headings (LCSH).</p>
                </prefixDef>
                <prefixDef ident="lcsh1910" matchPattern="(\w+)"
                    replacementPattern="https://n2t.net/ark:/99152/$1">
                    <p>URIs with the prefix <code>lcsh1910:</code> point to subject terms in the
                        volume <hi rend="italic">Subject Headings Used in the Dictionary Catalogues
                            of the Library of Congress</hi>, 7 vols., Library of Congress, 1910.</p>
                </prefixDef>
                <prefixDef ident="ht" matchPattern="([\w\-\.;=\&#34;&amp;]+)"
                    replacementPattern="https://babel.hathitrust.org/cgi/pt?id=$1">
                    <p>URIs with the prefix <code>ht:</code> point to page images in the Hathi
                        Trust.</p>
                </prefixDef>
                <prefixDef ident="ia" matchPattern="(\w+)"
                    replacementPattern="https://archive.org/details/$1">
                    <p>URIs with the prefix <code>ia:</code> point to page images in the Internet
                        Archive.</p>
                </prefixDef>
                <prefixDef ident="nls" matchPattern="([\w?\=]+)"
                    replacementPattern="https://digital.nls.uk/encyclopaedia-britannica/archive/$1">
                    <p>URIs with the prefix <code>nls:</code> point to page images in the National
                        Library of Scotland.</p>
                </prefixDef>
            </listPrefixDef>
        </encodingDesc>
        <profileDesc>
            <textClass default="false">
                <keywords scheme="http://id.worldcat.org/fast/">
                    <term ref="fast:839044">British</term>
                    <term ref="fast:934209">French</term>
                    <term ref="fast:899678">Dutch</term>
                    <term ref="fast:1023582">Mirrors</term>
                    <term ref="fast:881747">Courts</term>
                    <term ref="fast:1052348">Paper</term>
                    <term ref="fast:993678">Law</term>
                    <term ref="fast:1182566">Year</term>
                </keywords>
                <keywords scheme="https://id.cci.drexel.edu/">
                    <term ref="lcsh1910:b4r785w31">Paper</term>
                    <term ref="lcsh1910:b4m90280p">Law</term>
                    <term ref="lcsh1910:b43r0ps53">Mirrors</term>
                    <term ref="lcsh1910:b4d21rp3w">Health</term>
                    <term ref="lcsh1910:b4mk65f63">Soldiers</term>
                    <term ref="lcsh1910:b44f1mm3n">Courts</term>
                    <term ref="lcsh1910:b4mw28p24">Scotch</term>
                    <term ref="lcsh1910:b4pr7mw5j">Commons</term>
                </keywords>
                <keywords scheme="http://id.worldcat.org/fast/">
                    <term ref="fast:1206715">Scotland</term>
                    <term ref="fast:1239786">America</term>
                    <term ref="fast:1209745">Grenada</term>
                    <term ref="fast:1205427">Ireland</term>
                    <term ref="fast:1208755">Egypt</term>
                    <term ref="fast:1207170">Malta</term>
                </keywords>
            </textClass>
        </profileDesc>
        <revisionDesc status="published">
            <change status="public" when="2023-10-11" who="#pml">v2.0 XSL updated</change>
            <change status="public" when="2022-11-30" who="#pml">RNG schema v.1 completed. </change>
            <change status="public" when="2022-11-28" who="#pml">v.1 XSL finished</change>
            <change status="public" when="2022-11-18" who="#pml">RNG schema draft</change>
        </revisionDesc>
    </teiHeader>
    <text>
        <body>
            <div facs="nls:193030147?mode=fullsize" org="uniform" part="N" sample="complete"
                type="entry">
                <p part="N"><label type="entry">ABERCROMBY, <hi rend="smallcaps">The Honourable
                            Alexander</hi></label> (Lord Abercromby), a Judge in the Courts of
                    Session and Justiciary in Scotland, was the youngest son of George Abercromby,
                    of Tullibody, Esq. of a respectable family in Clackmannanshire, and was born on
                    the 15th October 1745. Mr Abercromby was early destined for the profession of
                    the law, and with this view he was educated at the university of Edinburgh,
                    where he passed through the requisite course of languages, philosophy, and law,
                    and was admitted advocate in the year 1766. In 1780 he resigned the office of
                    sheriff-depute of Stirlingshire, which he had held for several years, and
                    accepted of that of depute-advocate, with the hope of extending his employment
                    in the line of his profession. In this step he was not disappointed; for his
                    reputation and business rapidly increased, and soon raised him to the first rank
                    at the Scotch bar. But he still retained a taste for the elegant amusements of
                    polite literature, and was one of that society who set on foot two periodical
                    papers, the <hi rend="italic">Mirror</hi> and <hi rend="italic">Lounger,</hi>
                    published at Edinburgh; the former in 1779, and the latter in 1785. To the <hi
                        rend="italic">Mirror</hi> he contributed ten papers, and to the <hi
                        rend="italic">Lounger</hi> nine. The names of the authors have been
                    published in the late editions of these works, which renders it unnecessary to
                    point out those papers of which Mr Abercromby was the author. In May 1792, he
                    was appointed one of the Judges of the Court of Session, and in December
                    following he was called to a seat in the Court of Justiciary. Lord Abercromby
                    continued to discharge the arduous duties of these important offices till summer
                    1795, when he was seized with a pectoral complaint, of which he died on the 17th
                    November the same year, at Exmouth in Devonshire, where he had gone for the
                    recovery of his health.</p>
                <p part="N"><hi rend="smallcaps">Abercromby,</hi><hi rend="italic">Sir Ralph,</hi>
                    knight of the Bath, arid a lieutenant-general in the British army, an elder
                    brother of the preceding, was born in the year 1738. Being destined for the
                    army, he obtained, in May 1756, a cornet’s commission in the 2d dragoon guards;
                    and rose, April 24. 1762, to the rank of a captain in the 3d regiment of horse.
                    Ascending through the intermediate gradations of rank, he was appointed,
                    November 3. 1781, to the colonelcy of the 103d infantry. September 28. 1787, he
                    was promoted to the rank of major-general. November 5. 1795, he obtained the
                    command of the 7th regiment of dragoons. Having been nearly 40 years in the
                    army, having served with honour in two wars, and being esteemed one of the
                    ablest, coolest, and most intrepid officers in the whole British forces, he was
                    employed on the continent under his Royal Highness the Duke of York, in the
                    commencement of the war against the French republic. In the action on the
                    heights of Cateau, he commanded the advanced guard, and was wounded at Nimeguen.
                    He conducted the march of the guards from Deventer to 01- densal, in the retreat
                    of the British out of Holland, in the winter of 1794-5. In August 1795, he was
                    appointed to succeed Sir Charles Grey, as commander-in-chief of the British
                    forces in the West Indies. March 24.1796, Grenada was suddenly attacked and
                    taken by a detachment of the army under his orders. He afterwards obtained
                    possession of the settlements of Demerara and Essequibo, in South America. St
                    Lucia was next taken by more difficult exertions, in which his ability was
                    signalIy displayed. St Vincent was, by the middle of June, added to the British
                    conquests. Trinidad, in February 1797, shared the same fate. He returned the
                    same year to Europe, and, in reward for such important services, was invested
                    with the red ribbon, appointed to the command of the regiment of Scots Greys,
                    intrusted with the governments of the Isle of Wight, Fort George, and Fort
                    Augustus, and raised to the rank of lieutenant-general. <hi rend="subscript">
                        z</hi> He held, for a time, the chief command of the forces in Ireland. Iņ
                    that command, he laboured to maintain the discipline of the army, to suppress
                    the rising rebellion, and to protect the people from military oppression, with a
                    care worthy alike of the great general and the enlightened and beneficent
                    statesman. From that station he was called to the chief command of the forces in
                    Scotland. W <hi rend="superscript"> 7</hi> hen the enterprise against Holland
                    was resolved upon, Sir Ralph Abercromby was called again to command, under his
                        <pb break="no" facs="nls:193030160?mode=fullsize"
                        xml:id="kp-eb0702-0160-0027"/>Royal Highness the Duke of York. The
                    difficulties of the ground, the inclemency of the season, delays, though
                    inconvenient, yet unavoidable, the disorderly movements of the Russians, and the
                    timid duplicity of the Dutch, disappointed our hopes of that expedition. But by
                    the Dutch, the French, the British, it was confessed, that even victory the most
                    decisive could not have more conspicuously proved the talents of this
                    distinguished officer. His country applauded the choice, when, in 1801, he was
                    sent with an army to dispossess the French of Egypt. His experience in Holland
                    and Flanders, and in the climate of the West Indies, particularly fitted him for
                    this new command. He accomplished some of the first duties of a general, in
                    carrying his army in health, in spirits, and with the requisite intelligence and
                    supplies, to the destined scene of action. The landing, the first dispositions,
                    the attack, and the superiority over the French which the British infantry under
                    his command evinced, all bear testimony to the high military talents of this
                    commander. It was his fate to fall in the moment of victory. General Lord
                    Hutchinson, who succeeded him in the command, in the dispatches with the account
                    of his death, has given a fine eulogium on his character as a soldier, and
                    strongly expressive of the high estimation in which he was held by the army.—“We
                    have sustained an irreparable loss in the person of our never sufficiently to be
                    lamented commander-in-clιief, Sir Ralph Abercromby, who was mortally wounded in
                    the action, and died on the 28th of March. I believe he was wounded early, but
                    he concealed his situation from those about him, and continued in the field,
                    giving his orders with that coolness and perspicuity which had ever marked his
                    character, till long after the action was over, when he fainted through weakness
                    and loss of blood. Were it permitted for a soldier to regret any one who has
                    fallen in the service of his country, I might be excused for lamenting him more
                    than any other person; but it is some consolation to those who tenderly loved
                    him, that, as his life was honourable, so was his death glorious. His memory
                    will be recorded in the annals of his country—will be sacred to every British
                    soldier—and embalmed in the recollection of a grateful posterity.” His remains
                    were conveyed on board Admiral Lord Keith’s flag-ship to Malta, attended by
                    Colonel Sir John Dyer, and were interred in the commandery of the grand master,
                    with the highest military honours. A monument to his memory was erected in St
                    Paul’s church, London, in pursuance of a vote of the House of Commons. His widow
                    was created a peeress, and a pension of L.2000 a-year for her and three lives
                    settled on the family. <hi rend="italic">( Gent. Mag.')</hi></p>
            </div>
        </body>
    </text>
</TEI>
