<?xml version="1.0" encoding="utf-8"?><?xml-model  href="https://TU-plogan.github.io/code/odd/tei_kp1.rng" type="application/xml" schematypens="http://relaxng.org/ns/structure/1.0"?>
<TEI xml:id="kp-eb0913-0736-0703-02" xml:lang="en" xmlns="http://www.tei-c.org/ns/1.0">
    <teiHeader>
        <fileDesc>
            <titleStmt xml:id="eb09_v1.1">
                <title level="a" type="main">JODHPUR</title>
                <title level="m" type="main">Encyclopaedia Britannica: A machine-readable
                    transcription</title>
                <title level="m" type="sub">9th edition, volume 13, page 703</title>
                <editor>Edited by <persName ref="https://orcid.org/0000-0003-2362-8282"
                    role="editor" xml:id="pml">Peter Melville Logan</persName></editor>
                <respStmt>
                    <orgName xml:id="kp">Nineteenth-Century Knowledge Project Staff,
                        <affiliation>Temple University</affiliation></orgName>
                    <resp>OCR transcription and data management</resp>
                </respStmt>
                <respStmt>
                    <persName ref="https://orcid.org/0000-0001-7819-5360" xml:id="jg">Jane
                        Greenberg, <affiliation>Metadata Research Center, Drexel
                        University</affiliation></persName>
                    <resp>metadata development</resp>
                </respStmt>
                <respStmt>
                    <persName xml:id="dk">Don Kretz, <affiliation>Distributed
                        Proofreading</affiliation></persName>
                    <resp>data management</resp>
                </respStmt>
                <funder><orgName ref="http://viaf.org/viaf/137796012" xml:id="neh">National
                    Endowment for the Humanities</orgName></funder>
                <funder><orgName ref="http://viaf.org/viaf/121974598" xml:id="imls">Institute of
                    Museum and Library Services</orgName></funder>
                <funder><orgName ref="http://viaf.org/viaf/127396206" xml:id="tu">Temple
                    University</orgName></funder>
                <sponsor><orgName ref="http://viaf.org/viaf/3653147665869560670009" xml:id="cci"
                    >Drexel University, College of Computing &amp; Informatics</orgName></sponsor>
            </titleStmt>
            <editionStmt>
                <edition n="1.1">Version 1.1 <date when="2025">2025</date></edition>
            </editionStmt>
            <extent>486 MB; 17,775 XML files</extent>
            <publicationStmt>
                <publisher corresp="kp"><orgName corresp="kp">Nineteenth-Century Knowledge
                    Project</orgName><email>19kp@temple.edu</email><link
                    target="https://github.com/TU-plogan/KnowledgeProject"/></publisher>
                <availability status="free">
                    <p>Licensed under a Creative Commons Attribution 4.0 International License.</p>
                    <licence target="https://creativecommons.org/licenses/by/4.0/"> CC BY 4.0
                    </licence>
                </availability>
                <date when="2025">2025</date>
            </publicationStmt>
            <seriesStmt>
                <title level="s">Encyclopaedia Britannica: A machine-readable transcription</title>
                <editor corresp="pml">Peter Melville Logan</editor>
            </seriesStmt>
            <sourceDesc>
                <biblFull xml:lang="en">
                    <titleStmt>
                        <title level="m">Encyclopaedia Britannica</title>
                        <editor><persName ref="http://viaf.org/viaf/12465694" xml:id="mn">Baynes, T.
                            Spencer (Thomas Spencer), <date from="1823" to="1887"
                            >1823-1887</date></persName></editor>
                    </titleStmt>
                    <editionStmt>
                        <edition>Ninth Edition</edition>
                    </editionStmt>
                    <extent><measure quantity="25" unit="vol">25 volumes</measure></extent>
                    <publicationStmt>
                        <publisher>Charles Scribner's Sons</publisher>
                        <authority>Authorized reprint from Edinburgh plates</authority>
                        <pubPlace>New York</pubPlace>
                        <date from="1875" to="1889">1875-1889</date>
                    </publicationStmt>
                    <sourceDesc>
                        <bibl xml:id="ia-uc"><title>Encyclopaedia Britannica: a dictionary of arts,
                            sciences, and general literature</title><publisher><orgName
                            ref="https://archive.org/">Internet Archive</orgName><orgName
                            ref="https://archive.org/details/cdl">University of California
                            Libraries, California Digital Library</orgName></publisher><date
                            when="2019">2006</date><idno type="OCLC">592355607</idno><idno
                            type="ark">13960/t0ks6j612</idno><availability>
                            <p>Internet Archive: NOT_IN_COPYRIGHT</p>
                            </availability></bibl>
                    </sourceDesc>
                </biblFull>
                <listBibl>
                    <head>Alternate image sources for this edition:</head>
                    <desc>Alternate images of the same print editions were substituted when the
                        primary source had unusable images for those pages.</desc>
                    <bibl xml:id="um-ht">Hathi Trust, from print source at the University of
                        Michigan: vol. 14, pp. 34-35; vol. 15, pp. 170-171.</bibl>
                </listBibl>
            </sourceDesc>
        </fileDesc>
        <encodingDesc>
            <editorialDecl>
                <ab><list rend="bulleted" type="basic">
                    <item>Encoding has been done using the recommendations for Level 3 of the "TEI
                        in Libraries Guidelines."</item>
                    <item>Individual entries and page-breaks are encoded, but column breaks are
                        omitted.</item>
                    <item>Print page headers and side descriptions are not included.</item>
                    <item>OCR successfully reproduced simple tables, but complex tabular data is not
                        captured dependably and the results should not be relied upon.</item>
                    <item>OCR was not able to successfully reproduce math and chemical formulas. The
                        uncorrected results remain in the text.</item>
                    <item>Some font formatting is preserved: <val>italic</val>,
                        <val>smallcaps</val>, <val>strikethrough</val>, <val>subscript</val>,
                        <val>superscript</val>, <val>underline</val>. The following print styles are
                        ignored: bold, font size, typeface.</item>
                    </list></ab>
                <correction method="markup" status="low">
                    <p>This electronic text file was created by optical character recognition (OCR).
                        OCR errors have not been corrected.</p>
                    <p>Illegible text in the original is indicated using <gi>unclear</gi> or
                        <gi>gap</gi>, as appropriate. If corrected, the reference source is
                        indicated with <gi>supplied</gi>.</p>
                </correction>
                <normalization method="silent">
                    <p>Original spelling is preserved. When noticed, obvious misspellings are
                        combined with the correct spelling as <gi>choice</gi> in the TEI. Ligatures
                        are reproduced as multiple letters. Original footnote and marginal note
                        sigla are replaced with sequential numbers for each entry.</p>
                </normalization>
                <punctuation marks="some">
                    <p>Extra space around punctuation marks is removed.</p>
                </punctuation>
                <quotation marks="some">
                    <p>Quotation marks are retained as content in the text. Redundant open quotation
                        marks at the start of lines inside block quotes are silently removed.</p>
                </quotation>
                <hyphenation eol="hard">
                    <p>Soft hyphens are silently removed.</p>
                </hyphenation>
                <segmentation>
                    <p>The <tag>div type="entry"</tag> element divides the text into individual
                        entries.</p>
                    <p>The <tag>div type="section"</tag> and <tag>div type="subsection"</tag>
                        elements are reserved for future entry subsections.</p>
                </segmentation>
            </editorialDecl>
            <tagsDecl>
                <namespace name="http://www.tei-c.org/ns/1.0">
                    <tagUsage gi="div">Unnumbered divs used.</tagUsage>
                </namespace>
            </tagsDecl>
            <projectDesc>
                <p>All text was encoded for the Nineteenth-Century Knowledge Project to provide a
                    machine-readable edition of the Encyclopedia Britannica to analyze using
                    machine-learning methods.</p>
                <p>Subject keywords are added to <gi>teiHeader</gi> for each entry; they were
                    generated by the HIVE2 automated vocabulary server, created by the Metadata
                    Research Center at Drexel University (<link
                    target="https://hive2.cci.drexel.edu"/>https://hive2.cci.drexel.edu).</p>
            </projectDesc>
            <samplingDecl>
                <p>This release reproduces the text matter for all entries. It does not include
                    images, front- or back-matter. The reproduction of tables and formulae is
                    unreliable. </p>
            </samplingDecl>
            <listPrefixDef>
                <prefixDef ident="fast" matchPattern="(\d+)"
                    replacementPattern="http://id.worldcat.org/fast/$1">
                    <p>URIs with the prefix <code>fastgeo:</code> point to terms in the OCLC FAST
                        (Faceted Application of Subject Terminology) Geographical subject heading
                        schema derived from the Library of Congress Subject Headings (LCSH).</p>
                </prefixDef>
                <prefixDef ident="fast" matchPattern="(\d+)"
                    replacementPattern="http://id.worldcat.org/fast/$1">
                    <p>URIs with the prefix <code>fasttopic:</code> point to terms in the OCLC FAST
                        (Faceted Application of Subject Terminology) Topical subject heading schema
                        derived from the Library of Congress Subject Headings (LCSH).</p>
                </prefixDef>
                <prefixDef ident="lcsh1910" matchPattern="(\w+)"
                    replacementPattern="https://n2t.net/ark:/99152/$1">
                    <p>URIs with the prefix <code>lcsh1910:</code> point to subject terms in <hi
                        rend="italic">Subject Headings Used in the Dictionary Catalogues of the
                        Library of Congress</hi>, 2 vols., Library of Congress, 1910.</p>
                </prefixDef>
                <prefixDef ident="ht" matchPattern="([\w\-\.;=\&#34;&amp;]+)"
                    replacementPattern="https://babel.hathitrust.org/cgi/pt?id=$1">
                    <p>URIs with the prefix <code>ht:</code> point to page images in the Hathi
                        Trust.</p>
                </prefixDef>
                <prefixDef ident="ia" matchPattern="(\w+)"
                    replacementPattern="https://archive.org/details/$1">
                    <p>URIs with the prefix <code>ia:</code> point to page images in the Internet
                        Archive.</p>
                </prefixDef>
                <prefixDef ident="nls" matchPattern="([\w?\=]+)"
                    replacementPattern="https://digital.nls.uk/encyclopaedia-britannica/archive/$1">
                    <p>URIs with the prefix <code>nls:</code> point to page images in the National
                        Library of Scotland.</p>
                </prefixDef>
            </listPrefixDef>
        </encodingDesc>
        <profileDesc>
            <textClass default="false">
                <keywords scheme="http://id.worldcat.org/fast/">
                    <term n="4" ref="fasttopic:839044">British</term>
                    <term n="1" ref="fasttopic:837525">Brahmanism</term>
                    <term n="1" ref="fasttopic:837522">Brahman</term>
                    <term n="1" ref="fasttopic:957175">Hindus</term>
                    <term n="1" ref="fasttopic:837534">Brahmans</term>
                    <term n="3" ref="fasttopic:1104215">Salt</term>
                    <term n="3" ref="fasttopic:850620">Cent</term>
                    <term n="3" ref="fasttopic:1171139">Water</term>
                    <term n="3" ref="fasttopic:1104337">Salts</term>
                    <term n="2" ref="fasttopic:931268">Foot</term>
                </keywords>
                <keywords scheme="http://id.worldcat.org/fast/">
                    <term n="1" ref="fastgeo:1210276">India</term>
                </keywords>
                <keywords scheme="https://id.cci.drexel.edu/">
                    <term n="1" ref="lcsh1910:b4qj77z92">Brahmanism</term>
                    <term n="1" ref="lcsh1910:b44q7qq38">Hindus</term>
                    <term n="4" ref="lcsh1910:b41j9770v">State</term>
                    <term n="3" ref="lcsh1910:b43b5w92m">Salts</term>
                    <term n="3" ref="lcsh1910:b4513v11w">Water</term>
                    <term n="3" ref="lcsh1910:b47h1dq72">Salt</term>
                    <term n="3" ref="lcsh1910:b43n20g03">Cent</term>
                </keywords>
            </textClass>
        </profileDesc>
        <revisionDesc status="published">
            <listChange>
                <change status="public" when="2025-08-15" who="#pml">v1.1. Isolates one entry;
                    corrects "B.c." and variants; replaces "bom" with "born", removed 783 instances
                    of extra space before semicolon. Separates metadata in <gi>teiHeader</gi> into
                    two separate facets: FAST Topical and FAST Geographical.</change>
                <change status="public" when="2023-02-28" who="#pml">v.1 published</change>
                <change status="public" when="2023-02-27" who="#pml">v.1 teiHeader XSL
                    finished</change>
            </listChange>
        </revisionDesc>
    </teiHeader>
    <text>
        <body>
            <div facs="ia:encyclopediabrit13newyrich/page/n736/mode/1up" type="entry">
                <p><label type="entry">JODHPUR</label>, also called <hi rend="smallcaps"
                    >Mλrwλr,</hi> a native state in Râjputâna, India, situated between 24° 36' and
                    27’ 42' N. lat., and between 70° 6' and 75° 24' E. long. It is bounded on the N.
                    by Bikaner and Jeypore states, on the E. by Jeypore and Kishangarh, on the S. by
                    Sirohi and Pâlanpur states, and on the W. by the Rann of Kachchh (Runn of Cutch)
                    and the British district of Thar and Pârkar in Sind. The general aspect of the
                    country is that of a sandy plain, divided into two unequal parts by the river
                    Lτini, and dotted with bold and picturesque conical hills, attaining in places
                    an elevation rising to 3000 feet. The river Lùni is the principal feature in the
                    physical aspects of Jodhpur. It takes its rise in the sacred lake of Pushkar in
                    Ajmere, and flows through Jodhpur in a south-westerly direction till it is
                    finally lost in the marshy ground at the head of the Runn of Cutch. It is-fed by
                    numerous tributaries and occasionally overflows its banks, fine crops of wheat
                    and barley being grown on the saturated soil. Its water is, as a rule, saline or
                    brackish, but comparatively sweet water is obtained from wells sunk at a
                    distance of 20 or 30 yards from the river bank. The famous salt-lake of Sarabhar
                    is situated on the borders of Jodhpur and Jeypore, and two smaller lakes of the
                    same description lie within the limits of the district, from which large
                    quantities of salt are annually extracted. Zinc is also obtained in considerable
                    quantities, and marble is mined in the north of the state, and along the
                    south-east border.</p>
                <p>The population consists of Rahtor Râjputs (who form the ruling class), Charans,
                    Bhâts, Jâts, Bishnawis, Minas, Bhils, and Bauris, with a small proportion of
                    Mahometans. The Charans, a sacred race, hold large religious grants of land, and
                    enjoy peculiar immunities as traders in local produce. The Bhâts are by
                    profession genealogists, but also engage in trade. The Minas, Bauris, and Bhils
                    are predatory classes, but are employed in menial capacities. The Mahometans are
                    principally soldiers. The natives, as a race, are enterprising and industrious,
                    but the agricultural classes have to undergo great privations from poor food,
                    and often bad water. Märwari traders are to be found throughout the length and
                    breadth of the peninsula. No census of the population has ever been taken, but
                    it has roughly been estimated at about 2,850,000, of whom 86 per cent, are said
                    to be Hindus, 10 per cent. Jains, and 4 per cent. Mahometans.</p>
                <p>The principal crops are pulses and millets, but wheat and barley are largely
                    produced in the fertile tract watered by the Luni river. The manufactures
                    comprise leather boxes and brass utensils; and turbans and scarfs and a
                    description of embroidered silk knotted thread are specialities of the country.
                    A large proportion of the population can read and write Hindi, including most
                    ladies of good birth, which is believed to be peculiar to this state. Jodhpur
                    town contains two good schools, one for the sons of chiefs and the higher
                    classes, and the other for the children of tradespeople downwards. Every large
                    village also has a school of its own, in which the vernacular is taught.</p>
                <p>The maharaja belongs to the Rahtor clan of Rajputs. The local historians relate
                    that after the downfall of the Rahtor dynasty of Kanauj in 1194 at Sivaji, the
                    grandson of Jai Ch⅛nd, the last king of Kanauj, entered Marwâr on a pilgrimage
                    to Dwarka, and on halting at the town of Pâli he and his followers settled there
                    to protect the Brahman community from the constant raids of marauding bands. The
                    Rahtor chief thus laid the foundation of the state, but it was not till the time
                    of Râo Chanda, the tenth in succession from Sivaji, that Mârwâr was actually
                    conquered. His grandson Jodha founded the city of Jodhpur, which he made his <pb
                    break="no" facs="ia:encyclopediabrit13newyrich/page/n737/mode/1up"
                    xml:id="kp-eb0913-0737-0704"/> capital. In 1561 the country was invaded by
                    Akbar, and the chief was forced to submit, and to send his son as a mark of
                    homage to take service under the Mughal emperor. When this son Udai Sinh
                    succeeded to the chiefship, he gave his sister Jodhbai in marriage to Akbar, and
                    was rewarded by the restoration of most of his former possessions. Udâi Sinh’s
                    son, Raja Geve Sinh, held high service under Akbar, and conducted successful
                    expeditions in Guzerat and the Deccan. The bigoted and intolerant Aurangzeb
                    invaded Marwar in 1679, plundered Jodhpur, sacked all the large towns, and
                    commanded the conversion of the Rahtors to Mahometanism. This cemented all the
                    Rajput clans into a bond of union, and a triple alliance was formed by the three
                    states of Jodhpur, Udaipur, and Jeypore, to throw off the Mahometan joke. One of
                    the conditions of this alliance was that the chiefs of Jodhpur and Jeypore
                    should regain the privilege of marriage with the Udaipur family, which they had
                    forfeited by contracting alliances with the Mughal emperors, on the
                    understanding that the offspring of Udaipur princesses should succeed to the
                    state in preference to all other children. The quarrels arising from this
                    stipulation lasted through many generations, and led to the invitation of
                    Marhattâ help from the rival aspirants to power, and finally to the subjection
                    of all the Rajput states to the Marhattas. Jodhpur was conquered by Sindhia, who
                    levied from it a tribute of £60,000, and took from it the fort and town of
                    Ajmere. Internecine disputes and succession wars disturbed the peace of the
                    early years of the century, until in January 1818 Jodhpur was taken under ·
                    British protection. In 1839 the misgovernment of the raja led to an insurrection
                    which compelled the interference of the British, and Jodhpur was held in
                    military occupation for five months, until the raj&lt;i entered into engagements
                    for the future good government of his subjects. In 1843 the chief having died
                    without a son, and without having adopted an heir, the nobles and state
                    officials were left to select a successor from the nearest of kin. Their choice
                    fell upon Raja Takht Sinh, chief of Ahmadnagar. This chief, who did good service
                    during the mutiny, died in 1873. The constitution of Jodhpur may be described as
                    a tribal suzerainty rapidly passing into the feudal stage. The <hi rend="italic"
                    >pattait</hi> or tribal chief is the ruler of his estate, and the judge almost
                    exclusively in all matters of civil and criminal jurisdiction over his people.
                    These chiefs owe military service to their suzerain, and exact the same from
                    their dependants, to whom assignments of land have been made, and who form their
                    following—the whole constituting the following of the suzerain himself. The
                    maharaja alone has the power of life and death. The revenue of the state is
                    mainly derived from the land, salt, and customs duties, a cess imposed on the
                    feudatory nobles, succession dues, &amp;c., estimated at a total of about
                    £250,000 a year. The state pays a tribute to the British of £9800 a year,
                    besides an annual payment of £11,500 for the support of a contingent—the
                    Erinpura Irregular Force. The maharaja also maintains an independent military
                    force of 20 field and 250 other guns, 200 gunners, 3545 cavalry, and 5020
                    infantry.</p>
                <p><hi rend="smallcaps">Jodhpur,</hi> the capital of the above state, in 26° 17' N.
                    lat. and 73° 4' E. long., was built by Rào Jodha in 1549, and from that time has
                    been the seat of government of the principality. It is surrounded by a strong
                    wall nearly 6 miles in extent, with seventy gates. The fort stands on an
                    isolated rock, and contains the mahârâjâ’s palace, a large and handsome
                    building, completely covering the crest of the hill on which it stands, and
                    overlooking the city, which lies several hundred feet below. The city contains
                    many handsome buildings—palaces of the mahârâjâ, and town residences of the <hi
                    rend="italic">thàkurs</hi> or nobles, besides numerous fine temples and tanks.
                    Building stone is plentiful, and close at hand, and the architecture solid and
                    handsome. Three miles north from Jodhpur are the ruins of Mandor, the site of
                    the ancient capital of the Purihar princes of Mârwâr, prior to its conquest by
                    the Rahtors.</p>
            </div>
        </body>
    </text>
</TEI>
