<?xml version="1.0" encoding="utf-8"?><?xml-model  href="https://TU-plogan.github.io/code/odd/tei_kp1.rng" type="application/xml" schematypens="http://relaxng.org/ns/structure/1.0"?>
<TEI xml:id="kp-eb0913-0646-0619-02" xml:lang="en" xmlns="http://www.tei-c.org/ns/1.0">
    <teiHeader>
        <fileDesc>
            <titleStmt xml:id="eb09_v1.1">
                <title level="a" type="main">JEHOVAH</title>
                <title level="m" type="main">Encyclopaedia Britannica: A machine-readable
                    transcription</title>
                <title level="m" type="sub">9th edition, volume 13, page 619</title>
                <editor>Edited by <persName ref="https://orcid.org/0000-0003-2362-8282"
                    role="editor" xml:id="pml">Peter Melville Logan</persName></editor>
                <respStmt>
                    <orgName xml:id="kp">Nineteenth-Century Knowledge Project Staff,
                        <affiliation>Temple University</affiliation></orgName>
                    <resp>OCR transcription and data management</resp>
                </respStmt>
                <respStmt>
                    <persName ref="https://orcid.org/0000-0001-7819-5360" xml:id="jg">Jane
                        Greenberg, <affiliation>Metadata Research Center, Drexel
                        University</affiliation></persName>
                    <resp>metadata development</resp>
                </respStmt>
                <respStmt>
                    <persName xml:id="dk">Don Kretz, <affiliation>Distributed
                        Proofreading</affiliation></persName>
                    <resp>data management</resp>
                </respStmt>
                <funder><orgName ref="http://viaf.org/viaf/137796012" xml:id="neh">National
                    Endowment for the Humanities</orgName></funder>
                <funder><orgName ref="http://viaf.org/viaf/121974598" xml:id="imls">Institute of
                    Museum and Library Services</orgName></funder>
                <funder><orgName ref="http://viaf.org/viaf/127396206" xml:id="tu">Temple
                    University</orgName></funder>
                <sponsor><orgName ref="http://viaf.org/viaf/3653147665869560670009" xml:id="cci"
                    >Drexel University, College of Computing &amp; Informatics</orgName></sponsor>
            </titleStmt>
            <editionStmt>
                <edition n="1.1">Version 1.1 <date when="2025">2025</date></edition>
            </editionStmt>
            <extent>486 MB; 17,775 XML files</extent>
            <publicationStmt>
                <publisher corresp="kp"><orgName corresp="kp">Nineteenth-Century Knowledge
                    Project</orgName><email>19kp@temple.edu</email><link
                    target="https://github.com/TU-plogan/KnowledgeProject"/></publisher>
                <availability status="free">
                    <p>Licensed under a Creative Commons Attribution 4.0 International License.</p>
                    <licence target="https://creativecommons.org/licenses/by/4.0/"> CC BY 4.0
                    </licence>
                </availability>
                <date when="2025">2025</date>
            </publicationStmt>
            <seriesStmt>
                <title level="s">Encyclopaedia Britannica: A machine-readable transcription</title>
                <editor corresp="pml">Peter Melville Logan</editor>
            </seriesStmt>
            <sourceDesc>
                <biblFull xml:lang="en">
                    <titleStmt>
                        <title level="m">Encyclopaedia Britannica</title>
                        <editor><persName ref="http://viaf.org/viaf/12465694" xml:id="mn">Baynes, T.
                            Spencer (Thomas Spencer), <date from="1823" to="1887"
                            >1823-1887</date></persName></editor>
                    </titleStmt>
                    <editionStmt>
                        <edition>Ninth Edition</edition>
                    </editionStmt>
                    <extent><measure quantity="25" unit="vol">25 volumes</measure></extent>
                    <publicationStmt>
                        <publisher>Charles Scribner's Sons</publisher>
                        <authority>Authorized reprint from Edinburgh plates</authority>
                        <pubPlace>New York</pubPlace>
                        <date from="1875" to="1889">1875-1889</date>
                    </publicationStmt>
                    <sourceDesc>
                        <bibl xml:id="ia-uc"><title>Encyclopaedia Britannica: a dictionary of arts,
                            sciences, and general literature</title><publisher><orgName
                            ref="https://archive.org/">Internet Archive</orgName><orgName
                            ref="https://archive.org/details/cdl">University of California
                            Libraries, California Digital Library</orgName></publisher><date
                            when="2019">2006</date><idno type="OCLC">592355607</idno><idno
                            type="ark">13960/t0ks6j612</idno><availability>
                            <p>Internet Archive: NOT_IN_COPYRIGHT</p>
                            </availability></bibl>
                    </sourceDesc>
                </biblFull>
                <listBibl>
                    <head>Alternate image sources for this edition:</head>
                    <desc>Alternate images of the same print editions were substituted when the
                        primary source had unusable images for those pages.</desc>
                    <bibl xml:id="um-ht">Hathi Trust, from print source at the University of
                        Michigan: vol. 14, pp. 34-35; vol. 15, pp. 170-171.</bibl>
                </listBibl>
            </sourceDesc>
        </fileDesc>
        <encodingDesc>
            <editorialDecl>
                <ab><list rend="bulleted" type="basic">
                    <item>Encoding has been done using the recommendations for Level 3 of the "TEI
                        in Libraries Guidelines."</item>
                    <item>Individual entries and page-breaks are encoded, but column breaks are
                        omitted.</item>
                    <item>Print page headers and side descriptions are not included.</item>
                    <item>OCR successfully reproduced simple tables, but complex tabular data is not
                        captured dependably and the results should not be relied upon.</item>
                    <item>OCR was not able to successfully reproduce math and chemical formulas. The
                        uncorrected results remain in the text.</item>
                    <item>Some font formatting is preserved: <val>italic</val>,
                        <val>smallcaps</val>, <val>strikethrough</val>, <val>subscript</val>,
                        <val>superscript</val>, <val>underline</val>. The following print styles are
                        ignored: bold, font size, typeface.</item>
                    </list></ab>
                <correction method="markup" status="low">
                    <p>This electronic text file was created by optical character recognition (OCR).
                        OCR errors have not been corrected.</p>
                    <p>Illegible text in the original is indicated using <gi>unclear</gi> or
                        <gi>gap</gi>, as appropriate. If corrected, the reference source is
                        indicated with <gi>supplied</gi>.</p>
                </correction>
                <normalization method="silent">
                    <p>Original spelling is preserved. When noticed, obvious misspellings are
                        combined with the correct spelling as <gi>choice</gi> in the TEI. Ligatures
                        are reproduced as multiple letters. Original footnote and marginal note
                        sigla are replaced with sequential numbers for each entry.</p>
                </normalization>
                <punctuation marks="some">
                    <p>Extra space around punctuation marks is removed.</p>
                </punctuation>
                <quotation marks="some">
                    <p>Quotation marks are retained as content in the text. Redundant open quotation
                        marks at the start of lines inside block quotes are silently removed.</p>
                </quotation>
                <hyphenation eol="hard">
                    <p>Soft hyphens are silently removed.</p>
                </hyphenation>
                <segmentation>
                    <p>The <tag>div type="entry"</tag> element divides the text into individual
                        entries.</p>
                    <p>The <tag>div type="section"</tag> and <tag>div type="subsection"</tag>
                        elements are reserved for future entry subsections.</p>
                </segmentation>
            </editorialDecl>
            <tagsDecl>
                <namespace name="http://www.tei-c.org/ns/1.0">
                    <tagUsage gi="div">Unnumbered divs used.</tagUsage>
                </namespace>
            </tagsDecl>
            <projectDesc>
                <p>All text was encoded for the Nineteenth-Century Knowledge Project to provide a
                    machine-readable edition of the Encyclopedia Britannica to analyze using
                    machine-learning methods.</p>
                <p>Subject keywords are added to <gi>teiHeader</gi> for each entry; they were
                    generated by the HIVE2 automated vocabulary server, created by the Metadata
                    Research Center at Drexel University (<link
                    target="https://hive2.cci.drexel.edu"/>https://hive2.cci.drexel.edu).</p>
            </projectDesc>
            <samplingDecl>
                <p>This release reproduces the text matter for all entries. It does not include
                    images, front- or back-matter. The reproduction of tables and formulae is
                    unreliable. </p>
            </samplingDecl>
            <listPrefixDef>
                <prefixDef ident="fast" matchPattern="(\d+)"
                    replacementPattern="http://id.worldcat.org/fast/$1">
                    <p>URIs with the prefix <code>fastgeo:</code> point to terms in the OCLC FAST
                        (Faceted Application of Subject Terminology) Geographical subject heading
                        schema derived from the Library of Congress Subject Headings (LCSH).</p>
                </prefixDef>
                <prefixDef ident="fast" matchPattern="(\d+)"
                    replacementPattern="http://id.worldcat.org/fast/$1">
                    <p>URIs with the prefix <code>fasttopic:</code> point to terms in the OCLC FAST
                        (Faceted Application of Subject Terminology) Topical subject heading schema
                        derived from the Library of Congress Subject Headings (LCSH).</p>
                </prefixDef>
                <prefixDef ident="lcsh1910" matchPattern="(\w+)"
                    replacementPattern="https://n2t.net/ark:/99152/$1">
                    <p>URIs with the prefix <code>lcsh1910:</code> point to subject terms in <hi
                        rend="italic">Subject Headings Used in the Dictionary Catalogues of the
                        Library of Congress</hi>, 2 vols., Library of Congress, 1910.</p>
                </prefixDef>
                <prefixDef ident="ht" matchPattern="([\w\-\.;=\&#34;&amp;]+)"
                    replacementPattern="https://babel.hathitrust.org/cgi/pt?id=$1">
                    <p>URIs with the prefix <code>ht:</code> point to page images in the Hathi
                        Trust.</p>
                </prefixDef>
                <prefixDef ident="ia" matchPattern="(\w+)"
                    replacementPattern="https://archive.org/details/$1">
                    <p>URIs with the prefix <code>ia:</code> point to page images in the Internet
                        Archive.</p>
                </prefixDef>
                <prefixDef ident="nls" matchPattern="([\w?\=]+)"
                    replacementPattern="https://digital.nls.uk/encyclopaedia-britannica/archive/$1">
                    <p>URIs with the prefix <code>nls:</code> point to page images in the National
                        Library of Scotland.</p>
                </prefixDef>
            </listPrefixDef>
        </encodingDesc>
        <profileDesc>
            <textClass default="false">
                <keywords scheme="https://id.cci.drexel.edu/">
                    <term n="1" ref="lcsh1910:b4x34mt4n">Jews</term>
                    <term n="1" ref="lcsh1910:b4gf0n36h">Pentateuch</term>
                    <term n="1" ref="lcsh1910:b4hd7p16n">Samaritans</term>
                    <term n="2" ref="lcsh1910:b41v5bf9q">God</term>
                    <term n="1" ref="lcsh1910:b4ws8hn48">Mothers</term>
                    <term n="1" ref="lcsh1910:b49g5gh4j">Names</term>
                    <term n="1" ref="lcsh1910:b4kk94g8x">Religion</term>
                    <term n="1" ref="lcsh1910:b4x05xf77">Criticism</term>
                </keywords>
                <keywords scheme="http://id.worldcat.org/fast/">
                    <term n="1" ref="fastgeo:1204236">Israel</term>
                </keywords>
                <keywords scheme="http://id.worldcat.org/fast/">
                    <term n="1" ref="fasttopic:1104504">Samaritans</term>
                    <term n="1" ref="fasttopic:916820">Europeans</term>
                    <term n="1" ref="fasttopic:819237">Assyrians</term>
                    <term n="1" ref="fasttopic:983135">Jews</term>
                    <term n="2" ref="fasttopic:944037">God</term>
                    <term n="2" ref="fasttopic:944223">Gods</term>
                    <term n="1" ref="fasttopic:1166896">Views</term>
                    <term n="1" ref="fasttopic:883769">Critics</term>
                </keywords>
            </textClass>
        </profileDesc>
        <revisionDesc status="published">
            <listChange>
                <change status="public" when="2025-08-15" who="#pml">v1.1. Isolates one entry;
                    corrects "B.c." and variants; replaces "bom" with "born", removed 783 instances
                    of extra space before semicolon. Separates metadata in <gi>teiHeader</gi> into
                    two separate facets: FAST Topical and FAST Geographical.</change>
                <change status="public" when="2023-02-28" who="#pml">v.1 published</change>
                <change status="public" when="2023-02-27" who="#pml">v.1 teiHeader XSL
                    finished</change>
            </listChange>
        </revisionDesc>
    </teiHeader>
    <text>
        <body>
            <div facs="ia:encyclopediabrit13newyrich/page/n646/mode/1up" type="entry">
                <p><label type="entry">JEHOVAH</label> is the current European transcription of the
                    sacred tetragrammaton ∏ι∏*. This was punctuated by the Massorets with the vowels
                    <hi rend="italic">ë</hi> (for d), <hi rend="italic">o</hi><hi rend="italic
                    subscript"> l</hi><hi rend="italic">a</hi> of the word Adonai which the later
                    Jews habitually substituted in reading the ineffable name. It is now generally
                    agreed that Jahwé (Yahwé) is the true pronunciation, a conclusion which is
                    supported not only by the linguistic argument derived from the fact that the
                    various contracted forms in which the name appears, either separately (Jah) or
                    in compound proper names (Jô, Jδho, Jâhu) are all reducible to Jahw, but also by
                    the testimony of ancient tradition (thus Theodoret ascribes the pronunciation
                    <hi rend="italic">'}αβε</hi> to the Samaritans, Epiphanius gives Ια∕3ε or <hi
                    rend="superscript"> ,</hi> Iaυε, and Clement apparently Ιαoυe). Etymologically,
                    Jahwé may be regarded as the imperfect either of Qal or Hiphil of m∏; the former
                    view seems to be that taken in the Pentateuch, but many critics now incline to
                    the other, according to which the name may be translated as meaning “He who
                    causes to be.” It seems to have come to be invested with new and richer meanings
                    as the religion of Israel developed in spirituality and depth; but as the name
                    of the national deity it must have been older than the time of Moses; at least
                    the name of the mother of Moses is compounded with it. It is conceivable that in
                    the earliest period of its history the word was not associated with any idea so
                    high even as that of “creator the Hiphil of ∏i∏ in the Aramaic sense of “fall”
                    would give “he who causes (rain or lightning) to fall” as the nearest approach
                    to the original meaning. For the later sense of the name Exod. iii. 14 is the
                    <hi rend="italic">locus</hi><hi rend="italic">classicus.</hi> The Palestinian
                    tradition finds in this verse the assertion of God’s eternity (comp. Rev. i. 8);
                    the Alexandrian exegesis refers it to his absolute existence. More probably the
                    vague “I will be what I will be” (the emphasis lying on the first .verb as in
                    Exod. xxxiii. 19) is used to convey the idea of that all-sufficiency of God’s
                    grace which is wider than the widest faith (comp. Hos. i. 6, 7).</p>
                <p>The literature of the subject is immense. Of older books it is enough to refer to
                    the <hi rend="italic">Beeαs</hi><hi rend="italic">Exercitationum</hi> collected
                    by Reland (Utrecht, 1707); for the latest aspects of the questions involved, see
                    Gesenius, <hi rend="italic">Thes., s.υ.∙,</hi> Ewald, <hi rend="italic"
                    >Oesch.,</hi> ii. 121 <hi rend="italic">sq.</hi>; Lagarde, <hi rend="italic"
                    >Ρsalt. Hιeron.</hi> (1874), p. 153 <hi rend="italic">sq.,</hi> and <hi
                    rend="italic">Orientalia,</hi> ii. 27 <hi rend="italic">sq.;</hi> Schrader in
                    Schenkels <hi rend="italic">Bib. Lex., s.v.</hi> “Jahve”; W. Aldis Wright in <hi
                    rend="italic">Joum. ofPhilol.,</hi> iv. p. 70. Against recent proposals to
                    identify Jahwé with non-Israelite deities, see Baudissin, <hi rend="italic"
                    >Studien,</hi> i. (Leipsic, 1876); and in favour of derivation from an Assyrian
                    form of the Divine name <hi rend="italic">ia-u</hi> (Acca&lt;jian <hi
                    rend="italic">i),</hi> see Delitzsch, <hi rend="italic">Wo</hi><hi rend="italic"
                    >lag</hi><hi rend="italic">das Paradies,</hi></p>
                <p>р. 158 <hi rend="italic">sq.,</hi> Leipsic, 1881. A summary of recent discussion
                    is given by W. Robertson Smith in <hi rend="italic">Brit, and For. Erang.
                    Rev..</hi> January 1876.</p>
            </div>
        </body>
    </text>
</TEI>
