<?xml version="1.0" encoding="utf-8"?><?xml-model  href="https://TU-plogan.github.io/code/odd/tei_kp1.rng" type="application/xml" schematypens="http://relaxng.org/ns/structure/1.0"?>
<TEI xml:id="kp-eb0712-4237-0495-09" xml:lang="en" xmlns="http://www.tei-c.org/ns/1.0">
    <teiHeader>
        <fileDesc>
            <titleStmt xml:id="eb07_v3.0">
                <title level="a" type="main">JAINS</title>
                <title level="m" type="main">Encyclopaedia Britannica: A machine-readable
                    transcription</title>
                <title level="m" type="sub">7th edition, volume 12, page 495</title>
                <editor>Edited by <persName ref="https://orcid.org/0000-0003-2362-8282"
                    role="editor" xml:id="pml">Peter Melville Logan</persName></editor>
                <respStmt>
                    <orgName xml:id="kp">Nineteenth-Century Knowledge Project Staff,
                        <affiliation>Temple University</affiliation></orgName>
                    <resp>OCR transcription and data management</resp>
                </respStmt>
                <respStmt>
                    <persName ref="https://orcid.org/0000-0001-7819-5360" xml:id="jg">Jane
                        Greenberg, <affiliation>Metadata Research Center, Drexel
                        University</affiliation></persName>
                    <resp>metadata development</resp>
                </respStmt>
                <respStmt>
                    <persName xml:id="dk">Don Kretz, <affiliation>Distributed
                        Proofreading</affiliation></persName>
                    <resp>data management</resp>
                </respStmt>
                <funder><orgName ref="http://viaf.org/viaf/137796012" xml:id="neh">National
                    Endowment for the Humanities</orgName></funder>
                <funder><orgName ref="http://viaf.org/viaf/121974598" xml:id="imls">Institute of
                    Museum and Library Services</orgName></funder>
                <funder><orgName ref="http://viaf.org/viaf/127396206" xml:id="tu">Temple
                    University</orgName></funder>
                <sponsor><orgName ref="http://viaf.org/viaf/3653147665869560670009" xml:id="cci"
                    >Drexel University, College of Computing &amp; Informatics</orgName></sponsor>
            </titleStmt>
            <editionStmt>
                <edition n="3.0">Version 3.0<date when="2024">2024</date></edition>
            </editionStmt>
            <extent>464 MB; 21,116 XML files </extent>
            <publicationStmt>
                <publisher corresp="kp"><orgName corresp="kp">Nineteenth-Century Knowledge
                    Project</orgName><email>nckp@temple.edu</email><link
                    target="https://github.com/TU-plogan/KnowledgeProject"/></publisher>
                <availability status="free">
                    <p>Licensed under a Creative Commons Attribution 4.0 International License.</p>
                    <licence target="https://creativecommons.org/licenses/by/4.0/"> CC BY 4.0
                    </licence>
                </availability>
                <date when="2024">2024</date>
            </publicationStmt>
            <seriesStmt>
                <title level="s">Encyclopaedia Britannica: A machine-readable transcription</title>
                <editor corresp="pml">Peter Melville Logan</editor>
            </seriesStmt>
            <sourceDesc>
                <biblFull xml:lang="en">
                    <titleStmt>
                        <title level="m">Encyclopaedia Britannica</title>
                        <editor><persName ref="http://viaf.org/viaf/79392506" xml:id="mn">Napier,
                            Macvey, 1776-1847</persName></editor>
                    </titleStmt>
                    <editionStmt>
                        <edition>Seventh Edition</edition>
                    </editionStmt>
                    <extent><measure quantity="21" unit="vol">21 volumes</measure></extent>
                    <publicationStmt>
                        <publisher>Adam and Charles Black</publisher>
                        <pubPlace>Edinburgh</pubPlace>
                        <date from="1830" to="1842">1830-1842</date>
                    </publicationStmt>
                    <sourceDesc>
                        <bibl xml:id="NLS"><title>Seventh edition - Encyclopaedia Britannica
                            [190218838]</title><publisher><orgName
                            ref="https://digital.nls.uk/encyclopaedia-britannica/archive/190218838"
                            >National Library of Scotland</orgName></publisher><date when="2019"
                            >2019</date><idno type="DOI">https://doi.org/10.34812/cg4r-dn40</idno><availability>
                            <p>National Library of Scotland License: CC BY 4.0</p>
                            <licence target="https://creativecommons.org/licenses/by/4.0/">CC BY 4.0
                            </licence>
                            </availability></bibl>
                    </sourceDesc>
                </biblFull>
                <listBibl>
                    <head>Alternate image sources for this edition:</head>
                    <bibl xml:id="UW-HT">Hathi Trust, from print source at the University of
                        Wisconsin: vol. 9, pp. 29, 31, 32, 36, 37, 39, 41, 48, 50-55, 57, 59, 62,
                        63, 66, 67, 69-71, 76, 88; vol. 19 (all).</bibl>
                    <bibl xml:id="UCH-HT">Hathi Trust, from print source at the University of
                        Chicago: vol. 10, pp. 7-10; vols. 20, 21 (all).</bibl>
                </listBibl>
            </sourceDesc>
        </fileDesc>
        <encodingDesc>
            <editorialDecl>
                <ab><list rend="bulleted" type="basic">
                    <item>Encoding has been done using the recommendations for Level 3 of the "TEI
                        in Libraries Guidelines."</item>
                    <item>Individual entries and page-breaks are encoded, but column breaks are
                        omitted.</item>
                    <item>Print page headers and side descriptions are not included.</item>
                    <item>OCR successfully reproduced simple tables, but complex tabular data is not
                        captured dependably and the results should not be relied upon.</item>
                    <item>OCR was not able to successfully reproduce math and chemical formulas. The
                        uncorrected results remain in the text.</item>
                    <item>Some font formatting is preserved: <val>italic</val>,
                        <val>smallcaps</val>, <val>strikethrough</val>, <val>subscript</val>,
                        <val>superscript</val>, <val>underline</val>. The following print styles are
                        ignored: bold, font size, typeface.</item>
                    </list></ab>
                <correction method="markup" status="low">
                    <p>This electronic text file was created by optical character recognition (OCR).
                        Some OCR errors have been corrected.</p>
                    <p>Illegible text in the original is indicated using <gi>unclear</gi> or
                        <gi>gap</gi>, as appropriate. If corrected, the reference source is
                        indicated with <gi>supplied</gi>.</p>
                    <p>Some volumes of the print edition substituted "c" for "e" letters across
                        multiple pages. These are silently corrected.</p>
                </correction>
                <normalization method="silent">
                    <p>Original spelling is preserved. When noticed, obvious misspellings are
                        combined with the correct spelling as <gi>choice</gi> in the TEI. Ligatures
                        are reproduced as multiple letters. Original footnote and marginal note
                        sigla are replaced with sequential numbers for each entry.</p>
                </normalization>
                <punctuation marks="some">
                    <p>Extra space around punctuation marks is removed.</p>
                    <p>Ordinal numbers, such as 1st, 2ndly, etc., are inconsistently italicized in
                        the printed text; they are normalized as roman throughout.</p>
                </punctuation>
                <quotation marks="some">
                    <p>Quotation marks are retained as content in the text. Redundant open quotation
                        marks at the start of lines inside block quotes are silently removed.</p>
                </quotation>
                <hyphenation eol="hard">
                    <p>Soft hyphens are silently removed.</p>
                </hyphenation>
                <segmentation>
                    <p>The <tag>div type="entry"</tag> element divides the text into individual
                        entries.</p>
                    <p>The <tag>div type="section"</tag> and <tag>div type="subsection"</tag>
                        elements are reserved for entry subsections, but their inclusion is largely
                        aspirational.</p>
                </segmentation>
            </editorialDecl>
            <tagsDecl>
                <namespace name="http://www.tei-c.org/ns/1.0">
                    <tagUsage gi="div">Unnumbered <gi>div</gi> tags are used throughout.</tagUsage>
                </namespace>
            </tagsDecl>
            <projectDesc>
                <p>All text was encoded for the Nineteenth-Century Knowledge Project to provide a
                    machine-readable edition of the Encyclopedia Britannica to analyze using
                    machine-learning methods.</p>
                <p>Subject keywords are added to <gi>teiHeader</gi> for each entry; they were
                    generated by the HIVE2 automated vocabulary server, created by the Metadata
                    Research Center at Drexel University (<link
                    target="https://hive2.cci.drexel.edu"/>https://hive2.cci.drexel.edu).</p>
            </projectDesc>
            <samplingDecl>
                <p>This release reproduces the text matter for all entries. It does not include
                    images, front- or back-matter. It omits volume 1, which consists of
                    "Dissertations" rather than entries. The reproduction of tables and formulae is
                    unreliable. </p>
            </samplingDecl>
            <listPrefixDef>
                <prefixDef ident="fastgeo" matchPattern="(\d+)"                     replacementPattern="http://id.worldcat.org/fast/$1">                     <p>URIs with the prefix <code>fastgeo:</code> point to terms in the OCLC FAST
                        (Faceted Application of Subject Terminology) Geographical subject heading
                        schema derived from the Library of Congress Subject Headings (LCSH).</p>
                </prefixDef>
                <prefixDef ident="fastgeo" matchPattern="(\d+)"
                    replacementPattern="http://id.worldcat.org/fast/$1">
                    <p>URIs with the prefix <code>fasttopic:</code> point to terms in the OCLC FAST
                        (Faceted Application of Subject Terminology) Topical subject heading schema
                        derived from the Library of Congress Subject Headings (LCSH).</p>
                </prefixDef>
                <prefixDef ident="lcsh1910" matchPattern="(\w+)"
                    replacementPattern="https://n2t.net/ark:/99152/$1">
                    <p>URIs with the prefix <code>lcsh1910:</code> point to subject terms in <hi
                        rend="italic">Subject Headings Used in the Dictionary Catalogues of the
                        Library of Congress</hi>, 2 vols., Library of Congress, 1910.</p>
                </prefixDef>
                <prefixDef ident="ht" matchPattern="([\w\-\.;=\&#34;&amp;]+)"
                    replacementPattern="https://babel.hathitrust.org/cgi/pt?id=$1">
                    <p>URIs with the prefix <code>ht:</code> point to page images in the Hathi
                        Trust.</p>
                </prefixDef>
                <prefixDef ident="ia" matchPattern="(\w+)"
                    replacementPattern="https://archive.org/details/$1">
                    <p>URIs with the prefix <code>ia:</code> point to page images in the Internet
                        Archive.</p>
                </prefixDef>
                <prefixDef ident="nls" matchPattern="([\w?\=]+)"
                    replacementPattern="https://digital.nls.uk/encyclopaedia-britannica/archive/$1">
                    <p>URIs with the prefix <code>nls:</code> point to page images in the National
                        Library of Scotland.</p>
                </prefixDef>
            </listPrefixDef>
        </encodingDesc>
        <profileDesc>
            <textClass default="false">
                <keywords scheme="https://id.cci.drexel.edu/">
                    <term n="3" ref="lcsh1910:b4r49gk13">Vedas</term>
                    <term n="2" ref="lcsh1910:b44q7qq38">Hindus</term>
                    <term n="1" ref="lcsh1910:b4n58cs1k">Manners</term>
                    <term n="1" ref="lcsh1910:b4kk94g8x">Religion</term>
                    <term n="1" ref="lcsh1910:b4th8bn4t">Religions</term>
                    <term n="2" ref="lcsh1910:b41v5bg0t">Worship</term>
                    <term n="2" ref="lcsh1910:b4sx64900">Soul</term>
                    <term n="2" ref="lcsh1910:b42j68511">Life</term>
                    <term n="2" ref="lcsh1910:b4t14tq07">Hair</term>
                </keywords>
                <keywords scheme="http://id.worldcat.org/fast/">
                    <term n="2" ref="fasttopic:1048190">Originality</term>
                    <term n="2" ref="fasttopic:1015978">Men</term>
                    <term n="2" ref="fasttopic:1181450">Worship</term>
                    <term n="2" ref="fasttopic:1432098">Soul</term>
                    <term n="2" ref="fasttopic:1198505">Life</term>
                    <term n="2" ref="fasttopic:957175">Hindus</term>
                    <term n="1" ref="fasttopic:840320">Buddhists</term>
                    <term n="1" ref="fasttopic:1037910">Nirvana</term>
                    <term n="1" ref="fasttopic:840025">Buddhas</term>
                    <term n="1" ref="fasttopic:1093898">Religions</term>
                </keywords>
                <keywords scheme="http://id.worldcat.org/fast/">
                    <term n="3" ref="fastgeo:1210276">India</term>
                </keywords>
            </textClass>
        </profileDesc>
        <revisionDesc status="published">
            <listChange>
                <change n="3.0" status="public" when="2024-12-06" who="#pml">v3.0. Includes
                    significant corrections to the OCR text, predominantly in cases of confusing "c"
                    and "e." Isolates 90 entries that were mistakenly included at the end of prior
                    entries in v1 and v2. Normalizes ordinal numbers. Separates metadata in
                    <gi>teiHeader</gi> into two separate facets: FAST Topical and FAST Geographical.
                    Moves commas following <gi>pb</gi> in the text to preceding it and removes extra
                    space around the <gi>pb</gi> tag. Where a word is hyphenated at a <gi>pb</gi>,
                    the end fragment is now joined to the start fragment, making a machine-readable
                    word.</change>
                <change n="2.0" status="public" when="2023-10-11" who="#pml">v2.0. Isolates 42
                    entries that were mistakenly included at the end of prior entries in v1. Removes
                    <att>xml:id</att> from the <gi>div</gi> for the entry and adds it to the
                    <gi>TEI</gi> tag. Adds schema link to all files.</change>
                <change n="1.0" status="public" when="2022-11-28" who="#pml">v1.0. Initial
                    release.</change>
            </listChange>
        </revisionDesc>
    </teiHeader>
    <text>
        <body>
            <div facs="nls:192944237" type="entry">
                <p><label type="entry">JAINS</label>, called by some <hi rend="smallcaps"
                    >Joinus,</hi> a sect or rather race of Hindus, found in considerable numbers in
                    different parts of India, particularly in the southern peninsula. They form a
                    class of dissenters from the established faith of Brahminism, so generally
                    considered throughout India as alone founded on an orthodox basis. They deny
                    altogether the authority of the Vedas, regarded by the genuine Hindu as file
                    holiest of books. They either disown, or sink into a subordinate station, all
                    the grand objects of Hindu veneration. In their hypothesis concerning the origin
                    of the world, they have adopted opinions which seem to partake of the character
                    of atheism. They do not, like the followers of the Vedas, acknowledge any
                    spiritual and eternal Being, from whom the universe derived its origin. The
                    material world, as well as the minds of all men and animals, are held by them to
                    be eternal. They refuse to acknowledge anything which is not, or has not been,
                    the object of the senses. Upon this principle they deny the existence of any
                    beings superior to man, and admit no objects of worship except men who have
                    raised themselves by their merits to the rank of divinities. As, however, they
                    set no bounds to the perfection which the human soul may arrive at, their most
                    eminent saints and pontiffs (amongst whom they particularly celebrate Gomat
                    Iswara Swami) partake almost of the attributes of supreme divinity. To this
                    station, however, they are exalted, not in consequence of a virtuous life, or of
                    benefits rendered to mankind, but of those excesses of absurd and extravagant
                    penance to which, throughout all India, such sovereign merit is attached. They
                    have three ranks of ascetics, whom they call <hi rend="italic">Yatis.</hi> The
                    first, called <hi rend="italic">Anuvrata,</hi> can be attained only by him who
                    forsakes his family, entirely cuts off his hair, holds always in his hand a
                    bundle of peacock’s feathers and an earthen pot, and wears only clothes of a
                    tawny colour. The second rank, <hi rend="italic">Mahavrata</hi><hi rend="italic
                    subscript"> i</hi> requires that all dress should be abandoned except a mere rag
                    to cover nakedness, and that the hair instead of being shaven off, should be
                    pulled out by the roots. He who aspires still higher, and seeks to attain the
                    third degree, or <hi rend="italic">Nirvana,</hi> throws aside even rags, and
                    remains entirely naked; he eats nothing but rice, and that only once in two
                    days. The name is nearly synonymous with that of Deity, and he is held in nearly
                    equal veneration with the priests and rajahs, whose images are worshipped in the
                    temples. At Billicnll, or Belligola, the residence of their high priest, they
                    have a gigantic image of Gomat Iswara Swami, the foot of which is nine feet in
                    length, so that the height of the entire statue cannot be less than fifty-four
                    feet; and there is a similar one at Kurcul, near Mangalore. This worship of
                    gigantic images is common to them with the followers of Buddha, whom they also
                    closely resemble in their theological tenets; nay, Samana and Gaudma, the main
                    objects of Buddh veneration, are enumerated by the Jains amongst the earliest
                    and most venerated of their priests. On the other hand, they differ from them
                    entirely in being divided into four castes, distinguished from each other by the
                    same privileges and manners as amongst other Hindus. The Jains observe also
                    similar penances, carrying them only to a greater extreme. They are also
                    scrupulous to a still greater degree as to causing the death of any living
                    thing, even the minutest insect. The strictest Jains, to guard against this
                    danger, do not eat after sunset; they have always a small broom to sweep the
                    ground before them, and never drink water unless strained through a cloth. The
                    orthodox Hindus have ceremonies by which any involuntary offence of this kind
                    may be expiated; but the Jains, not allowing the efficacy of these, have no
                    means of relieving their soul from the burden of such a trespass. Like the other
                    Hindus, they consider it as unlawful for the widow to marry again, but
                    discourage the barbarous practice of sacrificing herself on the body of the
                    husband. On the whole, it w ould appear, that whilst their doctrines and belief
                    closely coincide with those of the Buddhists, their civil and social life is
                    discriminated only by minute shades from that of the Hindus. They have a system
                    of their own with regard to history, chronology, and physics, of which we need
                    only observe, that its tenets are still more extravagant and absurd than those
                    contained in the orthodox pages of the Vedas and Puranas∙ (See <hi rend="italic"
                    >Asiatic Annual Register,</hi> vol. ix.; Dubois <hi rend="italic">on the Manners
                    of the People of India,</hi> Lond. 1817; Ward <hi rend="italic">on the History,
                    Literature, and Religion of the Hindus,</hi> Lond. 1817.)</p>
            </div>
        </body>
    </text>
</TEI>
