<?xml version="1.0" encoding="utf-8"?><?xml-model  href="https://TU-plogan.github.io/code/odd/tei_kp1.rng" type="application/xml" schematypens="http://relaxng.org/ns/structure/1.0"?>
<TEI xml:id="kp-eb0712-4367-0505-01" xml:lang="en" xmlns="http://www.tei-c.org/ns/1.0">
    <teiHeader>
        <fileDesc>
            <titleStmt xml:id="eb07_v3.0">
                <title level="a" type="main">JAMBLICUS</title>
                <title level="m" type="main">Encyclopaedia Britannica: A machine-readable
                    transcription</title>
                <title level="m" type="sub">7th edition, volume 12, page 505</title>
                <editor>Edited by <persName ref="https://orcid.org/0000-0003-2362-8282"
                    role="editor" xml:id="pml">Peter Melville Logan</persName></editor>
                <respStmt>
                    <orgName xml:id="kp">Nineteenth-Century Knowledge Project Staff,
                        <affiliation>Temple University</affiliation></orgName>
                    <resp>OCR transcription and data management</resp>
                </respStmt>
                <respStmt>
                    <persName ref="https://orcid.org/0000-0001-7819-5360" xml:id="jg">Jane
                        Greenberg, <affiliation>Metadata Research Center, Drexel
                        University</affiliation></persName>
                    <resp>metadata development</resp>
                </respStmt>
                <respStmt>
                    <persName xml:id="dk">Don Kretz, <affiliation>Distributed
                        Proofreading</affiliation></persName>
                    <resp>data management</resp>
                </respStmt>
                <funder><orgName ref="http://viaf.org/viaf/137796012" xml:id="neh">National
                    Endowment for the Humanities</orgName></funder>
                <funder><orgName ref="http://viaf.org/viaf/121974598" xml:id="imls">Institute of
                    Museum and Library Services</orgName></funder>
                <funder><orgName ref="http://viaf.org/viaf/127396206" xml:id="tu">Temple
                    University</orgName></funder>
                <sponsor><orgName ref="http://viaf.org/viaf/3653147665869560670009" xml:id="cci"
                    >Drexel University, College of Computing &amp; Informatics</orgName></sponsor>
            </titleStmt>
            <editionStmt>
                <edition n="3.0">Version 3.0<date when="2024">2024</date></edition>
            </editionStmt>
            <extent>464 MB; 21,116 XML files </extent>
            <publicationStmt>
                <publisher corresp="kp"><orgName corresp="kp">Nineteenth-Century Knowledge
                    Project</orgName><email>nckp@temple.edu</email><link
                    target="https://github.com/TU-plogan/KnowledgeProject"/></publisher>
                <availability status="free">
                    <p>Licensed under a Creative Commons Attribution 4.0 International License.</p>
                    <licence target="https://creativecommons.org/licenses/by/4.0/"> CC BY 4.0
                    </licence>
                </availability>
                <date when="2024">2024</date>
            </publicationStmt>
            <seriesStmt>
                <title level="s">Encyclopaedia Britannica: A machine-readable transcription</title>
                <editor corresp="pml">Peter Melville Logan</editor>
            </seriesStmt>
            <sourceDesc>
                <biblFull xml:lang="en">
                    <titleStmt>
                        <title level="m">Encyclopaedia Britannica</title>
                        <editor><persName ref="http://viaf.org/viaf/79392506" xml:id="mn">Napier,
                            Macvey, 1776-1847</persName></editor>
                    </titleStmt>
                    <editionStmt>
                        <edition>Seventh Edition</edition>
                    </editionStmt>
                    <extent><measure quantity="21" unit="vol">21 volumes</measure></extent>
                    <publicationStmt>
                        <publisher>Adam and Charles Black</publisher>
                        <pubPlace>Edinburgh</pubPlace>
                        <date from="1830" to="1842">1830-1842</date>
                    </publicationStmt>
                    <sourceDesc>
                        <bibl xml:id="NLS"><title>Seventh edition - Encyclopaedia Britannica
                            [190218838]</title><publisher><orgName
                            ref="https://digital.nls.uk/encyclopaedia-britannica/archive/190218838"
                            >National Library of Scotland</orgName></publisher><date when="2019"
                            >2019</date><idno type="DOI">https://doi.org/10.34812/cg4r-dn40</idno><availability>
                            <p>National Library of Scotland License: CC BY 4.0</p>
                            <licence target="https://creativecommons.org/licenses/by/4.0/">CC BY 4.0
                            </licence>
                            </availability></bibl>
                    </sourceDesc>
                </biblFull>
                <listBibl>
                    <head>Alternate image sources for this edition:</head>
                    <bibl xml:id="UW-HT">Hathi Trust, from print source at the University of
                        Wisconsin: vol. 9, pp. 29, 31, 32, 36, 37, 39, 41, 48, 50-55, 57, 59, 62,
                        63, 66, 67, 69-71, 76, 88; vol. 19 (all).</bibl>
                    <bibl xml:id="UCH-HT">Hathi Trust, from print source at the University of
                        Chicago: vol. 10, pp. 7-10; vols. 20, 21 (all).</bibl>
                </listBibl>
            </sourceDesc>
        </fileDesc>
        <encodingDesc>
            <editorialDecl>
                <ab><list rend="bulleted" type="basic">
                    <item>Encoding has been done using the recommendations for Level 3 of the "TEI
                        in Libraries Guidelines."</item>
                    <item>Individual entries and page-breaks are encoded, but column breaks are
                        omitted.</item>
                    <item>Print page headers and side descriptions are not included.</item>
                    <item>OCR successfully reproduced simple tables, but complex tabular data is not
                        captured dependably and the results should not be relied upon.</item>
                    <item>OCR was not able to successfully reproduce math and chemical formulas. The
                        uncorrected results remain in the text.</item>
                    <item>Some font formatting is preserved: <val>italic</val>,
                        <val>smallcaps</val>, <val>strikethrough</val>, <val>subscript</val>,
                        <val>superscript</val>, <val>underline</val>. The following print styles are
                        ignored: bold, font size, typeface.</item>
                    </list></ab>
                <correction method="markup" status="low">
                    <p>This electronic text file was created by optical character recognition (OCR).
                        Some OCR errors have been corrected.</p>
                    <p>Illegible text in the original is indicated using <gi>unclear</gi> or
                        <gi>gap</gi>, as appropriate. If corrected, the reference source is
                        indicated with <gi>supplied</gi>.</p>
                    <p>Some volumes of the print edition substituted "c" for "e" letters across
                        multiple pages. These are silently corrected.</p>
                </correction>
                <normalization method="silent">
                    <p>Original spelling is preserved. When noticed, obvious misspellings are
                        combined with the correct spelling as <gi>choice</gi> in the TEI. Ligatures
                        are reproduced as multiple letters. Original footnote and marginal note
                        sigla are replaced with sequential numbers for each entry.</p>
                </normalization>
                <punctuation marks="some">
                    <p>Extra space around punctuation marks is removed.</p>
                    <p>Ordinal numbers, such as 1st, 2ndly, etc., are inconsistently italicized in
                        the printed text; they are normalized as roman throughout.</p>
                </punctuation>
                <quotation marks="some">
                    <p>Quotation marks are retained as content in the text. Redundant open quotation
                        marks at the start of lines inside block quotes are silently removed.</p>
                </quotation>
                <hyphenation eol="hard">
                    <p>Soft hyphens are silently removed.</p>
                </hyphenation>
                <segmentation>
                    <p>The <tag>div type="entry"</tag> element divides the text into individual
                        entries.</p>
                    <p>The <tag>div type="section"</tag> and <tag>div type="subsection"</tag>
                        elements are reserved for entry subsections, but their inclusion is largely
                        aspirational.</p>
                </segmentation>
            </editorialDecl>
            <tagsDecl>
                <namespace name="http://www.tei-c.org/ns/1.0">
                    <tagUsage gi="div">Unnumbered <gi>div</gi> tags are used throughout.</tagUsage>
                </namespace>
            </tagsDecl>
            <projectDesc>
                <p>All text was encoded for the Nineteenth-Century Knowledge Project to provide a
                    machine-readable edition of the Encyclopedia Britannica to analyze using
                    machine-learning methods.</p>
                <p>Subject keywords are added to <gi>teiHeader</gi> for each entry; they were
                    generated by the HIVE2 automated vocabulary server, created by the Metadata
                    Research Center at Drexel University (<link
                    target="https://hive2.cci.drexel.edu"/>https://hive2.cci.drexel.edu).</p>
            </projectDesc>
            <samplingDecl>
                <p>This release reproduces the text matter for all entries. It does not include
                    images, front- or back-matter. It omits volume 1, which consists of
                    "Dissertations" rather than entries. The reproduction of tables and formulae is
                    unreliable. </p>
            </samplingDecl>
            <listPrefixDef>
                <prefixDef ident="fast" matchPattern="(\d+)"
                    replacementPattern="http://id.worldcat.org/fast/$1">
                    <p>URIs with the prefix <code>fastgeo:</code> point to terms in the OCLC FAST
                        (Faceted Application of Subject Terminology) Geographical subject heading
                        schema derived from the Library of Congress Subject Headings (LCSH).</p>
                </prefixDef>
                <prefixDef ident="fast" matchPattern="(\d+)"
                    replacementPattern="http://id.worldcat.org/fast/$1">
                    <p>URIs with the prefix <code>fasttopic:</code> point to terms in the OCLC FAST
                        (Faceted Application of Subject Terminology) Topical subject heading schema
                        derived from the Library of Congress Subject Headings (LCSH).</p>
                </prefixDef>
                <prefixDef ident="lcsh1910" matchPattern="(\w+)"
                    replacementPattern="https://n2t.net/ark:/99152/$1">
                    <p>URIs with the prefix <code>lcsh1910:</code> point to subject terms in <hi
                        rend="italic">Subject Headings Used in the Dictionary Catalogues of the
                        Library of Congress</hi>, 2 vols., Library of Congress, 1910.</p>
                </prefixDef>
                <prefixDef ident="ht" matchPattern="([\w\-\.;=\&#34;&amp;]+)"
                    replacementPattern="https://babel.hathitrust.org/cgi/pt?id=$1">
                    <p>URIs with the prefix <code>ht:</code> point to page images in the Hathi
                        Trust.</p>
                </prefixDef>
                <prefixDef ident="ia" matchPattern="(\w+)"
                    replacementPattern="https://archive.org/details/$1">
                    <p>URIs with the prefix <code>ia:</code> point to page images in the Internet
                        Archive.</p>
                </prefixDef>
                <prefixDef ident="nls" matchPattern="([\w?\=]+)"
                    replacementPattern="https://digital.nls.uk/encyclopaedia-britannica/archive/$1">
                    <p>URIs with the prefix <code>nls:</code> point to page images in the National
                        Library of Scotland.</p>
                </prefixDef>
            </listPrefixDef>
        </encodingDesc>
        <profileDesc>
            <textClass default="false">
                <keywords scheme="http://id.worldcat.org/fast/">
                    <term n="2" ref="fasttopic:947546">Greeks</term>
                    <term n="2" ref="fasttopic:1066881">Platonists</term>
                    <term n="2" ref="fasttopic:980104">Islands</term>
                    <term n="2" ref="fasttopic:1047359">Order</term>
                    <term n="1" ref="fasttopic:996769">Lettering</term>
                    <term n="1" ref="fasttopic:1000476">Litters</term>
                </keywords>
                <keywords scheme="https://id.cci.drexel.edu/">
                    <term n="2" ref="lcsh1910:b48g8fh7d">Greeks</term>
                    <term n="2" ref="lcsh1910:b4xg9fj36">Platonists</term>
                    <term n="2" ref="lcsh1910:b4kp7tx0f">Islands</term>
                    <term n="2" ref="lcsh1910:b4jw86m8z">Man</term>
                    <term n="1" ref="lcsh1910:b4v40jz59">Lettering</term>
                </keywords>
                <keywords scheme="http://id.worldcat.org/fast/">
                    <term n="4" ref="fastgeo:1211575">Jamaica</term>
                    <term n="1" ref="fastgeo:1208757">Syria</term>
                    <term n="1" ref="fastgeo:1208755">Egypt</term>
                </keywords>
            </textClass>
        </profileDesc>
        <revisionDesc status="published">
            <listChange>
                <change n="3.0" status="public" when="2024-12-06" who="#pml">v3.0. Includes
                    significant corrections to the OCR text, predominantly in cases of confusing "c"
                    and "e." Isolates 90 entries that were mistakenly included at the end of prior
                    entries in v1 and v2. Normalizes ordinal numbers. Separates metadata in
                    <gi>teiHeader</gi> into two separate facets: FAST Topical and FAST Geographical.
                    Moves commas following <gi>pb</gi> in the text to preceding it and removes extra
                    space around the <gi>pb</gi> tag. Where a word is hyphenated at a <gi>pb</gi>,
                    the end fragment is now joined to the start fragment, making a machine-readable
                    word.</change>
                <change n="2.0" status="public" when="2023-10-11" who="#pml">v2.0. Isolates 42
                    entries that were mistakenly included at the end of prior entries in v1. Removes
                    <att>xml:id</att> from the <gi>div</gi> for the entry and adds it to the
                    <gi>TEI</gi> tag. Adds schema link to all files.</change>
                <change n="1.0" status="public" when="2022-11-28" who="#pml">v1.0. Initial
                    release.</change>
            </listChange>
        </revisionDesc>
    </teiHeader>
    <text>
        <body>
            <div facs="nls:192944367" type="entry">
                <p><label type="entry">JAMBLICUS</label>, the name of two celebrated Platonic
                    philosophers, one of whom was a native of Chalcis, and the other of Apamea in
                    Syria. The first, whom Julian compares to Plato, was the disciple of Anatolius
                    and Porphyry, and died under the reign of the Emperor Constantine. The second
                    also enjoyed great reputation. Julian wrote several letters to him; and it is
                    said he was poisoned under the reign of Valens. It is not known to which of the
                    two we ought to attribute the works which have reached us in Greek under the
                    name of Jamblicus. These are, 1. Pro-trepticus, seu adhortatio ad philosophiam,
                    Leipsig, 1813, in 8vo; 2. De Vita Pythagorae, Amsterdam, 1707, in 4to, Greek and
                    Latin, with the corrections and notes of Ludolf Kuster; 3. In Nicoachi Geraseni
                    Arithmeticam Introductionem et De Fato liber, nunc primum editus Graece, in
                    Latinum Sermonem conversus, notis illustratus a Sam. lennulio, Arnheim, 1688, in
                    4to; 4. De Mysteriis Aegyptiorum, Venet. Aldus, 1497, in folio, a work filled
                    with theurgic and extravagant notions. Hebenstreit has published a learned
                    dissertation <hi rend="italic">De Jamblichi</hi><hi rend="italic">philosophi
                    Syri</hi><hi rend="italic">doctrina,</hi><hi rend="italic">Christines</hi><hi
                    rend="italic">religioni quam imitari studete noxia,</hi> Leipsig, 1764, in 4to.
                    The system of the Neo-Platonists was built on the doctrine of <hi rend="italic"
                    >emanation,</hi> according to which all beings are destined, after undergoing
                    several degrees of purification, to return to the Deity, whence they emanated.
                    By this system, the sage may, even in this life, attain to the <hi rend="italic"
                    >intuition of</hi> the divinity, the most sublime end or aim of philosophy. This
                    school admitted the existence from thirty to forty leagues north-north-west from
                    Point Negrill, to the westward of Jamaica, the Grand Cayman being the most
                    remote. Cayman-braque, and Litth Cayman, he within five miles of each other, and
                    about thirty-four miles north from the Grand Cayman. These islands were
                    discovered by Columbus, but they were never permanently settled until after the
                    conquest of Jamaica by Great Britain. Grand Cayman, the only one of them
                    occupied, is about one mile and a half long, one mile broad, and contains about
                    1000 acres. It is ver; low, but towards the middle of the island vegetation is
                    abundant. These islands are favourite breeding places for turtles, immense
                    shoals of which animals cross the ocean from the Bay of Honduras, to deposit
                    their eggs on the low, sandy shore of the Caymans. The present race <hi
                    rend="italic">of</hi> inhabitants, of whose numbfers accurate accounts have not
                    been given, are said to be descended from the English Buccaneers, and, from
                    being inured to the sea. form excellent pilots and seamen. The bishop of Jamaica
                    estimated their numbers in 1827 at 1600. They are very healthy, and attain to a
                    great age. Justices of the peace are sent from Jamaica, but in no way are the
                    inhabitants interfered with by the chief settlement to which they belong. They
                    have a chief or government officer of their own choosing, and they frame their
                    own regulations.</p>
                <p>With regard to the working of the emancipation bill, by which, from the 1st of
                    August 1834, the slaves aged six and upwards became apprenticed labourers,
                    without any formal indentures, nothing as yet can be said with certainty. Any
                    disturbances which have broken out were anticipated, even by those who were most
                    sanguine as to the success of the measure; but when the negroes shall have
                    become familiar with their change of condition, their transition from a state of
                    slavery to that of freedom, every thing will probably go on prosperously. At all
                    events, from the accounts received, we are entitled to indulge in a less gloomy
                    augury for the future, than has been but too general!)' entertained by those who
                    investigated the subject, or were interested in the change, <hi rend="smallcaps"
                    >(r.</hi> a. <hi rend="smallcaps">r.)</hi> of a class of demons, or spirits of
                    an inferior order, mediators between God and man. To enter into communication
                    with them required great purity of maimers, and a holiness which disengaged man
                    from every thing terrestrial. Fallen souls inhabit bodies which serve as their
                    prison; and if, during their lives, they have not laboured to divest themselves
                    of their vices, they are, after death, sent back to other bodies still more
                    vile, until they be entirely purified; a doctrine which approximates closely to
                    metempsychosis. The Neo-Platonists also admitted a species of trinity; the soul,
                    according to them, emanated from the intelligence, or second divine essence
                    (r¢u¢), which again emanates from the infinite and perfect being. In order to
                    oppose the progress of Christianity, which began to ruin all established
                    religions, it was believed necessary to envelope in obscurity this doctrine of
                    emanations; and hence they affected to regard as the authors of this system
                    Zoroaster in Persia, Orpheus in Thrace, and Hermes in Egypt. (Schoell, <hi
                    rend="italic">Hist. Abreg. de la Litter.</hi><hi rend="italic">Grecque,</hi>
                    tom. i. p. 203.)</p>
            </div>
        </body>
    </text>
</TEI>
