<?xml version="1.0" encoding="utf-8"?><?xml-model  href="https://TU-plogan.github.io/code/odd/tei_kp1.rng" type="application/xml" schematypens="http://relaxng.org/ns/structure/1.0"?>
<TEI xmlns="http://www.tei-c.org/ns/1.0" xml:id="kp-eb0913-0866-0833-04" xml:lang="en">
    <teiHeader>
        <fileDesc>
            <titleStmt xml:id="eb07_v1.0">
                <title level="a" type="main">KÁMRÚP (9th edition, volume 13, page 833)</title>
                <title level="m" type="main">Encyclopaedia Britannica, 9th edition</title>
                <title level="m" type="sub">A machine-readable transcription</title>
                <editor>Edited by <persName ref="https://orcid.org/0000-0003-2362-8282"
                        role="editor" xml:id="pml">Peter Melville Logan</persName></editor>
                <respStmt>
                    <orgName xml:id="kp">Nineteenth-Century Knowledge Project Staff,
                            <affiliation>Temple University</affiliation></orgName>
                    <resp>OCR transcription and data management</resp>
                </respStmt>
                <respStmt>
                    <persName ref="https://orcid.org/0000-0001-7819-5360" xml:id="jg">Jane
                        Greenberg, <affiliation>Metadata Research Center, Drexel
                            University</affiliation></persName>
                    <resp>metadata development</resp>
                </respStmt>
                <respStmt>
                    <persName xml:id="dk">Don Kretz, <affiliation>Distributed
                            Proofreading</affiliation></persName>
                    <resp>data management</resp>
                </respStmt>
                <funder><orgName ref="http://viaf.org/viaf/137796012" xml:id="neh">National
                        Endowment for the Humanities</orgName></funder>
                <funder><orgName ref="http://viaf.org/viaf/121974598" xml:id="imls">Institute of
                        Museum and Library Services</orgName></funder>
                <funder><orgName ref="http://viaf.org/viaf/127396206" xml:id="tu">Temple
                        University</orgName></funder>
                <sponsor><orgName ref="http://viaf.org/viaf/3653147665869560670009" xml:id="cci"
                        >Drexel University, College of Computing &amp;
                    Informatics</orgName></sponsor>
            </titleStmt>
            <editionStmt>
                <edition n="1.0">Version 1.0, initial release <date when="2023"
                    >2023</date></edition>
            </editionStmt>
            <extent>387 MB; 17,772 XML files in 47 folders </extent>
            <publicationStmt>
                <publisher corresp="kp"><orgName corresp="kp">Nineteenth-Century Knowledge
                        Project</orgName><email>nckp@temple.edu</email><link
                        target="https://tu-plogan.github.io/index.html"/></publisher>
                <availability status="free">
                    <p>Licensed under a Creative Commons Attribution 4.0 International License.</p>
                    <licence target="https://creativecommons.org/licenses/by/4.0/"> CC BY 4.0
                    </licence>
                </availability>
                <date when="2020">2023</date>
            </publicationStmt>
            <seriesStmt>
                <title level="s">Encyclopaedia Britannica: A machine-readable text
                    transcription</title>
                <editor corresp="pml">Peter Melville Logan</editor>
            </seriesStmt>
            <sourceDesc>
                <biblFull xml:lang="en">
                    <titleStmt>
                        <title level="m">Encyclopaedia Britannica</title>
                        <editor><persName ref="http://viaf.org/viaf/12465694" xml:id="mn">Baynes, T.
                                Spencer (Thomas Spencer), <date from="1823" to="1887"
                                    >1823-1887</date></persName></editor>
                    </titleStmt>
                    <editionStmt>
                        <edition>Ninth Edition</edition>
                    </editionStmt>
                    <extent><measure quantity="25" unit="vol">25 volumes</measure></extent>
                    <publicationStmt>
                        <publisher>Charles Scribner's Sons</publisher>
                        <authority>Authorized reprint from Edinburgh plates</authority>
                        <pubPlace>New York</pubPlace>
                        <date from="1875" to="1889">1875-1889</date>
                    </publicationStmt>
                    <sourceDesc>
                        <bibl xml:id="ia-uc"><title>Encyclopaedia Britannica: a dictionary of arts,
                                sciences, and general literature</title><publisher><orgName
                                    ref="https://archive.org/">Internet Archive</orgName><orgName
                                    ref="https://archive.org/details/cdl">University of California
                                    Libraries, California Digital Library</orgName></publisher><date
                                when="2019">2006</date><idno type="OCLC">592355607</idno><idno
                                type="ark">13960/t0ks6j612</idno><availability>
                                <p>Internet Archive: NOT_IN_COPYRIGHT</p>
                            </availability></bibl>
                    </sourceDesc>
                </biblFull>
                <listBibl>
                    <head>Alternate image sources for this edition:</head>
                    <desc>Alternate images of the same print editions were substituted when the
                        primary source had unusable images for those pages.</desc>
                    <bibl xml:id="um-ht">Hathi Trust, from print source at the University of
                        Michigan: vol. 14, pp. 34-35; vol. 15, pp. 170-171.</bibl>
                </listBibl>
            </sourceDesc>
        </fileDesc>
        <encodingDesc>
            <editorialDecl>
                <correction method="markup" status="low">
                    <p>This electronic text file was created by optical character recognition (OCR).
                        OCR errors have not been corrected.</p>
                    <p>Illegible text in the original is indicated using <gi>unclear</gi> or
                            <gi>gap</gi>, as appropriate. If corrected, the reference source is
                        indicated with <gi>supplied</gi>.</p>
                </correction>
                <normalization method="silent">
                    <p>Original spelling is preserved. When noticed, obvious misspellings are
                        combined with the correct spelling as <gi>choice</gi> in the TEI. Ligatures
                        are reproduced as multiple letters. Original footnote and marginal note
                        sigla are replaced with sequential numbers for each entry.</p>
                </normalization>
                <punctuation marks="some">
                    <p>Extra space around punctuation marks is removed.</p>
                </punctuation>
                <quotation marks="some">
                    <p>Quotation marks are retained as content in the text. Redundant open quotation
                        marks at the start of lines inside block quotes are silently removed.</p>
                </quotation>
                <hyphenation eol="hard">
                    <p>Soft hyphens are removed silently.</p>
                </hyphenation>
                <segmentation>
                    <p>The <tag>div type="entry"</tag> element divides the text into individual
                        entries.</p>
                    <p>The <tag>div type="section"</tag> and <tag>div type="subsection"</tag>
                        elements are reserved for future entry subsections.</p>
                </segmentation>
                <ab><list>
                        <item>Encoding uses the recommendations for Level 3 of the TEI in Libraries
                            Guidelines.</item>
                        <item>Individual entries and page-breaks are encoded, but column breaks are
                            omitted.</item>
                        <item>Running headers and side descriptions are not included.</item>
                        <item>Some font formatting is preserved: italic, small caps, strike-through,
                            subscript, superscript, underline. The following formatting is ignored:
                            bold, font size, typeface.</item>
                    </list></ab>
            </editorialDecl>
            <tagsDecl>
                <namespace name="http://www.tei-c.org/ns/1.0">
                    <tagUsage gi="div">Unnumbered divs used.</tagUsage>
                </namespace>
            </tagsDecl>
            <projectDesc>
                <p>All text was encoded for the Nineteenth-Century Knowledge Project to provide a
                    machine-readable edition of the Encyclopedia Britannica to analyze.</p>
                <p>Subject-level metadata was added to each entry using the HIVE automated
                    vocabulary server created by the Metadata Research Center at Drexel University
                        (<link target="https://hive2.cci.drexel.edu"
                    />https://hive2.cci.drexel.edu).</p>
            </projectDesc>
            <samplingDecl>
                <p>The first release is a reproduction of text matter for all entries. It does not
                    include images, tables, formulae, front- or back-matter. It omits volume 1,
                    which consists of "Dissertations" rather than entries.</p>
            </samplingDecl>
            <listPrefixDef>
                <prefixDef ident="fast" matchPattern="(\d+)"
                    replacementPattern="http://id.worldcat.org/fast/$1">
                    <p>URIs with the prefix <code>fast:</code> point to terms in the OCLC FAST
                        (Faceted Application of Subject Terminology) subject heading schema derived
                        from the Library of Congress Subject Headings (LCSH).</p>
                </prefixDef>
                <prefixDef ident="lcsh1910" matchPattern="(\w+)"
                    replacementPattern="https://n2t.net/ark:/99152/$1">
                    <p>URIs with the prefix <code>lcsh1910:</code> point to subject terms in the
                        volume <hi rend="italic">Subject Headings Used in the Dictionary Catalogues
                            of the Library of Congress</hi>, 7 vols., Library of Congress, 1910.</p>
                </prefixDef>
                <prefixDef ident="ht" matchPattern="([\w\-\.;=\&#34;&amp;]+)"
                    replacementPattern="https://babel.hathitrust.org/cgi/pt?id=$1">
                    <p>URIs with the prefix <code>ht:</code> point to page images in the Hathi
                        Trust.</p>
                </prefixDef>
                <prefixDef ident="ia" matchPattern="(\w+)"
                    replacementPattern="https://archive.org/details/$1">
                    <p>URIs with the prefix <code>ia:</code> point to page images in the Internet
                        Archive.</p>
                </prefixDef>
                <prefixDef ident="nls" matchPattern="([\w?\=]+)"
                    replacementPattern="https://digital.nls.uk/encyclopaedia-britannica/archive/$1">
                    <p>URIs with the prefix <code>nls:</code> point to page images in the National
                        Library of Scotland.</p>
                </prefixDef>
            </listPrefixDef>
        </encodingDesc>
        <profileDesc>
            <textClass>
                <keywords scheme="https://id.cci.drexel.edu/">
                    <term ref="lcsh1910:b44q7qq38">Hindus</term>
                    <term ref="lcsh1910:b49c6s277">Christianity</term>
                    <term ref="lcsh1910:b4sf2md37">Missions</term>
                    <term ref="lcsh1910:b4p26qb5b">Rice</term>
                    <term ref="lcsh1910:b4251ft9s">Tea</term>
                    <term ref="lcsh1910:b4hq3s746">Towns</term>
                    <term ref="lcsh1910:b41j9770v">State</term>
                    <term ref="lcsh1910:b4kw57r0g">Nuts</term>
                </keywords>
                <keywords scheme="http://id.worldcat.org/fast/">
                    <term ref="fast:916820">Europeans</term>
                    <term ref="fast:957175">Hindus</term>
                    <term ref="fast:840320">Buddhists</term>
                    <term ref="fast:859599">Christianity</term>
                    <term ref="fast:859760">Christians</term>
                    <term ref="fast:1097334">Rice</term>
                    <term ref="fast:1144120">Tea</term>
                    <term ref="fast:1042338">Nuts</term>
                    <term ref="fast:869839">Commons</term>
                    <term ref="fast:1163841">Valleys</term>
                </keywords>
                <keywords scheme="http://id.worldcat.org/fast/">
                    <term ref="fast:1210276">India</term>
                </keywords>
            </textClass>
        </profileDesc>
        <revisionDesc status="published">
            <change status="public" when="2023-02-28" who="#pml">v.1 published</change>
            <change status="public" when="2023-02-27" who="#pml">v.1 teiHeader XSL finished</change>
        </revisionDesc>
    </teiHeader>
    <text>
        <body>
            <div facs="ia:encyclopediabrit13newyrich/page/n866/mode/1up" type="entry">
                <p><label type="entry">KÁMRÚP</label>, a district of Assam, India, extending along
                    both banks of the Brahmaputra, between 25° 50' and 26° 53' N. lai, and 90° 40'
                    and 92° 2' E. long., bounded on the N. by Bhutân state, on the E. by Darrang and
                    Nowgong districts, on the S. by the Khâsi hills, and on the W. by Goálpárá
                    district.</p>
                <p>The general physical characteristics of Kámrúp are those common to the whole
                    valley of Assam. In the immediate neighbourhood of the Brahmaputra the land is
                    low, and exposed to annual inundation. In this marshy tract reeds <pb break="no"
                        facs="ia:encyclopediabrit13newyrich/page/n867/mode/1up"
                        xml:id="kp-eb0913-0867-0834"/> and canes flourish luxuriantly, and the only
                    cultivation is that of rice. At a comparatively short distance from the river
                    banks, the ground begins to rise in undulating knolls towards the mountains of
                    Bhutân on the north, and towards the Khâsi territory on the south. The hills
                    south of the Brahmaputra in some parts reach the height of 800 feet. It is on
                    the slopes of these hills, amid the primeval jungle, that European planters have
                    set out their trim tea-gardens. The general scenery of Kâmrùp is thus agreeably
                    diversified; and the villages are described as very picturesque. The
                    Brahmaputra, which divides the district into two nearly equal portions, is
                    navigable by river steamers and large cargo boats throughout the year, and
                    receives several tributaries navigable by large native boats in the rainy
                    season. The chief of these are the Manâs, Châul Khoyâ, and Barnadi on the north,
                    and the Kulsi and Dibru on the south bank. Forests cover about 130 square miles
                    of the district, of which 49 square miles have been reserved by the forest
                    department. There is also a plantation reserve, where seedlings of teak, <hi
                        rend="italic">sdl</hi><hi rend="italic subscript"> i</hi><hi rend="italic"
                        >sissu, sum,</hi> and <hi rend="italic">nahor</hi> are reared, and
                    experiments are being made with the caoutchouc tree.</p>
                <p>The census of 1871 returned a population of 561,781 (292,688 males and 268,993
                    females), spread over an area of 3631 square miles. Hindus numbered 514,024;
                    Mahometans, 45,823; Buddhists, 182; Christians, 204, of whom 120 are natives;
                    and “others,” 448. Kamrup is the headquarters of a sect of Vishnuvites, known as
                    Mahâpurushias, who are described as extremely bigoted. The Mahometans are
                    supposed to be the descendants of the early invaders. The native Christian
                    community is under the charge of the American Baptist Mission, which has a
                    station at Gauhati town. The population is entirely rural, the only town with
                    upwards of 5000 inhabitants being Gauhâti, with 11,492. The temples of Hajo and
                    Kamakhya attract many pilgrims from all quarters.</p>
                <p>The staple crop of the district is rice, of which there are three crops. The
                    state is the landlord, and the land settlement is made directly with the
                    cultivators. The condition of the cultivators is high, and it is found difficult
                    to obtain labourers for ordinary work. The indigenous manufactures are confined
                    to the weaving of silk and cotton cloths for home use, and to the making of
                    brass cups and plates. The cultivation and manufacture of tea are conducted
                    almost solely by European capital. In 1874 there were twenty-four plantations,
                    with 2638 acres under tea, the out-turn being 375,634 lb. The chief exports are
                    rice, oilseeds, timber, and cotton; the imports are fine rice, salt, piece
                    goods, sugar, betel nuts, cocoa nuts, and hardware. Education in 1872 was
                    afforded by 146 schools, attended by 3969 pupils, including a high school and
                    college in Gunhati town. The mean temperature is 76°, and the average annual
                    rainfall 70 ’ 12 inches.</p>
            </div>
        </body>
    </text>
</TEI>
