<?xml version="1.0" encoding="utf-8"?><?xml-model  href="https://TU-plogan.github.io/code/odd/tei_kp1.rng" type="application/xml" schematypens="http://relaxng.org/ns/structure/1.0"?>
<TEI xml:id="kp-eb0913-0216-0205-01" xml:lang="en" xmlns="http://www.tei-c.org/ns/1.0">
    <teiHeader>
        <fileDesc>
            <titleStmt xml:id="eb09_v1.1">
                <title level="a" type="main">IONIAN ISLANDS</title>
                <title level="m" type="main">Encyclopaedia Britannica: A machine-readable
                    transcription</title>
                <title level="m" type="sub">9th edition, volume 13, page 205</title>
                <editor>Edited by <persName ref="https://orcid.org/0000-0003-2362-8282"
                    role="editor" xml:id="pml">Peter Melville Logan</persName></editor>
                <respStmt>
                    <orgName xml:id="kp">Nineteenth-Century Knowledge Project Staff,
                        <affiliation>Temple University</affiliation></orgName>
                    <resp>OCR transcription and data management</resp>
                </respStmt>
                <respStmt>
                    <persName ref="https://orcid.org/0000-0001-7819-5360" xml:id="jg">Jane
                        Greenberg, <affiliation>Metadata Research Center, Drexel
                        University</affiliation></persName>
                    <resp>metadata development</resp>
                </respStmt>
                <respStmt>
                    <persName xml:id="dk">Don Kretz, <affiliation>Distributed
                        Proofreading</affiliation></persName>
                    <resp>data management</resp>
                </respStmt>
                <funder><orgName ref="http://viaf.org/viaf/137796012" xml:id="neh">National
                    Endowment for the Humanities</orgName></funder>
                <funder><orgName ref="http://viaf.org/viaf/121974598" xml:id="imls">Institute of
                    Museum and Library Services</orgName></funder>
                <funder><orgName ref="http://viaf.org/viaf/127396206" xml:id="tu">Temple
                    University</orgName></funder>
                <sponsor><orgName ref="http://viaf.org/viaf/3653147665869560670009" xml:id="cci"
                    >Drexel University, College of Computing &amp; Informatics</orgName></sponsor>
            </titleStmt>
            <editionStmt>
                <edition n="1.1">Version 1.1 <date when="2025">2025</date></edition>
            </editionStmt>
            <extent>486 MB; 17,775 XML files</extent>
            <publicationStmt>
                <publisher corresp="kp"><orgName corresp="kp">Nineteenth-Century Knowledge
                    Project</orgName><email>19kp@temple.edu</email><link
                    target="https://github.com/TU-plogan/KnowledgeProject"/></publisher>
                <availability status="free">
                    <p>Licensed under a Creative Commons Attribution 4.0 International License.</p>
                    <licence target="https://creativecommons.org/licenses/by/4.0/"> CC BY 4.0
                    </licence>
                </availability>
                <date when="2025">2025</date>
            </publicationStmt>
            <seriesStmt>
                <title level="s">Encyclopaedia Britannica: A machine-readable transcription</title>
                <editor corresp="pml">Peter Melville Logan</editor>
            </seriesStmt>
            <sourceDesc>
                <biblFull xml:lang="en">
                    <titleStmt>
                        <title level="m">Encyclopaedia Britannica</title>
                        <editor><persName ref="http://viaf.org/viaf/12465694" xml:id="mn">Baynes, T.
                            Spencer (Thomas Spencer), <date from="1823" to="1887"
                            >1823-1887</date></persName></editor>
                    </titleStmt>
                    <editionStmt>
                        <edition>Ninth Edition</edition>
                    </editionStmt>
                    <extent><measure quantity="25" unit="vol">25 volumes</measure></extent>
                    <publicationStmt>
                        <publisher>Charles Scribner's Sons</publisher>
                        <authority>Authorized reprint from Edinburgh plates</authority>
                        <pubPlace>New York</pubPlace>
                        <date from="1875" to="1889">1875-1889</date>
                    </publicationStmt>
                    <sourceDesc>
                        <bibl xml:id="ia-uc"><title>Encyclopaedia Britannica: a dictionary of arts,
                            sciences, and general literature</title><publisher><orgName
                            ref="https://archive.org/">Internet Archive</orgName><orgName
                            ref="https://archive.org/details/cdl">University of California
                            Libraries, California Digital Library</orgName></publisher><date
                            when="2019">2006</date><idno type="OCLC">592355607</idno><idno
                            type="ark">13960/t0ks6j612</idno><availability>
                            <p>Internet Archive: NOT_IN_COPYRIGHT</p>
                            </availability></bibl>
                    </sourceDesc>
                </biblFull>
                <listBibl>
                    <head>Alternate image sources for this edition:</head>
                    <desc>Alternate images of the same print editions were substituted when the
                        primary source had unusable images for those pages.</desc>
                    <bibl xml:id="um-ht">Hathi Trust, from print source at the University of
                        Michigan: vol. 14, pp. 34-35; vol. 15, pp. 170-171.</bibl>
                </listBibl>
            </sourceDesc>
        </fileDesc>
        <encodingDesc>
            <editorialDecl>
                <ab><list rend="bulleted" type="basic">
                    <item>Encoding has been done using the recommendations for Level 3 of the "TEI
                        in Libraries Guidelines."</item>
                    <item>Individual entries and page-breaks are encoded, but column breaks are
                        omitted.</item>
                    <item>Print page headers and side descriptions are not included.</item>
                    <item>OCR successfully reproduced simple tables, but complex tabular data is not
                        captured dependably and the results should not be relied upon.</item>
                    <item>OCR was not able to successfully reproduce math and chemical formulas. The
                        uncorrected results remain in the text.</item>
                    <item>Some font formatting is preserved: <val>italic</val>,
                        <val>smallcaps</val>, <val>strikethrough</val>, <val>subscript</val>,
                        <val>superscript</val>, <val>underline</val>. The following print styles are
                        ignored: bold, font size, typeface.</item>
                    </list></ab>
                <correction method="markup" status="low">
                    <p>This electronic text file was created by optical character recognition (OCR).
                        OCR errors have not been corrected.</p>
                    <p>Illegible text in the original is indicated using <gi>unclear</gi> or
                        <gi>gap</gi>, as appropriate. If corrected, the reference source is
                        indicated with <gi>supplied</gi>.</p>
                </correction>
                <normalization method="silent">
                    <p>Original spelling is preserved. When noticed, obvious misspellings are
                        combined with the correct spelling as <gi>choice</gi> in the TEI. Ligatures
                        are reproduced as multiple letters. Original footnote and marginal note
                        sigla are replaced with sequential numbers for each entry.</p>
                </normalization>
                <punctuation marks="some">
                    <p>Extra space around punctuation marks is removed.</p>
                </punctuation>
                <quotation marks="some">
                    <p>Quotation marks are retained as content in the text. Redundant open quotation
                        marks at the start of lines inside block quotes are silently removed.</p>
                </quotation>
                <hyphenation eol="hard">
                    <p>Soft hyphens are silently removed.</p>
                </hyphenation>
                <segmentation>
                    <p>The <tag>div type="entry"</tag> element divides the text into individual
                        entries.</p>
                    <p>The <tag>div type="section"</tag> and <tag>div type="subsection"</tag>
                        elements are reserved for future entry subsections.</p>
                </segmentation>
            </editorialDecl>
            <tagsDecl>
                <namespace name="http://www.tei-c.org/ns/1.0">
                    <tagUsage gi="div">Unnumbered divs used.</tagUsage>
                </namespace>
            </tagsDecl>
            <projectDesc>
                <p>All text was encoded for the Nineteenth-Century Knowledge Project to provide a
                    machine-readable edition of the Encyclopedia Britannica to analyze using
                    machine-learning methods.</p>
                <p>Subject keywords are added to <gi>teiHeader</gi> for each entry; they were
                    generated by the HIVE2 automated vocabulary server, created by the Metadata
                    Research Center at Drexel University (<link
                    target="https://hive2.cci.drexel.edu"/>https://hive2.cci.drexel.edu).</p>
            </projectDesc>
            <samplingDecl>
                <p>This release reproduces the text matter for all entries. It does not include
                    images, front- or back-matter. The reproduction of tables and formulae is
                    unreliable. </p>
            </samplingDecl>
            <listPrefixDef>
                <prefixDef ident="fast" matchPattern="(\d+)"
                    replacementPattern="http://id.worldcat.org/fast/$1">
                    <p>URIs with the prefix <code>fastgeo:</code> point to terms in the OCLC FAST
                        (Faceted Application of Subject Terminology) Geographical subject heading
                        schema derived from the Library of Congress Subject Headings (LCSH).</p>
                </prefixDef>
                <prefixDef ident="fast" matchPattern="(\d+)"
                    replacementPattern="http://id.worldcat.org/fast/$1">
                    <p>URIs with the prefix <code>fasttopic:</code> point to terms in the OCLC FAST
                        (Faceted Application of Subject Terminology) Topical subject heading schema
                        derived from the Library of Congress Subject Headings (LCSH).</p>
                </prefixDef>
                <prefixDef ident="lcsh1910" matchPattern="(\w+)"
                    replacementPattern="https://n2t.net/ark:/99152/$1">
                    <p>URIs with the prefix <code>lcsh1910:</code> point to subject terms in <hi
                        rend="italic">Subject Headings Used in the Dictionary Catalogues of the
                        Library of Congress</hi>, 2 vols., Library of Congress, 1910.</p>
                </prefixDef>
                <prefixDef ident="ht" matchPattern="([\w\-\.;=\&#34;&amp;]+)"
                    replacementPattern="https://babel.hathitrust.org/cgi/pt?id=$1">
                    <p>URIs with the prefix <code>ht:</code> point to page images in the Hathi
                        Trust.</p>
                </prefixDef>
                <prefixDef ident="ia" matchPattern="(\w+)"
                    replacementPattern="https://archive.org/details/$1">
                    <p>URIs with the prefix <code>ia:</code> point to page images in the Internet
                        Archive.</p>
                </prefixDef>
                <prefixDef ident="nls" matchPattern="([\w?\=]+)"
                    replacementPattern="https://digital.nls.uk/encyclopaedia-britannica/archive/$1">
                    <p>URIs with the prefix <code>nls:</code> point to page images in the National
                        Library of Scotland.</p>
                </prefixDef>
            </listPrefixDef>
        </encodingDesc>
        <profileDesc>
            <textClass default="false">
                <keywords scheme="http://id.worldcat.org/fast/">
                    <term n="9" ref="fasttopic:947546">Greeks</term>
                    <term n="6" ref="fasttopic:910709">English</term>
                    <term n="3" ref="fasttopic:934209">French</term>
                    <term n="2" ref="fasttopic:839044">British</term>
                    <term n="2" ref="fasttopic:1134082">Storks</term>
                    <term n="5" ref="fasttopic:980104">Islands</term>
                    <term n="3" ref="fasttopic:1355303">Wars</term>
                    <term n="3" ref="fasttopic:1198642">Conquest</term>
                    <term n="3" ref="fasttopic:1092555">Reformation</term>
                    <term n="3" ref="fasttopic:1092647">Reformers</term>
                </keywords>
                <keywords scheme="https://id.cci.drexel.edu/">
                    <term n="9" ref="lcsh1910:b48g8fh7d">Greeks</term>
                    <term n="2" ref="lcsh1910:b49c6s525">Storks</term>
                    <term n="2" ref="lcsh1910:b41834b98">Wards</term>
                    <term n="1" ref="lcsh1910:b4p26qc7r">Turks</term>
                    <term n="3" ref="lcsh1910:b4zw18v1m">War</term>
                    <term n="5" ref="lcsh1910:b4kp7tx0f">Islands</term>
                    <term n="3" ref="lcsh1910:b4bv7b36b">Reformers</term>
                    <term n="3" ref="lcsh1910:b47m04609">Power</term>
                    <term n="3" ref="lcsh1910:b41j9770v">State</term>
                </keywords>
                <keywords scheme="http://id.worldcat.org/fast/">
                    <term n="3" ref="fastgeo:1204901">Austria</term>
                    <term n="3" ref="fastgeo:1219920">England</term>
                    <term n="1" ref="fastgeo:1226682">Albania</term>
                    <term n="1" ref="fastgeo:1207649">Wales</term>
                    <term n="1" ref="fastgeo:1207170">Malta</term>
                    <term n="1" ref="fastgeo:1207312">Russia</term>
                </keywords>
            </textClass>
        </profileDesc>
        <revisionDesc status="published">
            <listChange>
                <change status="public" when="2025-08-15" who="#pml">v1.1. Isolates one entry;
                    corrects "B.c." and variants; replaces "bom" with "born", removed 783 instances
                    of extra space before semicolon. Separates metadata in <gi>teiHeader</gi> into
                    two separate facets: FAST Topical and FAST Geographical.</change>
                <change status="public" when="2023-02-28" who="#pml">v.1 published</change>
                <change status="public" when="2023-02-27" who="#pml">v.1 teiHeader XSL
                    finished</change>
            </listChange>
        </revisionDesc>
    </teiHeader>
    <text>
        <body>
            <div facs="ia:encyclopediabrit13newyrich/page/n216/mode/1up" type="entry">
                <p><label type="entry">IONIAN ISLANDS</label>, the ordinary collective name of Corfu
                    (Κέρκυρα), Cephalonia (Κεφαλλήνια), Zante (Ζάκυνθος), Santa Maura (Λεύκάς),
                    Ithaca, Cerigo (Kυtfypα), and Paxo, with their minor dependencies. As the
                    islands are seven in number they are often called the Heptanesus (Επτάνησος) in
                    Greek, and Heptanesian or Septinsular is the corresponding adjective. The
                    history of the use of Ionian as the distinctive epithet of the islands is
                    sufficiently obscure; but it is probable that, like the application of the name
                    Ionian Sea to this part of the Mediterranean, it is due to the settling of
                    Ionian colonists on the coasts and islands. The islands have no real
                    geographical unity beyond that involved in the fact that, with the exception of
                    Cerigo, situated off the south coast, they are all within a little distance of
                    the west coast of Greece or Albania. Corfu is separated from the mainland by not
                    more than 2 miles, while the passage from it to Santa Maura, the nearest of the
                    larger islands, is no less than 46. Since 1863 the whole Heptanesian territory
                    has been incorporated with the kingdom of Greece, and the several islands have
                    been assigned to different administrative divisions. Corfu, Cephalonia, and
                    Zante each gives its name to one of the thirteen nomarchies of the kingdom;
                    Cerigo is part of the nomarchy of Argolis and Corinth. The area of the seven
                    islands is computed at 1041 square miles. The population shows a steady
                    increase: in 1836 it was 204,242 (110,496 males, 93,746 females); in1854,
                    228,981(123,254 males, 105,727 females); in 1870, 229,516; and in 1879, 244,433.
                    The following table shows the details of the last census :—</p>
                <pb break="no" facs="ia:encyclopediabrit13newyrich/page/n217/mode/1up"
                    xml:id="kp-eb0913-0217-0206"/>
                <table>
                    <row cols="1" role="data" rows="1">
                        <cell cols="1" role="data" rows="1"><p>Nomarchy.</p></cell>
                        <cell cols="1" role="data" rows="1"/>
                        <cell cols="1" role="data" rows="1"><p>Males.</p></cell>
                        <cell cols="1" role="data" rows="1"><p>Females.</p></cell>
                        <cell cols="1" role="data" rows="1"><p>Total,</p><p>1879.</p></cell>
                        <cell cols="1" role="data" rows="1"><p>Total,</p><p>1870.</p></cell>
                    </row>
                    <row cols="1" role="data" rows="1">
                        <cell cols="1" role="data" rows="1"><p>Corfu (Kerkyra).</p></cell>
                        <cell cols="1" role="data" rows="1"><p><hi rend="italic">r</hi>
                            Corfu</p><p>Messe</p><p>ή Oros</p><p>Leucas....</p><p>LPaxo</p></cell>
                        <cell cols="1" role="data" rows="1"
                            ><p>13,402</p><p>12,697</p><p>14,191</p><p>12,185</p><p>2,651</p></cell>
                        <cell cols="1" role="data" rows="1"
                            ><p>13,292</p><p>11,631</p><p>12,811</p><p>10,898</p><p>2,351</p></cell>
                        <cell cols="1" role="data" rows="1"
                            ><p>26,694</p><p>24,328</p><p>27,002</p><p>23,083</p><p>5,002</p></cell>
                        <cell cols="1" role="data" rows="1"
                            ><p>25,729</p><p>21,754</p><p>24,983</p><p>20,892</p><p>3,582</p></cell>
                    </row>
                    <row cols="1" role="data" rows="1">
                        <cell cols="1" role="data" rows="1"/>
                        <cell cols="1" role="data" rows="1"/>
                        <cell cols="1" role="data" rows="1"><p>55,126</p></cell>
                        <cell cols="1" role="data" rows="1"><p>50,983</p></cell>
                        <cell cols="1" role="data" rows="1"><p>106,109</p></cell>
                        <cell cols="1" role="data" rows="1"><p>96,940</p></cell>
                    </row>
                    <row cols="1" role="data" rows="1">
                        <cell cols="1" role="data" rows="1"><p>Cephalonia</p></cell>
                        <cell cols="1" role="data" rows="1"><p>( Craneia...</p><p>J Palle j
                            Same</p><p>( Ithaca</p></cell>
                        <cell cols="1" role="data" rows="1"
                            ><p>15,698</p><p>9,651</p><p>7,925</p><p>6,305</p></cell>
                        <cell cols="1" role="data" rows="1"
                            ><p>16,505</p><p>9,352</p><p>9,190</p><p>5,917</p></cell>
                        <cell cols="1" role="data" rows="1"
                            ><p>32,203</p><p>19,003</p><p>17,115</p><p>12,222</p></cell>
                        <cell cols="1" role="data" rows="1"
                            ><p>33,358</p><p>17,377</p><p>16,774</p><p>9,873</p></cell>
                    </row>
                    <row cols="1" role="data" rows="1">
                        <cell cols="1" role="data" rows="1"/>
                        <cell cols="1" role="data" rows="1"/>
                        <cell cols="1" role="data" rows="1"><p>39,579</p></cell>
                        <cell cols="1" role="data" rows="1"><p>40,964</p></cell>
                        <cell cols="1" role="data" rows="1"><p>80,543</p></cell>
                        <cell cols="1" role="data" rows="1"><p>77,382</p></cell>
                    </row>
                    <row cols="1" role="data" rows="1">
                        <cell cols="1" role="data" rows="1"><p>Zante (Zakynthos).</p><p>Part of
                            Argolis and Corinth.</p></cell>
                        <cell cols="1" role="data" rows="1"><p>Zante</p><p>/ Cerigo</p><p>(
                            (Kythera).</p></cell>
                        <cell cols="1" role="data" rows="1"><p>23,935</p><p>6,750</p></cell>
                        <cell cols="1" role="data" rows="1"><p>20,587</p><p>6,509</p></cell>
                        <cell cols="1" role="data" rows="1"><p>44,522</p><p>13,259</p></cell>
                        <cell cols="1" role="data" rows="1"><p>44,557</p><p>10,637</p></cell>
                    </row>
                    <row cols="1" role="data" rows="1">
                        <cell cols="1" role="data" rows="1"/>
                        <cell cols="1" role="data" rows="1"><p>Total...</p></cell>
                        <cell cols="1" role="data" rows="1"><p>125,390</p></cell>
                        <cell cols="1" role="data" rows="1"><p>119,043</p></cell>
                        <cell cols="1" role="data" rows="1"><p>244,433</p></cell>
                        <cell cols="1" role="data" rows="1"><p>229,516</p></cell>
                    </row>
                </table>
                <p>Corfu has a denser population than any other part of Greece, more than 350
                    inhabitants to the square mile; and Zante ranks next with about 300. The city of
                    Corfu, with its 25,000 inhabitants, is the third in size of the Greek towns,
                    being exceeded only by Patras (Patrai) and Athens.</p>
                <p>As the Ionian Islands have no geographical unity, their political unity is of
                    comparatively modern date. A Septinsular or Heptanesian history, as
                    distinguished from the individual histories of the seven islands, is
                    consequently in its earlier chapters a mere conventional composition produced by
                    gathering together a variety of scarcely connected facts. To a certain extent
                    indeed the various islands have passed under the same succession of influences;
                    they have been subjected to the same invasions, and have received accessions to
                    their populations from the same currents of migration or conquest; but in the
                    degree in which even what may be considered as common experiences have affected
                    the individual islands there has been no small diversity. In the matter of
                    population, for instance, the island of Corfu has undergone much more important
                    modifications than the island of Ithaca. For such facts as the establishment of
                    Ulysses in Ithaca, the settlement of a Corinthian colony in Corfu, and the
                    origin of the Peloponnesian War in a dispute between the colony and the
                    “metropolis,” the reader will consult the separate articles <hi rend="smallcaps"
                    >Corfu, Ithaca, &amp;c.</hi></p>
                <p>The beginning of Heptanesian history may be said to date from the 15th century.
                    Though it is true that Leo the Philosopher (about 890 A.i&gt;.) formed all or
                    most of the islands into a distinct province under the title of the Tema of
                    Cephallenia, and that in this condition they belonged to the Eastern empire
                    after Italy had been divided into various states, this political or
                    administrative unity could not last long in the case of islands situated, as
                    they were, in the very meeting place of opposite currents of conquest. Robert
                    Guiscard, having captured Corfu (1081) and Cephalonia, might have become the
                    founder of a Norman dynasty in the islands but for his early death at Cassopo.
                    Amid the struggles between Greek emperors and Western crusaders that continued
                    to fill the 12th century, Corfu, Cephalonia, Zante, &amp;c., emerge from time to
                    time; but it was not till the Latin empire was established at Constantinople
                    that the Venetians, who were destined to give the Ionian Islands their place in
                    history, obtained possession of Corfu. They were afterwards robbed of the island
                    by Leon Vetrano, a famous Genoese corsair; but he was soon defeated and put to
                    death, and the senate, to secure their position, granted fiefs in Corfu to ten
                    noble families in order that they might colonize it (1206). The conquest of
                    Cephalonia and Zante followed, and we find five counts of the family of Tocco
                    holding certainly the former island, and probably the latter as well as Santa
                    Maura, as tributary to the republic. But the footing thus gained by the
                    Venetians was afterwards lost, and through the closing part of the 13th and most
                    of the 14th century the islands were a prey by turns to corsairs and to Greek
                    and Neapolitan claimants. In 1386, however, the people of Corfu made voluntary
                    submission to the republic which had now risen to be the first maritime power in
                    the Mediterranean, and in 1401 (August 16th) the senate, with mercantile
                    caution, secured their possession of the island from any claim which might be
                    asserted by the kings of Naples through the duchy of Taranto by obtaining a
                    ratification of their title from Ladislaus for the sum of 30,000 ducats. In 1485
                    Zante was purchased from the Turks in a very depopulated condition; and in 1499
                    Cephalonia was captured from the same masters; but Santa Maura, though
                    frequently occupied for a time, was not finally attached to Venice till 1684,
                    and Cerigo was taken only in 1717.</p>
                <p>On the fall of the Venetian republic in 1797, the treaty of Campo Formio, which
                    gave Venice to Austria, annexed the Ionian Islands to France; and in 1798 the
                    French Government ratified the arrangement, and their division into three
                    departments. But a Russo-Turkish force came to drive out the French at the close
                    of that year; and in the spring of 1799 Corfu capitulated. By treaty with the
                    Porte in 1800, the emperor Paul erected the Republic of the Seven United
                    Islands, which, with various modifications, was but another name for anarchy and
                    confusion, till a secret article in the treaty of Tilsit, in 1807, declared the
                    Ionian Islands an integral part of the French empire. They were incorporated
                    with the province of Illyria, and in this condition they remained till the
                    decline of the French power. The British forces, under General Oswald, took
                    Zante, Cephalonia, and Cerigo in 1809, and Santa Maura in 1810; Colonel Church
                    reduced Paxo in 1814; and after the abdication of Napoleon, Corfu, which had
                    been well defended by General Donzelot, was, by order of Louis XVIII., ceded to
                    Sir James Campbell. By the treaty of Paris (9th November 1815) the contracting
                    powers— Great Britain, Russia, Austria, and Prussia—agreed to place the “United
                    States of the Ionian Islands” under the exclusive protection of Great Britain,
                    and to give Austria the right of equal commercial advantage with the protecting
                    country, a plan strongly approved by Count Capodistrias, the famous Corfiot
                    noble who afterwards became president of the new republic of Greece.</p>
                <p>The terms of the treaty were unfortunately not only of indefinite import, but, if
                    not actually self-contradictory, at least susceptible of contradictory
                    interpretation. And, still more unfortunately, instead of interpreting the other
                    articles in harmony with the first, which declared the islands one “sole free
                    and independent state,” the protecting power availed itself of all that they
                    contained in support of the extension of its authority. The first lord high
                    commissioner, Sir Thomas Maitland, who as governor of Malta had acquired the
                    sobriquet of “King Tom,” was not the man to foster the constitutional liberty of
                    an infant state. The treaty required, with questionable wisdom, that a
                    constitution should be established, and this was accordingly done; but its
                    practical value may be judged of from the fact that the budget presented to the
                    assembly of representatives in 1840, without risk of discovery, consisted of so
                    much blank paper,—duly bound, it is true, in purple velvet. The constitution,
                    which came into force in January 1818, placed the administration in the hands of
                    a senate of six members and a legislative assembly of forty members; but the
                    real authority was vested in the commissioner, who was able directly to }τrevent
                    anything, and indirectly to effect almost anything. Sir Thomas Maitland was not
                    slow to exercise the control thus permitted him, though on the whole he did so
                    for the benefit of the islands. The construction of roads, the abolition of
                    direct taxes and of the system of farming the church lands, the securing of
                    impartial administration of justice, and the establishment of educational
                    institutions are among the services ascribed to his efforts. These, however,
                    made less impression on the Heptanesians than his despotic character and the
                    measures which he took to prevent them giving assistance in the Greek war of
                    independence in 1821. He was succeeded in 1823 by General Sir Frederick Adams,
                    who in the main carried out the same policy, though he showed more favour to the
                    aristocracy. It was under his government that the new fortifications of Corfu
                    began to be constructed, and that some of the most important public works which
                    still do honour to the English protectorate were undertaken. In Cephalonia the
                    credit belongs, however, to Colonel Napier, one of the most able and arbitrary
                    Englishmen who had to do with the islands. Lord Nugent, who became commissioner
                    in 1832, began by allowing the parliament greater freedom, but was afterwards
                    compelled to revert to the previous method of management. Sir Howard Douglas,
                    his successor (1835-1841), had a stormy reign. He ruled with a firm, too often
                    with a high hand; and he was met by continual intrigues, contentions, and
                    calumnies. The parliament was prorogued in 1831, 1841, and 1842, the principal
                    exponent of the opposition being the famous Mustoxidi (who died in 1861). A
                    complete change of policy was inaugurated by Mr Mackenzie (1841-43), but his
                    relations to the home Government, rendered more embarrassing by a bold act of
                    his own, led to his speedy resignation. Lord Seaton (1843-49) was induced by the
                    European disturbances of 1848 to propose and urge on a number of important
                    reforms in the constitution; and in 1848 liberty of the press was granted by
                    statute. Freedom of election, both parliamentary and municipal, a large
                    extension of the franchise, and the restoration of voting by ballot were among
                    the concessions of 1849. The assembly (the ninth) first elected under the
                    extended franchise had <pb break="no"
                    facs="ia:encyclopediabrit13newyrich/page/n220/mode/1up"
                    xml:id="kp-eb0913-0220-0207"/> to be twice prorogued by Sir Henry Ward
                    (1849-1855), and was finally dissolved in 1851; and the growing hostility to the
                    Government was vainly met by banishment of members of assembly and editors of
                    papers. The party which wished for union with Greece was rapidly growing in
                    vigour and voice. Serious insurrections of the peasantry, especially in
                    Cephalonia, had to be put down by military force both by Lord Seaton and Sir
                    Henry Ward. Sir John Young (1855-1859) found the tenth parliament of the same
                    temper as the ninth: in its first session it passed a resolution in favour of
                    immediate union with Greece. The hostility of the unionist party to the
                    commissioner himself was increased by the publication (1858) of one of his
                    despatches (stolen from the colonial office), in which he recommended that
                    “Corfu and Paxo should, with the consent of their inhabitants, be converted into
                    English colonies, and that only the southern islands should be handed over to
                    Greece.” About the same time, however, the hopes of the unionists were roused by
                    the appointment of Mr Gladstone as high commissioner extraordinary to
                    investigate into the condition of the islands. From his eminence in Greek
                    scholarship, and his known sympathy with Greek independence, it was their
                    expectation that he would support if he did not satisfy their pretensions. But
                    after a tour through the principal islands Mr Gladstone came to the conclusion
                    that the abolition of the protectorate was not the wish of the mass of the
                    people, and the cordial reception which he owed to his own reputation and
                    character was too much ascribed by him to the general goodwill of the Ionians to
                    the English Government. For a few days in 1859 he held office as lord high
                    commissioner, and in that capacity he proposed for the consideration of the
                    assembly a series of reforms. These reforms were, however, declared inadmissible
                    by the assembly; and Sir Henry Storks (February 16, 1859), who succeeded to the
                    difficult post which Mr Gladstone resigned, began his rule by a prorogation. The
                    contest continued in the same style between the assembly and the protectorate.
                    The English Government was slow to realize the true position of affairs: as late
                    as May 1861 Mr Gladstone spoke of the cession of the islands as “a crime against
                    the safety of Europe,” and Sir Henry Storks continued to report of tranquillity
                    and contentment. The assembly of 1862 accused the commissioner of violation of
                    the constitution and of the treaty of Paris, and complained that England
                    remained in ignorance of what took place in the islands. During this time there
                    had been considerable agitation in Greece owing to the disfavour in which King
                    Otto (of Bavaria) was held. On the abdication of that prince in 1862 the Greek
                    people by universal suffrage voted Prince Alfred of England to the throne, and
                    when he declined to accept the crown England was asked to name a successor. The
                    prince proposed was William, brother of the Princess of Wales; and the English
                    Government declared to the provisional Government of Greece that if they
                    accepted him (which they did) his power would be strengthened by the
                    long-refused cession of the Ionian Islands. In 1863 the commissioner laid before
                    the parliament (the thirteenth) the conditions on which the cession would be
                    carried out. The rejection of one of those conditions— the demolition of the
                    fortifications of Corfu—led to a new prorogation; but none the less (on November
                    14, 1863) the plenipotentiaries of the five great powers signed the protocol by
                    which the protectorate was brought to a close. The neutrality which they
                    attributed to the whole of the islands was afterwards (January 1864) confined to
                    Corfu and Paxo. On May 30 of that year the lord high commissioner handed over
                    the archives of the state to General Zaimis, the Greek plenipotentiary; and on
                    the following day he left Corfu with the English troops and men-of-war. King
                    George (Prince William of Schleswig-Holstein) made his entry into the capital on
                    June 6th. The eighty representatives of the Ionian Islands took their places in
                    the national parliament in July.</p>
                <p><hi rend="italic">Bibliography.—</hi> Bondelmonte, <hi rend="italic">Liber
                    insularum Archipelagi</hi> (written about 1500; published by Sinner, 1824);
                    Benedetto Bordonè, <hi rend="italic">I</hi><hi rend="italic">solario,</hi>
                    venice, 1528-34-62; T. Porcacchi da Castiglione, <hi rend="italic"
                    >L'isole</hi><hi rend="italic">piu</hi><hi rend="italic">famose</hi><hi
                    rend="italic">del mondo,</hi> Venice, 1590; Rul-hières, <hi rend="italic">Essai
                    sur les îles de</hi><hi rend="italic">Zante,</hi><hi rend="italic">de
                    Cerigo,</hi> &lt;fcc., Paris, 1799; Castellan, <hi rend="italic">Lettres sur la
                    Morée et les îles de Cerigo, Idra, et</hi><hi rend="italic">Zante,</hi> Paris,
                    1808; Holland, <hi rend="italic">Travels</hi><hi rend="italic">in</hi><hi
                    rend="italic">the I. I.,</hi> «fcc., London, 1815; Vaudoncourt, <hi
                    rend="italic">Mémoires sur les îles Ioniennes,</hi> English translation, London,
                    1820; De Bosset, <hi rend="italic">Parga and the I.</hi><hi rend="italic"
                    >I.,</hi> London, 1822; C. J. Napier, <hi rend="italic">The Colonies,</hi>
                    London, 1833; Gifford, <hi rend="italic">Visit to the 1.1.,</hi> London, 1837;
                    Sir George Bowen, <hi rend="italic">The 1.1, under British Protection,</hi>
                    London, 1850; Dr Davy, <hi rend="italic">1.1.,</hi> London, 1842, containing
                    many physical observations; H. Cook, <hi rend="italic">The I. I.,</hi> London,
                    1851; Liebetnit, <hi rend="italic">Reise nach den Ionischen Inseln,</hi>
                    Hamburg, 1850; Lunzi, <hi rend="italic">Bella republica settinsulare,</hi> and
                    various other works on the history of the islands by the same author; Ansted,
                    <hi rend="italic">The 1.1.,</hi> London, 1863; Viscount Kirkwall, <hi
                    rend="italic">Four Years in the I. I.,</hi> London, 1864, vol. i. containing a
                    chronological history of the British protectorate; F. Lenormant, <hi
                    rend="italic">La Grice</hi><hi rend="italic">et les îles Ioniennes,</hi> Paris,
                    1865; P. Hiotis (Xιωτις), <hi rend="italic">Hist,</hi><hi rend="italic">des îles
                    Ioniennes,</hi> Zante, 1815-64. Mardo’s <hi rend="italic">Saggio di una
                    descrizione geografico·storica delie</hi><hi rend="italic">Isole,</hi> Corfu,
                    1865, is mainly geographical. De Bosset’s <hi rend="italic">Description</hi><hi
                    rend="italic">des monnaies</hi><hi rend="italic">dl</hi><hi rend="italic"
                    >Ithaque et de Cephalonie,</hi> London, 1815, is an early, contribution to the
                    subject, fully treated by Postolakas, Κατάλογος <hi rend="italic">τών</hi>
                    αρχαίων <hi rend="italic">νομισμάτων τών νήσων Κέρκυρας, Λευκάδας,</hi>
                    &lt;fcc., Athens, 1868. For the linguistic peculiarities of the islands
                    reference may be made to Tsitβelis, Γλωσσάριου Keφαλληviαs, Athens, 1876.</p>
            </div>
        </body>
    </text>
</TEI>
