<?xml version="1.0" encoding="utf-8"?><?xml-model  href="https://TU-plogan.github.io/code/odd/tei_kp1.rng" type="application/xml" schematypens="http://relaxng.org/ns/structure/1.0"?>
<TEI xml:id="kp-eb0913-0223-0210-01" xml:lang="en" xmlns="http://www.tei-c.org/ns/1.0">
    <teiHeader>
        <fileDesc>
            <titleStmt xml:id="eb09_v1.1">
                <title level="a" type="main">IPECACUANHA</title>
                <title level="m" type="main">Encyclopaedia Britannica: A machine-readable
                    transcription</title>
                <title level="m" type="sub">9th edition, volume 13, page 210</title>
                <editor>Edited by <persName ref="https://orcid.org/0000-0003-2362-8282"
                    role="editor" xml:id="pml">Peter Melville Logan</persName></editor>
                <respStmt>
                    <orgName xml:id="kp">Nineteenth-Century Knowledge Project Staff,
                        <affiliation>Temple University</affiliation></orgName>
                    <resp>OCR transcription and data management</resp>
                </respStmt>
                <respStmt>
                    <persName ref="https://orcid.org/0000-0001-7819-5360" xml:id="jg">Jane
                        Greenberg, <affiliation>Metadata Research Center, Drexel
                        University</affiliation></persName>
                    <resp>metadata development</resp>
                </respStmt>
                <respStmt>
                    <persName xml:id="dk">Don Kretz, <affiliation>Distributed
                        Proofreading</affiliation></persName>
                    <resp>data management</resp>
                </respStmt>
                <funder><orgName ref="http://viaf.org/viaf/137796012" xml:id="neh">National
                    Endowment for the Humanities</orgName></funder>
                <funder><orgName ref="http://viaf.org/viaf/121974598" xml:id="imls">Institute of
                    Museum and Library Services</orgName></funder>
                <funder><orgName ref="http://viaf.org/viaf/127396206" xml:id="tu">Temple
                    University</orgName></funder>
                <sponsor><orgName ref="http://viaf.org/viaf/3653147665869560670009" xml:id="cci"
                    >Drexel University, College of Computing &amp; Informatics</orgName></sponsor>
            </titleStmt>
            <editionStmt>
                <edition n="1.1">Version 1.1 <date when="2025">2025</date></edition>
            </editionStmt>
            <extent>486 MB; 17,775 XML files</extent>
            <publicationStmt>
                <publisher corresp="kp"><orgName corresp="kp">Nineteenth-Century Knowledge
                    Project</orgName><email>19kp@temple.edu</email><link
                    target="https://github.com/TU-plogan/KnowledgeProject"/></publisher>
                <availability status="free">
                    <p>Licensed under a Creative Commons Attribution 4.0 International License.</p>
                    <licence target="https://creativecommons.org/licenses/by/4.0/"> CC BY 4.0
                    </licence>
                </availability>
                <date when="2025">2025</date>
            </publicationStmt>
            <seriesStmt>
                <title level="s">Encyclopaedia Britannica: A machine-readable transcription</title>
                <editor corresp="pml">Peter Melville Logan</editor>
            </seriesStmt>
            <sourceDesc>
                <biblFull xml:lang="en">
                    <titleStmt>
                        <title level="m">Encyclopaedia Britannica</title>
                        <editor><persName ref="http://viaf.org/viaf/12465694" xml:id="mn">Baynes, T.
                            Spencer (Thomas Spencer), <date from="1823" to="1887"
                            >1823-1887</date></persName></editor>
                    </titleStmt>
                    <editionStmt>
                        <edition>Ninth Edition</edition>
                    </editionStmt>
                    <extent><measure quantity="25" unit="vol">25 volumes</measure></extent>
                    <publicationStmt>
                        <publisher>Charles Scribner's Sons</publisher>
                        <authority>Authorized reprint from Edinburgh plates</authority>
                        <pubPlace>New York</pubPlace>
                        <date from="1875" to="1889">1875-1889</date>
                    </publicationStmt>
                    <sourceDesc>
                        <bibl xml:id="ia-uc"><title>Encyclopaedia Britannica: a dictionary of arts,
                            sciences, and general literature</title><publisher><orgName
                            ref="https://archive.org/">Internet Archive</orgName><orgName
                            ref="https://archive.org/details/cdl">University of California
                            Libraries, California Digital Library</orgName></publisher><date
                            when="2019">2006</date><idno type="OCLC">592355607</idno><idno
                            type="ark">13960/t0ks6j612</idno><availability>
                            <p>Internet Archive: NOT_IN_COPYRIGHT</p>
                            </availability></bibl>
                    </sourceDesc>
                </biblFull>
                <listBibl>
                    <head>Alternate image sources for this edition:</head>
                    <desc>Alternate images of the same print editions were substituted when the
                        primary source had unusable images for those pages.</desc>
                    <bibl xml:id="um-ht">Hathi Trust, from print source at the University of
                        Michigan: vol. 14, pp. 34-35; vol. 15, pp. 170-171.</bibl>
                </listBibl>
            </sourceDesc>
        </fileDesc>
        <encodingDesc>
            <editorialDecl>
                <ab><list rend="bulleted" type="basic">
                    <item>Encoding has been done using the recommendations for Level 3 of the "TEI
                        in Libraries Guidelines."</item>
                    <item>Individual entries and page-breaks are encoded, but column breaks are
                        omitted.</item>
                    <item>Print page headers and side descriptions are not included.</item>
                    <item>OCR successfully reproduced simple tables, but complex tabular data is not
                        captured dependably and the results should not be relied upon.</item>
                    <item>OCR was not able to successfully reproduce math and chemical formulas. The
                        uncorrected results remain in the text.</item>
                    <item>Some font formatting is preserved: <val>italic</val>,
                        <val>smallcaps</val>, <val>strikethrough</val>, <val>subscript</val>,
                        <val>superscript</val>, <val>underline</val>. The following print styles are
                        ignored: bold, font size, typeface.</item>
                    </list></ab>
                <correction method="markup" status="low">
                    <p>This electronic text file was created by optical character recognition (OCR).
                        OCR errors have not been corrected.</p>
                    <p>Illegible text in the original is indicated using <gi>unclear</gi> or
                        <gi>gap</gi>, as appropriate. If corrected, the reference source is
                        indicated with <gi>supplied</gi>.</p>
                </correction>
                <normalization method="silent">
                    <p>Original spelling is preserved. When noticed, obvious misspellings are
                        combined with the correct spelling as <gi>choice</gi> in the TEI. Ligatures
                        are reproduced as multiple letters. Original footnote and marginal note
                        sigla are replaced with sequential numbers for each entry.</p>
                </normalization>
                <punctuation marks="some">
                    <p>Extra space around punctuation marks is removed.</p>
                </punctuation>
                <quotation marks="some">
                    <p>Quotation marks are retained as content in the text. Redundant open quotation
                        marks at the start of lines inside block quotes are silently removed.</p>
                </quotation>
                <hyphenation eol="hard">
                    <p>Soft hyphens are silently removed.</p>
                </hyphenation>
                <segmentation>
                    <p>The <tag>div type="entry"</tag> element divides the text into individual
                        entries.</p>
                    <p>The <tag>div type="section"</tag> and <tag>div type="subsection"</tag>
                        elements are reserved for future entry subsections.</p>
                </segmentation>
            </editorialDecl>
            <tagsDecl>
                <namespace name="http://www.tei-c.org/ns/1.0">
                    <tagUsage gi="div">Unnumbered divs used.</tagUsage>
                </namespace>
            </tagsDecl>
            <projectDesc>
                <p>All text was encoded for the Nineteenth-Century Knowledge Project to provide a
                    machine-readable edition of the Encyclopedia Britannica to analyze using
                    machine-learning methods.</p>
                <p>Subject keywords are added to <gi>teiHeader</gi> for each entry; they were
                    generated by the HIVE2 automated vocabulary server, created by the Metadata
                    Research Center at Drexel University (<link
                    target="https://hive2.cci.drexel.edu"/>https://hive2.cci.drexel.edu).</p>
            </projectDesc>
            <samplingDecl>
                <p>This release reproduces the text matter for all entries. It does not include
                    images, front- or back-matter. The reproduction of tables and formulae is
                    unreliable. </p>
            </samplingDecl>
            <listPrefixDef>
                <prefixDef ident="fast" matchPattern="(\d+)"
                    replacementPattern="http://id.worldcat.org/fast/$1">
                    <p>URIs with the prefix <code>fastgeo:</code> point to terms in the OCLC FAST
                        (Faceted Application of Subject Terminology) Geographical subject heading
                        schema derived from the Library of Congress Subject Headings (LCSH).</p>
                </prefixDef>
                <prefixDef ident="fast" matchPattern="(\d+)"
                    replacementPattern="http://id.worldcat.org/fast/$1">
                    <p>URIs with the prefix <code>fasttopic:</code> point to terms in the OCLC FAST
                        (Faceted Application of Subject Terminology) Topical subject heading schema
                        derived from the Library of Congress Subject Headings (LCSH).</p>
                </prefixDef>
                <prefixDef ident="lcsh1910" matchPattern="(\w+)"
                    replacementPattern="https://n2t.net/ark:/99152/$1">
                    <p>URIs with the prefix <code>lcsh1910:</code> point to subject terms in <hi
                        rend="italic">Subject Headings Used in the Dictionary Catalogues of the
                        Library of Congress</hi>, 2 vols., Library of Congress, 1910.</p>
                </prefixDef>
                <prefixDef ident="ht" matchPattern="([\w\-\.;=\&#34;&amp;]+)"
                    replacementPattern="https://babel.hathitrust.org/cgi/pt?id=$1">
                    <p>URIs with the prefix <code>ht:</code> point to page images in the Hathi
                        Trust.</p>
                </prefixDef>
                <prefixDef ident="ia" matchPattern="(\w+)"
                    replacementPattern="https://archive.org/details/$1">
                    <p>URIs with the prefix <code>ia:</code> point to page images in the Internet
                        Archive.</p>
                </prefixDef>
                <prefixDef ident="nls" matchPattern="([\w?\=]+)"
                    replacementPattern="https://digital.nls.uk/encyclopaedia-britannica/archive/$1">
                    <p>URIs with the prefix <code>nls:</code> point to page images in the National
                        Library of Scotland.</p>
                </prefixDef>
            </listPrefixDef>
        </encodingDesc>
        <profileDesc>
            <textClass default="false">
                <keywords scheme="https://id.cci.drexel.edu/">
                    <term n="7" ref="lcsh1910:b47w6785w">Ipecacuanha</term>
                    <term n="5" ref="lcsh1910:b42f7jq7r">Drugs</term>
                    <term n="4" ref="lcsh1910:b4vd6pc2x">Planting</term>
                    <term n="4" ref="lcsh1910:b47d2q79t">Plants</term>
                    <term n="2" ref="lcsh1910:b4319s24m">Acids</term>
                    <term n="1" ref="lcsh1910:b4vh5ch72">Americanisms</term>
                    <term n="1" ref="lcsh1910:b41v5bh84">Gardens</term>
                    <term n="1" ref="lcsh1910:b47m04609">Power</term>
                    <term n="1" ref="lcsh1910:b45m62b4v">Germans</term>
                </keywords>
                <keywords scheme="http://id.worldcat.org/fast/">
                    <term n="4" ref="fastgeo:1206830">Brazil</term>
                    <term n="1" ref="fastgeo:1210276">India</term>
                    <term n="1" ref="fastgeo:1219920">England</term>
                </keywords>
                <keywords scheme="http://id.worldcat.org/fast/">
                    <term n="5" ref="fasttopic:898761">Drugs</term>
                    <term n="4" ref="fasttopic:1065823">Plants</term>
                    <term n="2" ref="fasttopic:795828">Acids</term>
                    <term n="2" ref="fasttopic:1198483">Brown</term>
                    <term n="2" ref="fasttopic:850620">Cent</term>
                    <term n="1" ref="fasttopic:807480">Americanisms</term>
                    <term n="1" ref="fasttopic:937895">Gardens</term>
                    <term n="1" ref="fasttopic:937852">Gardening</term>
                    <term n="1" ref="fasttopic:942100">Germans</term>
                    <term n="1" ref="fasttopic:835724">Bolivians</term>
                </keywords>
            </textClass>
        </profileDesc>
        <revisionDesc status="published">
            <listChange>
                <change status="public" when="2025-08-15" who="#pml">v1.1. Isolates one entry;
                    corrects "B.c." and variants; replaces "bom" with "born", removed 783 instances
                    of extra space before semicolon. Separates metadata in <gi>teiHeader</gi> into
                    two separate facets: FAST Topical and FAST Geographical.</change>
                <change status="public" when="2023-02-28" who="#pml">v.1 published</change>
                <change status="public" when="2023-02-27" who="#pml">v.1 teiHeader XSL
                    finished</change>
            </listChange>
        </revisionDesc>
    </teiHeader>
    <text>
        <body>
            <div facs="ia:encyclopediabrit13newyrich/page/n223/mode/1up" type="entry">
                <p><label type="entry">IPECACUANHA</label>. The root used in medicine under this
                    name is obtained from <hi rend="italic">Cephaelis Ipecacuanha,</hi> A. Rich., a
                    small shrubby plant of the natural order <hi rend="italic">Cincho-nαcese.</hi>
                    It is a native of Brazil, growing in clumps or patches in moist shady forests
                    from 8° to 22° S. lat., and is believed to extend to the Bolivian province of
                    Chiquitos, and the valley of Cauca in New Granada. The drug of commerce is
                    procured chiefly from the region lying between the towns of Cuyaba, Villa Bella,
                    Villa Maria, and Diamantina in the province of Matto Grosso, and near the German
                    colony of Philadelphia, north of Rio Janeiro. Ipecacuanha, although in common
                    use in Brazil, was not employed in Europe previous to 1672. In France within a
                    few years after that date it formed the chief ingredient in a remedy for
                    dysentery, the secret of the composition of which was purchased by the French
                    Government for 1000 louis d’or, and made public in 1688. The botanical source of
                    ipecacuanha was not accurately known until 1800.</p>
                <p>The mode of obtaining the root is thus described by Weddell. The collector or <hi
                    rend="italic">poayero</hi> grasps the whole of the stems of the <hi
                    rend="italic">poaya</hi> or ipecacuanha plant in one hand, and loosens the roots
                    by inserting a stick obliquely under them, to which is given a see-saw motion;
                    the adhering soil is then shaken off, and the root placed in a bag. A poayero
                    collects on the average about 10 to 12 lb of the root in a day, but sometimes as
                    much as 30 fl), or as little as 6 fl) or 8 K&gt;. The root requires to be dried
                    rapidly; it is therefore spread out in the sunshine as much as possible, and at
                    night is covered over to shield it from the dew. In about three days, under
                    favourable circumstances, it becomes dry, and is then broken up, sifted to
                    remove sand or dirt, and packed in “serons,” or bales made of cowhide.</p>
                <p>The root is gathered during the whole of the year, but in less quantity during
                    the rainy season on account of the difficulty of drying the root. As imported,
                    about three packages out of four are damaged by sea-water or damp. The root
                    appears to be possessed of very great vitality, for in 1869 M <hi
                    rend="superscript"> t</hi> Nab, the late curator of the Botanical Gardens of
                    Edinburgh, discovered that so small a portion as - <hi rend="subscript"> 1</hi>
                    ⅛ of an . inch of the annulated root, placed in suitable soil, would throw out a
                    leaf-bud and develop into a fresh plant, while Lindsay, a gardener in the same
                    establishment, proved that even the leaf-stalk is capable of producing roots and
                    buds; hence there is but little probability of the plant being destroyed in its
                    native habitat. The great value of the drug in dysentery, and its rapid increase
                    in price from an average of 2s. 9⅜d. per ft&gt; in 1850 to about 8s. 9d. per
                    fl&gt; in 1870, led to attempts to acclimatize the plant in India, which,
                    however, have not hitherto proved to be a commercia] success, owing to the
                    difficulty of finding suitable spots for its cultivation, and to its slowness of
                    growth. Like other dimorphic plants, ipecacuanha ripens seeds best when
                    cross-fertilized, and presents various forms. Two of these have been described
                    by Professor Balfour of Edinburgh, one distinguished by having a woody stem,
                    firm elliptic or oval leaves, with wavy margins and few hairs, and the other by
                    an herbaceous stem, and leaves less coriaceous in texture, more hairy, and not
                    wavy at the margins. This diversity of form is most apparent in young plants,
                    and tends to disappear with age.</p>
                <p>Ipecacuanha root occurs in pieces about 2 or 3 lines in thickness, of a
                    greyish-brown or reddish-brown tint externally, having a ringed or annulated
                    surface, and exhibiting a white or greyish interior and a hard wiry centre. It
                    has a faint rather musty odour, and a bitterish taste. It is usually mixed with
                    more or less of the slender subterranean stem, which has a very thin bark, and
                    is thus easily distinguished from the root. The activity of the drug resides
                    chiefly in the cortical portion, and hence the presence of the stem diminishes
                    its value. The variety imported from New Granada and known as Cartagena
                    ipecacuanha differs only in its larger size and in being less conspicuously
                    annulated. Ipecacuanha owes its properties to the presence of rather less than 1
                    per cent, of the alkaloid emetine, which, with the exception of traces, occurs
                    only in the cortical portion of the root. The formula assigned to emetine has
                    been variously stated by different chemists, that published by Lefort and Wurtz
                    in 1877 is C <hi rend="subscript"> 28</hi> H <hi rend="subscript"> 40</hi> N <hi
                    rend="subscript"> 2</hi> O <hi rend="subscript"> 5</hi>. Emetine is a white
                    powder, turning brown on exposure to light, and softening at 70° C. (158°
                    Fahr.). It is precipitated from its solution by tannin and nitrate of potassium,
                    and is soluble in chloroform, but only slightly so in ether. A solution
                    containing only <hi rend="subscript"> 7</hi> oW part of emetine has been shown
                    by Power to become of an intense and permanent yellow colour when treated with a
                    solution of chlorinated lime and a little acetic acid. Emetine exists in the
                    root in combination with ipecacuanhic acid, which according to Reich is a
                    glucoside. It is amorphous, bitter, and very hygroscopic. The root contains also
                    about 37 per cent, of starch, a large quantity of pectin, and small proportions
                    of resin, fat, albumen, and fermentable and crystallizable sugar.</p>
                <p>Ipecacuanha is one of the safest and most valuable emetics, being more suitable
                    for administering to children than any other. The amount required to produce its
                    effect varies considerably, children as a rule being more tolerant than adults:
                    according to Ringer, thirty grains is the average dose for an adult, twenty
                    grains for young children. Its action is rather slow, taking place in from 20
                    minutes to half an hour after ingestion. Minute quantities of the drug, on the
                    contrary, such as drop doses of ipecacuanha wine every hour or three times a
                    day, <pb break="no" facs="ia:encyclopediabrit13newyrich/page/n224/mode/1up"
                    xml:id="kp-eb0913-0224-0211"/> according to the urgency of the case, have the
                    effect of checking vomiting arising from natural causes. The nauseating and
                    emetic properties of ipecacuanha are believed to be due to its influencing the
                    peripheral terminations of the pneumogastric nerve, since it produces vomiting
                    even if injected into the blood. In nauseating doses it acts both as a
                    diaphoretic and antispasmodic. It is also a stimulant or irritant of the mucous
                    membranes, and is hence classed as an expectorant, and used successfully in
                    cough, bronchitis, gastric catarrh, and diarrhoea. Some individuals are so
                    sensitive to the action of ipecacuanha as to suffer, even on smelling the drug
                    on entering a room where it is kept, all the symptoms of coryza, hay fever, or
                    bronchitis. In large doses of from 60 to 90 grains, repeated if required in 10
                    or 12 hours,— the patient lying on his back to prevent sickness or nausea, —it
                    is found to be one of the most valuable remedies in dysentery, especially in the
                    epidemic and sporadic forms met with in tropical and malarious countries.
                    Externally applied in the form of ointment, ipecacuanha causes considerable
                    irritation, followed by the appearance of pustules and ulceration. In doses of
                    one-eighth to one-sixth of a grain it acts as a stomachic, and probably
                    increases the gastric secretions.</p>
                <p>Other plants to which the name of ipecacuanha has been popularly applied are
                    American Ipecacuanha <hi rend="italic">(Gillenia jstipulaceu,</hi> Spreng.),
                    Wild Ipecacuanha <hi rend="italic">(Euphorbia Ipecacuanha,</hi> L.), Bastard
                    Ipecacuanha <hi rend="italic">(Asclepius curassavica,</hi> L.), Guiana
                    Ipecacuanha <hi rend="italic">(Boer-havia</hi><hi rend="italic">decumbens,</hi>
                    Vahl), Venezuela Ipecacuanha <hi rend="italic">(Sarcosternma</hi><hi
                    rend="italic">glaucum,</hi> H. B.), and Ipecacuanha des Allemands (<hi
                    rend="italic">Vincetoxicum officinale,</hi> Moench. ). All these possess emetic
                    properties to a greater or less degree.</p>
                <p>The term <hi rend="italic">poaya</hi> is applied in Brazil to emetic roots of
                    several genera belonging to the natural orders <hi rend="italic">Cinchonaccae,
                    Violaceae,</hi> and <hi rend="italic">Polygalaceae,</hi> and hence several
                    different roots have from time to time been sent over to England as ipecacuanha;
                    but none of them possesses the ringed or annulated appearance of the true drug.
                    Of these the roots of <hi rend="italic">Ionidium Ipecacuanha,</hi> Vent., <hi
                    rend="italic">Richardsonia</hi><hi rend="italic">scabra,</hi> St. Hil., and <hi
                    rend="italic">Psychotria</hi><hi rend="italic">emetica,</hi> Mutis, are those
                    which have most frequently been exported from Brazil or New Granada.</p>
                <p>See <hi rend="italic">Pharmacographia,</hi> 2d ed., pp. 370-376; Bentley and
                    Trimen, <hi rend="italic">Medicinal Plants,</hi> 20; Martius, <hi rend="italic"
                    >Systema</hi><hi rend="italic">Materiae Medicae Brasiliensis,</hi> p. 91-94;
                    Ringer, <hi rend="italic">Handbook of Therapeutics,</hi> 8th ed., p. 406;
                    Bartholow, <hi rend="italic">Materia</hi><hi rend="italic">Medica</hi><hi
                    rend="italic">and Therapeutics,</hi> pp. 423-428. (E. Μ. H.)</p>
            </div>
        </body>
    </text>
</TEI>
