<?xml version="1.0" encoding="utf-8"?><?xml-model  href="https://TU-plogan.github.io/code/odd/tei_kp1.rng" type="application/xml" schematypens="http://relaxng.org/ns/structure/1.0"?>
<TEI xml:id="kp-eb0901-0024-0009-03" xml:lang="en" xmlns="http://www.tei-c.org/ns/1.0">
    <teiHeader>
        <fileDesc>
            <titleStmt xml:id="eb07_v1.0">
                <title level="a" type="main">ABBESS (9th edition, volume 1, page 9)</title>
                <title level="m" type="main">Encyclopaedia Britannica, 9th edition</title>
                <title level="m" type="sub">A machine-readable transcription</title>
                <editor>Edited by <persName ref="https://orcid.org/0000-0003-2362-8282"
                    role="editor" xml:id="pml">Peter Melville Logan</persName></editor>
                <respStmt>
                    <orgName xml:id="kp">Nineteenth-Century Knowledge Project Staff,
                        <affiliation>Temple University</affiliation></orgName>
                    <resp>OCR transcription and data management</resp>
                </respStmt>
                <respStmt>
                    <persName ref="https://orcid.org/0000-0001-7819-5360" xml:id="jg">Jane
                        Greenberg, <affiliation>Metadata Research Center, Drexel
                        University</affiliation></persName>
                    <resp>metadata development</resp>
                </respStmt>
                <respStmt>
                    <persName xml:id="dk">Don Kretz, <affiliation>Distributed
                        Proofreading</affiliation></persName>
                    <resp>data management</resp>
                </respStmt>
                <funder><orgName ref="http://viaf.org/viaf/137796012" xml:id="neh">National
                    Endowment for the Humanities</orgName></funder>
                <funder><orgName ref="http://viaf.org/viaf/121974598" xml:id="imls">Institute of
                    Museum and Library Services</orgName></funder>
                <funder><orgName ref="http://viaf.org/viaf/127396206" xml:id="tu">Temple
                    University</orgName></funder>
                <sponsor><orgName ref="http://viaf.org/viaf/3653147665869560670009" xml:id="cci"
                    >Drexel University, College of Computing &amp; Informatics</orgName></sponsor>
            </titleStmt>
            <editionStmt>
                <edition n="1.0">Version 1.0, initial release <date when="2023"
                    >2023</date></edition>
            </editionStmt>
            <extent>387 MB; 17,772 XML files in 47 folders </extent>
            <publicationStmt>
                <publisher corresp="kp"><orgName corresp="kp">Nineteenth-Century Knowledge
                    Project</orgName><email>nckp@temple.edu</email><link
                    target="https://tu-plogan.github.io/index.html"/></publisher>
                <availability status="free">
                    <p>Licensed under a Creative Commons Attribution 4.0 International License.</p>
                    <licence target="https://creativecommons.org/licenses/by/4.0/"> CC BY 4.0
                    </licence>
                </availability>
                <date when="2020">2023</date>
            </publicationStmt>
            <seriesStmt>
                <title level="s">Encyclopaedia Britannica: A machine-readable text
                    transcription</title>
                <editor corresp="pml">Peter Melville Logan</editor>
            </seriesStmt>
            <sourceDesc>
                <biblFull xml:lang="en">
                    <titleStmt>
                        <title level="m">Encyclopaedia Britannica</title>
                        <editor><persName ref="http://viaf.org/viaf/12465694" xml:id="mn">Baynes, T.
                            Spencer (Thomas Spencer), <date from="1823" to="1887"
                            >1823-1887</date></persName></editor>
                    </titleStmt>
                    <editionStmt>
                        <edition>Ninth Edition</edition>
                    </editionStmt>
                    <extent><measure quantity="25" unit="vol">25 volumes</measure></extent>
                    <publicationStmt>
                        <publisher>Charles Scribner's Sons</publisher>
                        <authority>Authorized reprint from Edinburgh plates</authority>
                        <pubPlace>New York</pubPlace>
                        <date from="1875" to="1889">1875-1889</date>
                    </publicationStmt>
                    <sourceDesc>
                        <bibl xml:id="ia-uc"><title>Encyclopaedia Britannica: a dictionary of arts,
                            sciences, and general literature</title><publisher><orgName
                            ref="https://archive.org/">Internet Archive</orgName><orgName
                            ref="https://archive.org/details/cdl">University of California
                            Libraries, California Digital Library</orgName></publisher><date
                            when="2019">2006</date><idno type="OCLC">592355607</idno><idno
                            type="ark">13960/t0ks6j612</idno><availability>
                            <p>Internet Archive: NOT_IN_COPYRIGHT</p>
                            </availability></bibl>
                    </sourceDesc>
                </biblFull>
                <listBibl>
                    <head>Alternate image sources for this edition:</head>
                    <desc>Alternate images of the same print editions were substituted when the
                        primary source had unusable images for those pages.</desc>
                    <bibl xml:id="um-ht">Hathi Trust, from print source at the University of
                        Michigan: vol. 14, pp. 34-35; vol. 15, pp. 170-171.</bibl>
                </listBibl>
            </sourceDesc>
        </fileDesc>
        <encodingDesc>
            <editorialDecl>
                <correction method="markup" status="low">
                    <p>This electronic text file was created by optical character recognition (OCR).
                        OCR errors have not been corrected.</p>
                    <p>Illegible text in the original is indicated using <gi>unclear</gi> or
                        <gi>gap</gi>, as appropriate. If corrected, the reference source is
                        indicated with <gi>supplied</gi>.</p>
                </correction>
                <normalization method="silent">
                    <p>Original spelling is preserved. When noticed, obvious misspellings are
                        combined with the correct spelling as <gi>choice</gi> in the TEI. Ligatures
                        are reproduced as multiple letters. Original footnote and marginal note
                        sigla are replaced with sequential numbers for each entry.</p>
                </normalization>
                <punctuation marks="some">
                    <p>Extra space around punctuation marks is removed.</p>
                </punctuation>
                <quotation marks="some">
                    <p>Quotation marks are retained as content in the text. Redundant open quotation
                        marks at the start of lines inside block quotes are silently removed.</p>
                </quotation>
                <hyphenation eol="hard">
                    <p>Soft hyphens are removed silently.</p>
                </hyphenation>
                <segmentation>
                    <p>The <tag>div type="entry"</tag> element divides the text into individual
                        entries.</p>
                    <p>The <tag>div type="section"</tag> and <tag>div type="subsection"</tag>
                        elements are reserved for future entry subsections.</p>
                </segmentation>
                <ab><list rend="bulleted" type="basic">
                    <item>Encoding uses the recommendations for Level 3 of the TEI in Libraries
                        Guidelines.</item>
                    <item>Individual entries and page-breaks are encoded, but column breaks are
                        omitted.</item>
                    <item>Running headers and side descriptions are not included.</item>
                    <item>Some font formatting is preserved: italic, small caps, strike-through,
                        subscript, superscript, underline. The following formatting is ignored:
                        bold, font size, typeface.</item>
                    </list></ab>
            </editorialDecl>
            <tagsDecl>
                <namespace name="http://www.tei-c.org/ns/1.0">
                    <tagUsage gi="div">Unnumbered divs used.</tagUsage>
                </namespace>
            </tagsDecl>
            <projectDesc>
                <p>All text was encoded for the Nineteenth-Century Knowledge Project to provide a
                    machine-readable edition of the Encyclopedia Britannica to analyze.</p>
                <p>Subject-level metadata was added to each entry using the HIVE automated
                    vocabulary server created by the Metadata Research Center at Drexel University
                    (<link target="https://hive2.cci.drexel.edu"/>https://hive2.cci.drexel.edu).</p>
            </projectDesc>
            <samplingDecl>
                <p>The first release is a reproduction of text matter for all entries. It does not
                    include images, tables, formulae, front- or back-matter. It omits volume 1,
                    which consists of "Dissertations" rather than entries.</p>
            </samplingDecl>
            <listPrefixDef>
                <prefixDef ident="fast" matchPattern="(\d+)"
                    replacementPattern="http://id.worldcat.org/fast/$1">
                    <p>URIs with the prefix <code>fast:</code> point to terms in the OCLC FAST
                        (Faceted Application of Subject Terminology) subject heading schema derived
                        from the Library of Congress Subject Headings (LCSH).</p>
                </prefixDef>
                <prefixDef ident="lcsh1910" matchPattern="(\w+)"
                    replacementPattern="https://n2t.net/ark:/99152/$1">
                    <p>URIs with the prefix <code>lcsh1910:</code> point to subject terms in the
                        volume <hi rend="italic">Subject Headings Used in the Dictionary Catalogues
                        of the Library of Congress</hi>, 7 vols., Library of Congress, 1910.</p>
                </prefixDef>
                <prefixDef ident="ht" matchPattern="([\w\-\.;=\&#34;&amp;]+)"
                    replacementPattern="https://babel.hathitrust.org/cgi/pt?id=$1">
                    <p>URIs with the prefix <code>ht:</code> point to page images in the Hathi
                        Trust.</p>
                </prefixDef>
                <prefixDef ident="ia" matchPattern="(\w+)"
                    replacementPattern="https://archive.org/details/$1">
                    <p>URIs with the prefix <code>ia:</code> point to page images in the Internet
                        Archive.</p>
                </prefixDef>
                <prefixDef ident="nls" matchPattern="([\w?\=]+)"
                    replacementPattern="https://digital.nls.uk/encyclopaedia-britannica/archive/$1">
                    <p>URIs with the prefix <code>nls:</code> point to page images in the National
                        Library of Scotland.</p>
                </prefixDef>
            </listPrefixDef>
        </encodingDesc>
        <profileDesc>
            <textClass>
                <keywords scheme="https://id.cci.drexel.edu/">
                    <term ref="lcsh1910:b4j38kq6z">Nuns</term>
                    <term ref="lcsh1910:b4qn5z981">Abbots</term>
                    <term ref="lcsh1910:b47p8tc5z">Abbeys</term>
                    <term ref="lcsh1910:b4057cr7r">Convents</term>
                    <term ref="lcsh1910:b4gf0mz4b">Conventions</term>
                    <term ref="lcsh1910:b4z892m1t">Celtic</term>
                </keywords>
                <keywords scheme="http://id.worldcat.org/fast/">
                    <term ref="fast:1041386">Nuns</term>
                    <term ref="fast:794221">Abbots</term>
                    <term ref="fast:1119758">Sisters</term>
                    <term ref="fast:1165037">Veils</term>
                    <term ref="fast:1015978">Men</term>
                    <term ref="fast:910709">English</term>
                </keywords>
                <keywords scheme="http://id.worldcat.org/fast/">
                    <term ref="fast:1219920">England</term>
                    <term ref="fast:1204303">Spain</term>
                    <term ref="fast:1754964">Rome</term>
                </keywords>
            </textClass>
        </profileDesc>
        <revisionDesc status="published">
            <change status="public" when="2023-02-28" who="#pml">v.1 published</change>
            <change status="public" when="2023-02-27" who="#pml">v.1 teiHeader XSL finished</change>
        </revisionDesc>
    </teiHeader>
    <text>
        <body>
            <div facs="ia:encyclopediabrit01newyrich/page/n24/mode/1up" type="entry">
                <p><label type="entry">ABBESS</label>, the female superior of an abbey or convent of
                    nuns. The mode of election, position, rights, and authority of an abbess,
                    correspond generally with those of an abbot. The office was elective, the choice
                    being by the secret votes of the sisters from their own body. The abbess was
                    solemnly admitted to her office by episcopal benediction, together with the
                    conferring of a staff and pectoral, and held it for life, though liable to be
                    deprived for misconduct. The Council of Trent fixes the qualifying age at forty,
                    with eight years of profession. Abbesses had <pb break="no"
                    facs="ia:encyclopediabrit01newyrich/page/n25/mode/1up"
                    xml:id="kp-eb0901-0025-0010"/> a right to demand absolute obedience of their
                    nuns, over whom they exercised discipline, extending even to the power of
                    expulsion, subject, however, to the bishop. As a female an abbess was incapable
                    of performing the spiritual functions of the priesthood belonging to an abbot.
                    She could not ordain, confer the veil, nor excommunicate. In the eighth century
                    abbesses were censured for usurping priestly powers by presuming to give the
                    veil to virgins, and to confer benediction and imposition of hands on men. In
                    England they attended ecclesiastical councils, <hi rend="italic">e.g.</hi> that
                    of Becanfield in 694, where they signed before the presbyters.</p>
                <p>By Celtic usage abbesses presided over joint-houses of monks and nuns. This
                    custom accompanied Celtic monastic missions to France and Spain, and even to
                    Rome itself. At a later period, <hi rend="smallcaps">a.d.</hi> 1115, Robert, the
                    founder of Fontevraud, committed the government of the whole order, men as well
                    as women, to a female superior.</p>
                <p>Martene asserts that abbesses formerly confessed nuns, but that their undue
                    inquisitiveness rendered it necessary to forbid the practice.</p>
                <p>The dress of an English abbess of the 12th century consisted of a long white
                    tunic with close sleeves, and a black overcoat as long as the tunic, with large
                    and loose sleeves, the hood covering the head completely. The abbesses of the
                    14th and 15th centuries had adopted secular habits, and there was little to
                    distinguish them from their lay sisters. <hi rend="smallcaps">(e. v.)</hi></p>
            </div>
        </body>
    </text>
</TEI>
