<?xml version="1.0" encoding="utf-8"?><?xml-model  href="https://TU-plogan.github.io/code/odd/tei_kp1.rng" type="application/xml" schematypens="http://relaxng.org/ns/structure/1.0"?>
<TEI xml:id="kp-eb0714-3449-0279-01" xml:lang="en" xmlns="http://www.tei-c.org/ns/1.0">
    <teiHeader>
        <fileDesc>
            <titleStmt xml:id="eb07_v1.0">
                <title level="a" type="main">MASON, William (7th edition, volume 14, page
                    279)</title>
                <title level="m" type="main">Encyclopaedia Britannica, 7th edition</title>
                <title level="m" type="sub">A machine-readable transcription</title>
                <editor>Edited by <persName ref="https://orcid.org/0000-0003-2362-8282"
                    role="editor" xml:id="pml">Peter Melville Logan</persName></editor>
                <respStmt>
                    <orgName xml:id="kp">Nineteenth-Century Knowledge Project Staff,
                        <affiliation>Temple University</affiliation></orgName>
                    <resp>OCR transcription and data management</resp>
                </respStmt>
                <respStmt>
                    <persName ref="https://orcid.org/0000-0001-7819-5360" xml:id="jg">Jane
                        Greenberg, <affiliation>Metadata Research Center, Drexel
                        University</affiliation></persName>
                    <resp>metadata development</resp>
                </respStmt>
                <respStmt>
                    <persName xml:id="dk">Don Kretz, <affiliation>Distributed
                        Proofreading</affiliation></persName>
                    <resp>data management</resp>
                </respStmt>
                <funder><orgName ref="http://viaf.org/viaf/137796012" xml:id="neh">National
                    Endowment for the Humanities</orgName></funder>
                <funder><orgName ref="http://viaf.org/viaf/121974598" xml:id="imls">Institute of
                    Museum and Library Services</orgName></funder>
                <funder><orgName ref="http://viaf.org/viaf/127396206" xml:id="tu">Temple
                    University</orgName></funder>
                <sponsor><orgName ref="http://viaf.org/viaf/3653147665869560670009" xml:id="cci"
                    >Drexel University, College of Computing &amp; Informatics</orgName></sponsor>
            </titleStmt>
            <editionStmt>
                <edition n="1.0">Version 1.0, initial release <date when="2022"
                    >2022</date></edition>
            </editionStmt>
            <extent>411 MB; 20,984 XML files </extent>
            <publicationStmt>
                <publisher corresp="kp"><orgName corresp="kp">Nineteenth-Century Knowledge
                    Project</orgName><email>nckp@temple.edu</email><link
                    target="https://github.com/TU-plogan/KnowledgeProject"/></publisher>
                <availability status="free">
                    <p>Licensed under a Creative Commons Attribution 4.0 International License.</p>
                    <licence target="https://creativecommons.org/licenses/by/4.0/"> CC BY 4.0
                    </licence>
                </availability>
                <date when="2020">2022</date>
            </publicationStmt>
            <seriesStmt>
                <title level="s">Encyclopaedia Britannica: A machine-readable text
                    transcription</title>
                <editor corresp="pml">Peter Melville Logan</editor>
            </seriesStmt>
            <sourceDesc>
                <biblFull xml:lang="en">
                    <titleStmt>
                        <title level="m">Encyclopaedia Britannica</title>
                        <editor><persName ref="http://viaf.org/viaf/79392506" xml:id="mn">Napier,
                            Macvey, 1776-1847</persName></editor>
                    </titleStmt>
                    <editionStmt>
                        <edition>Seventh Edition</edition>
                    </editionStmt>
                    <extent><measure quantity="21" unit="vol"> 21 volumes</measure></extent>
                    <publicationStmt>
                        <publisher>Adam and Charles Black</publisher>
                        <pubPlace>Edinburgh</pubPlace>
                        <date from="1830" to="1842">1830-1842</date>
                    </publicationStmt>
                    <sourceDesc>
                        <bibl xml:id="NLS"><title>Seventh edition - Encyclopaedia Britannica
                            [190218838]</title><publisher><orgName
                            ref="https://digital.nls.uk/encyclopaedia-britannica/archive/190218838"
                            >National Library of Scotland</orgName></publisher><date when="2019"
                            >2019</date><idno type="DOI">https://doi.org/10.34812/cg4r-dn40</idno><availability>
                            <p>National Library of Scotland License: CC BY 4.0</p>
                            <licence target="https://creativecommons.org/licenses/by/4.0/">CC BY 4.0
                            </licence>
                            </availability></bibl>
                    </sourceDesc>
                </biblFull>
                <listBibl>
                    <head>Alternate image sources for this edition:</head>
                    <bibl xml:id="UW-HT">Hathi Trust, from print source at the University of
                        Wisconsin: vol. 9, pp. 29, 31, 32, 36, 37, 39, 41, 48, 50-55, 57, 59, 62,
                        63, 66, 67, 69-71, 76, 88; vol. 19 (all).</bibl>
                    <bibl xml:id="UCH-HT">Hathi Trust, from print souce at the University of
                        Chicago: vol. 10, pp. 7-10; vols. 20, 21 (all).</bibl>
                </listBibl>
            </sourceDesc>
        </fileDesc>
        <encodingDesc>
            <editorialDecl>
                <correction method="markup" status="low">
                    <p>This electronic text file was created by optical character recognition (OCR).
                        OCR errors have not been corrected.</p>
                    <p>Illegible text in the original is indicated using <gi>unclear</gi> or
                        <gi>gap</gi>, as appropriate. If corrected, the reference source is
                        incidated with <gi>supplied</gi>.</p>
                </correction>
                <normalization method="silent">
                    <p>Original spelling is preserved. When noticed, obvious misspellings are
                        combined with the correct spelling as <gi>choice</gi> in the TEI. Ligatures
                        are reproduced as multiple letters. Original footnote and marginal note
                        sigla are replaced with sequential numbers for each entry.</p>
                </normalization>
                <punctuation marks="some">
                    <p>Extra space around punctuation marks is removed.</p>
                </punctuation>
                <quotation marks="some">
                    <p>Quotation marks are retained as content in the text. Redundant open quotation
                        marks at the start of lines inside block quotes are silently removed.</p>
                </quotation>
                <hyphenation eol="hard">
                    <p>Soft hyphens are removed silently.</p>
                </hyphenation>
                <segmentation>
                    <p>The <tag>div type="entry"</tag> element divides the text into individual
                        entries.</p>
                    <p>The <tag>div type="section"</tag> and <tag>div type="subsection"</tag>
                        elements are reserved for entry subsections.</p>
                </segmentation>
                <ab><list>
                    <item>Encoding has been done using the recommendations for Level 3 of the TEI in
                        Libraries Guidelines.</item>
                    <item>Individual entries and page-breaks are encoded, but column breaks are
                        omitted.</item>
                    <item>Running headers and side descriptions are not included.</item>
                    <item>Some font formatting is preserved: italic, small caps, strike through,
                        subscript, superscript, underline. The following formatting is ignored:
                        bold, font size, typeface.</item>
                    </list></ab>
            </editorialDecl>
            <tagsDecl>
                <namespace name="http://www.tei-c.org/ns/1.0">
                    <tagUsage gi="div">Unnumbered divs used.</tagUsage>
                </namespace>
            </tagsDecl>
            <projectDesc>
                <p>All text was encoded for the Nineteenth-Century Knowledge Project to provide a
                    machine-readable edition of the Encyclopedia Britannica to analyze.</p>
                <p>Subject-level metadata was added to each entry using the HIVE automated
                    vocabulary server created by the Metadata Research Center at Drexel University
                    (<link target="https://hive2.cci.drexel.edu"/>https://hive2.cci.drexel.edu).</p>
            </projectDesc>
            <samplingDecl>
                <p>The first release is a reproduction of text matter for all entries. It does not
                    include images, tables, formulae, front- or back-matter. It omits volume 1,
                    which consists of "Dissertations" rather than entries.</p>
            </samplingDecl>
            <listPrefixDef>
                <prefixDef ident="fast" matchPattern="(\d+)"
                    replacementPattern="http://id.worldcat.org/fast/$1">
                    <p>URIs with the prefix <code>fast:</code> point to terms in the OCLC FAST
                        (Faceted Application of Subject Terminology) subject heading schema derived
                        from the Library of Congress Subject Headings (LCSH).</p>
                </prefixDef>
                <prefixDef ident="lcsh1910" matchPattern="(\w+)"
                    replacementPattern="https://n2t.net/ark:/99152/$1">
                    <p>URIs with the prefix <code>lcsh1910:</code> point to subject terms in the
                        volume <hi rend="italic">Subject Headings Used in the Dictionary Catalogues
                        of the Library of Congress</hi>, 7 vols., Library of Congress, 1910.</p>
                </prefixDef>
                <prefixDef ident="ht" matchPattern="([\w\-\.;=\&#34;&amp;]+)"
                    replacementPattern="https://babel.hathitrust.org/cgi/pt?id=$1">
                    <p>URIs with the prefix <code>ht:</code> point to page images in the Hathi
                        Trust.</p>
                </prefixDef>
                <prefixDef ident="ia" matchPattern="(\w+)"
                    replacementPattern="https://archive.org/details/$1">
                    <p>URIs with the prefix <code>ia:</code> point to page images in the Internet
                        Archive.</p>
                </prefixDef>
                <prefixDef ident="nls" matchPattern="([\w?\=]+)"
                    replacementPattern="https://digital.nls.uk/encyclopaedia-britannica/archive/$1">
                    <p>URIs with the prefix <code>nls:</code> point to page images in the National
                        Library of Scotland.</p>
                </prefixDef>
            </listPrefixDef>
        </encodingDesc>
        <profileDesc>
            <textClass default="false">
                <keywords scheme="https://id.cci.drexel.edu/">
                    <term ref="lcsh1910:b4st7dw9m">Popes</term>
                    <term ref="lcsh1910:b41v5bh84">Gardens</term>
                    <term ref="lcsh1910:b4xs5jg6k">Gardening</term>
                    <term ref="lcsh1910:b4zw18v1m">War</term>
                    <term ref="lcsh1910:b4h98zp4v">Wars</term>
                    <term ref="lcsh1910:b4df6k675">Freedom</term>
                    <term ref="lcsh1910:b43775w28">Books</term>
                    <term ref="lcsh1910:b42j68511">Life</term>
                    <term ref="lcsh1910:b46688q84">Odes</term>
                    <term ref="lcsh1910:b4639kc77">Poets</term>
                </keywords>
                <keywords scheme="http://id.worldcat.org/fast/">
                    <term ref="fast:1136568">Subjectivity</term>
                    <term ref="fast:946934">Gray</term>
                    <term ref="fast:1112660">Sentimentalism</term>
                    <term ref="fast:836401">Books</term>
                    <term ref="fast:1198505">Life</term>
                    <term ref="fast:910709">English</term>
                    <term ref="fast:1071262">Popes</term>
                    <term ref="fast:937895">Gardens</term>
                    <term ref="fast:937852">Gardening</term>
                </keywords>
                <keywords scheme="http://id.worldcat.org/fast/">
                    <term ref="fast:1239786">America</term>
                </keywords>
            </textClass>
        </profileDesc>
        <revisionDesc status="published">
            <change status="public" when="2022-11-30" who="#pml">RNG schema v.1 completed. </change>
            <change status="public" when="2022-11-28" who="#pml">v.1 XSL finished</change>
            <change status="public" when="2022-11-18" who="#pml">RNG schema draft</change>
        </revisionDesc>
    </teiHeader>
    <text>
        <body>
            <div facs="nls:194203449?mode=fullsize" type="entry">
                <p><label type="entry">MASON, <hi rend="smallcaps">William</hi></label>, an English
                    poet of distinction, born in the year 1725, was the son of a clergyman who held
                    the living of Hull. He took his first degree at St John’s College, Cambridge, in
                    1745, whence he removed to Pembroke College, of which he was admitted a fellow
                    in 1747. The Earl of Holdernesse presented him to the valuable rectory of Aston,
                    in Yorkshire, and procured for him the office of chaplain to his majesty. His
                    ode on the installation of the Duke of Newcastle as chancellor of the University
                    of Cambridge was the first specimen of his poetical talents, and gained him
                    considerable reputation, although the subject was not popular. His monody to the
                    memory of Pope, and Isis an elegy, added to his fame, which was still further
                    increased by his dramatic poems of <hi rend="italic">Elfrida</hi> in 1752, and
                    <hi rend="italic">Caractacus</hi> in 1759. He did not succeed in writing
                    tragedy, as he did not compose for the modern stage, but wished to revive the
                    manner of the ancients. He published a small collection of odes in 1756,
                    intended as an imitation of his friend Gray. In 1763, he gave the world some
                    elegies, which are in general marked with the simplicity of language that is
                    proper to this species of composition, yet breathe noble sentiments of freedom
                    and of virtue. In point of morality he may justly be considered as the purest of
                    poets, and one of the warmest friends of civil liberty. The first book of his
                    <hi rend="italic">English Garden</hi> made its appearance .in 1772, being a
                    didactic poem in blank verse, of which the fourth and last book was printed in
                    the year 1781. Some good critics consider this poem as rather stiff; and the dry
                    minuteness of the preceptive part prevented it from bringing the author any
                    great degree of popularity. In 1775 he published the poems of Gray, to which he
                    prefixed memoirs of his life and writings. His observations on the character and
                    genius of his illustrious friend do honour to his taste and feelings, and justly
                    merit the favour with which the volume was received. At the place of his
                    residence he acted with the friends of reform, and the enemies of such measures
                    as were deemed incompatible with the liberties of freemen. During the
                    continuance of the American war, he addressed an ode to the naval officers of
                    Great Britain, on the acquittal of Admiral Keppel in 1779,in which he execrated
                    the warthen carrying on against the people of America. When Mr Pitt rose to
                    power in 1782, Mason addressed an ode to him, which contained many patriotic and
                    manly sentiments; but his lyric imagery did it considerable injury. He
                    published, in 1783, a poetical translation of Fresnoy’s Latin poem on the art of
                    painting, which unites great elegance of language and versification with a
                    correct representation of a difficult original. Besides the living with which he
                    was presented soon after taking orders, he obtained the preferments of precentor
                    <pb break="no" facs="nls:194203462?mode=fullsize" xml:id="kp-eb0714-3462-0280"/>
                    and canon residentiary of the cathedral of York. At that church he, in the year
                    1788, preached an occasional discourse on the subject of the slave-trade, full
                    of animated declamation against the inhumanity of the traffic. The centenary
                    commemoration of the Revolution in that year produced his secular ode, which
                    breathed his usual spirit of freedom. An additional volume of his poems was
                    given to the world in 1797, consisting of miscellaneous pieces, the revised
                    productions of his youth, and the effusions of his old age. In his Palinode to
                    Liberty, we behold the change wrought in his political principles by the
                    disastrous events of the French Revolution. Mr Mason died in April 1797, at the
                    age of seventy-two, of a mortification occasioned by a hurt in his leg. He had
                    married an amiable lady, who died of consumption in 1767, and was buried at
                    Bristol cathedral, under a monument upon which are inscribed some very tender
                    and beautiful lines by her husband. The character of Mason in private life was
                    exemplary for worth and active benevolence. A tablet has been placed to his
                    memory in the poets’ corner in Westminster Abbey.</p>
            </div>
        </body>
    </text>
</TEI>
