<?xml version="1.0" encoding="utf-8"?><?xml-model  href="https://TU-plogan.github.io/code/odd/tei_kp1.rng" type="application/xml" schematypens="http://relaxng.org/ns/structure/1.0"?>
<TEI xml:id="kp-eb0711-0785-0130-06" xml:lang="en" xmlns="http://www.tei-c.org/ns/1.0">
    <teiHeader>
        <fileDesc>
            <titleStmt xml:id="eb07_v1.0">
                <title level="a" type="main">HAND</title>
                <title level="m" type="main">Encyclopaedia Britannica, 7th edition</title>
                <title level="m" type="sub">A machine-readable transcription</title>
                <editor>Edited by <persName ref="https://orcid.org/0000-0003-2362-8282"
                        role="editor" xml:id="pml">Peter Melville Logan</persName></editor>
                <respStmt>
                    <orgName xml:id="kp">Nineteenth-Century Knowledge Project Staff,
                            <affiliation>Temple University</affiliation></orgName>
                    <resp>OCR transcription and data management</resp>
                </respStmt>
                <respStmt>
                    <persName ref="https://orcid.org/0000-0001-7819-5360" xml:id="jg">Jane
                        Greenberg, <affiliation>Metadata Research Center, Drexel
                            University</affiliation></persName>
                    <resp>metadata development</resp>
                </respStmt>
                <respStmt>
                    <persName xml:id="dk">Don Kretz, <affiliation>Distributed
                            Proofreading</affiliation></persName>
                    <resp>data management</resp>
                </respStmt>
                <funder><orgName ref="http://viaf.org/viaf/137796012" xml:id="neh">National
                        Endowment for the Humanities</orgName></funder>
                <funder><orgName ref="http://viaf.org/viaf/121974598" xml:id="imls">Institute of
                        Museum and Library Services</orgName></funder>
                <funder><orgName ref="http://viaf.org/viaf/127396206" xml:id="tu">Temple
                        University</orgName></funder>
                <sponsor><orgName ref="http://viaf.org/viaf/3653147665869560670009" xml:id="cci"
                        >Drexel University, College of Computing &amp;
                    Informatics</orgName></sponsor>
            </titleStmt>
            <editionStmt>
                <edition n="2.0">Version 2.0 <date when="2023">2023</date></edition>
            </editionStmt>
            <extent>365 MB; 21,026 XML files </extent>
            <publicationStmt>
                <publisher corresp="kp"><orgName corresp="kp">Nineteenth-Century Knowledge
                        Project</orgName><email>nckp@temple.edu</email><link
                        target="https://github.com/TU-plogan/KnowledgeProject"/></publisher>
                <availability status="free">
                    <p>Licensed under a Creative Commons Attribution 4.0 International License.</p>
                    <licence target="https://creativecommons.org/licenses/by/4.0/"> CC BY 4.0
                    </licence>
                </availability>
                <date when="2023">2023</date>
            </publicationStmt>
            <seriesStmt>
                <title level="s">Encyclopaedia Britannica: A machine-readable text
                    transcription</title>
                <editor corresp="pml">Peter Melville Logan</editor>
            </seriesStmt>
            <sourceDesc>
                <biblFull xml:lang="en">
                    <titleStmt>
                        <title level="m">Encyclopaedia Britannica</title>
                        <editor><persName ref="http://viaf.org/viaf/79392506" xml:id="mn">Napier,
                                Macvey, 1776-1847</persName></editor>
                    </titleStmt>
                    <editionStmt>
                        <edition>Seventh Edition</edition>
                    </editionStmt>
                    <extent><measure quantity="21" unit="vol">21 volumes</measure></extent>
                    <publicationStmt>
                        <publisher>Adam and Charles Black</publisher>
                        <pubPlace>Edinburgh</pubPlace>
                        <date from="1830" to="1842">1830-1842</date>
                    </publicationStmt>
                    <sourceDesc>
                        <bibl xml:id="NLS"><title>Seventh edition - Encyclopaedia Britannica
                                [190218838]</title><publisher><orgName
                                    ref="https://digital.nls.uk/encyclopaedia-britannica/archive/190218838"
                                    >National Library of Scotland</orgName></publisher><date
                                when="2019">2019</date><idno type="DOI"
                                >https://doi.org/10.34812/cg4r-dn40</idno><availability>
                                <p>National Library of Scotland License: CC BY 4.0</p>
                                <licence target="https://creativecommons.org/licenses/by/4.0/">CC BY
                                    4.0 </licence>
                            </availability></bibl>
                    </sourceDesc>
                </biblFull>
                <listBibl>
                    <head>Alternate image sources for this edition:</head>
                    <bibl xml:id="UW-HT">Hathi Trust, from print source at the University of
                        Wisconsin: vol. 9, pp. 29, 31, 32, 36, 37, 39, 41, 48, 50-55, 57, 59, 62,
                        63, 66, 67, 69-71, 76, 88; vol. 19 (all).</bibl>
                    <bibl xml:id="UCH-HT">Hathi Trust, from print souce at the University of
                        Chicago: vol. 10, pp. 7-10; vols. 20, 21 (all).</bibl>
                </listBibl>
            </sourceDesc>
        </fileDesc>
        <encodingDesc>
            <editorialDecl>
                <correction method="markup" status="low">
                    <p>This electronic text file was created by optical character recognition (OCR).
                        OCR errors have not been corrected.</p>
                    <p>Illegible text in the original is indicated using <gi>unclear</gi> or
                            <gi>gap</gi>, as appropriate. If corrected, the reference source is
                        incidated with <gi>supplied</gi>.</p>
                </correction>
                <normalization method="silent">
                    <p>Original spelling is preserved. When noticed, obvious misspellings are
                        combined with the correct spelling as <gi>choice</gi> in the TEI. Ligatures
                        are reproduced as multiple letters. Original footnote and marginal note
                        sigla are replaced with sequential numbers for each entry.</p>
                </normalization>
                <punctuation marks="some">
                    <p>Extra space around punctuation marks is removed.</p>
                </punctuation>
                <quotation marks="some">
                    <p>Quotation marks are retained as content in the text. Redundant open quotation
                        marks at the start of lines inside block quotes are silently removed.</p>
                </quotation>
                <hyphenation eol="hard">
                    <p>Soft hyphens are removed silently.</p>
                </hyphenation>
                <segmentation>
                    <p>The <tag>div type="entry"</tag> element divides the text into individual
                        entries.</p>
                    <p>The <tag>div type="section"</tag> and <tag>div type="subsection"</tag>
                        elements are reserved for entry subsections.</p>
                </segmentation>
                <ab><list>
                        <item>Encoding has been done using the recommendations for Level 3 of the
                            TEI in Libraries Guidelines.</item>
                        <item>Individual entries and page-breaks are encoded, but column breaks are
                            omitted.</item>
                        <item>Running headers and side descriptions are not included.</item>
                        <item>Some font formatting is preserved: italic, small caps, strike through,
                            subscript, superscript, underline. The following formatting is ignored:
                            bold, font size, typeface.</item>
                    </list></ab>
            </editorialDecl>
            <tagsDecl>
                <namespace name="http://www.tei-c.org/ns/1.0">
                    <tagUsage gi="div">Unnumbered divs used.</tagUsage>
                </namespace>
            </tagsDecl>
            <projectDesc>
                <p>All text was encoded for the Nineteenth-Century Knowledge Project to provide a
                    machine-readable edition of the Encyclopedia Britannica to analyze.</p>
                <p>Subject-level metadata was added to each entry using the HIVE automated
                    vocabulary server created by the Metadata Research Center at Drexel University
                        (<link target="https://hive2.cci.drexel.edu"
                    />https://hive2.cci.drexel.edu).</p>
            </projectDesc>
            <samplingDecl>
                <p>This release reproduces the text matter for all entries. It does not include
                    images, tables, formulae, front- or back-matter. It omits volume 1, which
                    consists of "Dissertations" rather than entries.</p>
            </samplingDecl>
            <listPrefixDef>
                <prefixDef ident="fast" matchPattern="(\d+)"
                    replacementPattern="http://id.worldcat.org/fast/$1">
                    <p>URIs with the prefix <code>fast:</code> point to terms in the OCLC FAST
                        (Faceted Application of Subject Terminology) subject heading schema derived
                        from the Library of Congress Subject Headings (LCSH).</p>
                </prefixDef>
                <prefixDef ident="lcsh1910" matchPattern="(\w+)"
                    replacementPattern="https://n2t.net/ark:/99152/$1">
                    <p>URIs with the prefix <code>lcsh1910:</code> point to subject terms in the
                        volume <hi rend="italic">Subject Headings Used in the Dictionary Catalogues
                            of the Library of Congress</hi>, 7 vols., Library of Congress, 1910.</p>
                </prefixDef>
                <prefixDef ident="ht" matchPattern="([\w\-\.;=\&#34;&amp;]+)"
                    replacementPattern="https://babel.hathitrust.org/cgi/pt?id=$1">
                    <p>URIs with the prefix <code>ht:</code> point to page images in the Hathi
                        Trust.</p>
                </prefixDef>
                <prefixDef ident="ia" matchPattern="(\w+)"
                    replacementPattern="https://archive.org/details/$1">
                    <p>URIs with the prefix <code>ia:</code> point to page images in the Internet
                        Archive.</p>
                </prefixDef>
                <prefixDef ident="nls" matchPattern="([\w?\=]+)"
                    replacementPattern="https://digital.nls.uk/encyclopaedia-britannica/archive/$1">
                    <p>URIs with the prefix <code>nls:</code> point to page images in the National
                        Library of Scotland.</p>
                </prefixDef>
            </listPrefixDef>
        </encodingDesc>
        <profileDesc>
            <textClass default="false">
                <keywords scheme="http://id.worldcat.org/fast/">
                    <term ref="fast:947546">Greeks</term>
                    <term ref="fast:1100116">Romans</term>
                    <term ref="fast:950823">Hand</term>
                    <term ref="fast:936105">Functionals</term>
                    <term ref="fast:936106">Functions</term>
                    <term ref="fast:1095688">Respect</term>
                    <term ref="fast:952579">Head</term>
                </keywords>
                <keywords scheme="https://id.cci.drexel.edu/">
                    <term ref="lcsh1910:b48g8fh7d">Greeks</term>
                    <term ref="lcsh1910:b4p843w5c">Hand</term>
                    <term ref="lcsh1910:b4dv1cn3t">Functions</term>
                    <term ref="lcsh1910:b4jw86n9w">Head</term>
                    <term ref="lcsh1910:b4kp7tw3f">Hawking</term>
                    <term ref="lcsh1910:b4sq8qj2t">Hawks</term>
                </keywords>
            </textClass>
        </profileDesc>
        <revisionDesc status="published">
            <change status="public" when="2023-10-11" who="#pml">v2.0 XSL updated</change>
            <change status="public" when="2022-11-30" who="#pml">RNG schema v.1 completed. </change>
            <change status="public" when="2022-11-28" who="#pml">v.1 XSL finished</change>
            <change status="public" when="2022-11-18" who="#pml">RNG schema draft</change>
        </revisionDesc>
    </teiHeader>
    <text>
        <body>
            <div facs="nls:193640785?mode=fullsize" org="uniform" part="N" sample="complete"
                type="entry">
                <p part="N"><label type="entry">HAND</label>, a part or member of the body of man,
                    forming the extremity of the arm. The mechanism of the hand is very curious,
                    indeed excellently contrived to fit it for the various uses and occasions we
                    have for it, and the great number of arts and manufactures it is to be employed
                    in. It consists of a compages of nerves, and little bones joined into each
                    other, which give it a great degree of strength, and at the same time an unusual
                    flexibility, to enable it to handle adjacent bodies, lay hold of them, and grasp
                    them, in order either to draw them towards us or thrust them off.</p>
                <p part="N">In Scripture the word <hi rend="italic">hand</hi> is variously applied.
                    To pour water upon any one’s hand signifies to serve him. To wash the hands was
                    a ceremony made use of to denote innocence of murder or manslaughter. To kiss
                    the hand was an act of adoration. To fill the hand signifies taking possession
                    of the priesthood, and performing its functions. To lean upon any one’s hand was
                    a mark of familiarity and superiority. To give the hand signifies to grant
                    peace, swear friendship, promise security, or make alliance. The right hand was
                    the emblem of honour and respect. Amongst the Greeks and Romans it was customary
                    for inferiors to walk on the left hand of superiors, that their right hand might
                    be ready to afford protection and defence to their left side, which was, on
                    account of the awkwardness of the left hand, more exposed to danger.</p>
                <p part="N"><hi rend="italic">Imposition, or laying on of</hi><hi rend="italic
                        smallcaps"> Hands,</hi> signifies the conferring of holy orders; a ceremony
                    in which the hands are laid on the head of a person as a sign of a mission, or
                    of a power given him to exercise the functions of the ministry belonging to the
                    order. The apostles began to appoint missionaries by the imposition of
                    hands.</p>
                <pb break="no" facs="nls:193640798?mode=fullsize" xml:id="kp-eb0711-0798-0131"/>
                <p part="N"><hi rend="smallcaps">Hand,</hi> in falconry, is used to indicate the
                    foot of the hawk. To have a clean, strong, slender, glutinous hand, well clawed,
                    is amongst the good qualities of a hawk or falcon.</p>
                <p part="N"><hi rend="smallcaps">Hand,</hi> in the manège, sometimes stands for the
                    forefoot of a horse. It is also used to signify a division of the horse into two
                    parts with respect to the rider’s hand. The fore-hand includes the head, neck,
                    and fore-quarters; the hind-hand is all the rest of the horse.</p>
                <p part="N"><hi rend="smallcaps">Hand</hi> is likewise used for a measure of four
                    inches, or of a clenched fist, by which the height of a horse is computed.</p>
                <p part="N"><hi rend="smallcaps">Hands</hi> are borne in coat-armour, <hi
                        rend="italic">dexter</hi> and <hi rend="italic">sinister,</hi> that is,
                    right and left, expanded or open; and also in other manners. A bloody hand in
                    the centre of the escutcheon is the badge of a baronet of Great Britain.</p>
            </div>
        </body>
    </text>
</TEI>
