<?xml version="1.0" encoding="utf-8"?><?xml-model  href="https://TU-plogan.github.io/code/odd/tei_kp1.rng" type="application/xml" schematypens="http://relaxng.org/ns/structure/1.0"?>
<TEI xml:id="kp-eb0711-2085-0230-05" xml:lang="en" xmlns="http://www.tei-c.org/ns/1.0">
    <teiHeader>
        <fileDesc>
            <titleStmt xml:id="eb07_v1.0">
                <title level="a" type="main">HEMP</title>
                <title level="m" type="main">Encyclopaedia Britannica, 7th edition</title>
                <title level="m" type="sub">A machine-readable transcription</title>
                <editor>Edited by <persName ref="https://orcid.org/0000-0003-2362-8282"
                        role="editor" xml:id="pml">Peter Melville Logan</persName></editor>
                <respStmt>
                    <orgName xml:id="kp">Nineteenth-Century Knowledge Project Staff,
                            <affiliation>Temple University</affiliation></orgName>
                    <resp>OCR transcription and data management</resp>
                </respStmt>
                <respStmt>
                    <persName ref="https://orcid.org/0000-0001-7819-5360" xml:id="jg">Jane
                        Greenberg, <affiliation>Metadata Research Center, Drexel
                            University</affiliation></persName>
                    <resp>metadata development</resp>
                </respStmt>
                <respStmt>
                    <persName xml:id="dk">Don Kretz, <affiliation>Distributed
                            Proofreading</affiliation></persName>
                    <resp>data management</resp>
                </respStmt>
                <funder><orgName ref="http://viaf.org/viaf/137796012" xml:id="neh">National
                        Endowment for the Humanities</orgName></funder>
                <funder><orgName ref="http://viaf.org/viaf/121974598" xml:id="imls">Institute of
                        Museum and Library Services</orgName></funder>
                <funder><orgName ref="http://viaf.org/viaf/127396206" xml:id="tu">Temple
                        University</orgName></funder>
                <sponsor><orgName ref="http://viaf.org/viaf/3653147665869560670009" xml:id="cci"
                        >Drexel University, College of Computing &amp;
                    Informatics</orgName></sponsor>
            </titleStmt>
            <editionStmt>
                <edition n="2.0">Version 2.0 <date when="2023">2023</date></edition>
            </editionStmt>
            <extent>365 MB; 21,026 XML files </extent>
            <publicationStmt>
                <publisher corresp="kp"><orgName corresp="kp">Nineteenth-Century Knowledge
                        Project</orgName><email>nckp@temple.edu</email><link
                        target="https://github.com/TU-plogan/KnowledgeProject"/></publisher>
                <availability status="free">
                    <p>Licensed under a Creative Commons Attribution 4.0 International License.</p>
                    <licence target="https://creativecommons.org/licenses/by/4.0/"> CC BY 4.0
                    </licence>
                </availability>
                <date when="2023">2023</date>
            </publicationStmt>
            <seriesStmt>
                <title level="s">Encyclopaedia Britannica: A machine-readable text
                    transcription</title>
                <editor corresp="pml">Peter Melville Logan</editor>
            </seriesStmt>
            <sourceDesc>
                <biblFull xml:lang="en">
                    <titleStmt>
                        <title level="m">Encyclopaedia Britannica</title>
                        <editor><persName ref="http://viaf.org/viaf/79392506" xml:id="mn">Napier,
                                Macvey, 1776-1847</persName></editor>
                    </titleStmt>
                    <editionStmt>
                        <edition>Seventh Edition</edition>
                    </editionStmt>
                    <extent><measure quantity="21" unit="vol">21 volumes</measure></extent>
                    <publicationStmt>
                        <publisher>Adam and Charles Black</publisher>
                        <pubPlace>Edinburgh</pubPlace>
                        <date from="1830" to="1842">1830-1842</date>
                    </publicationStmt>
                    <sourceDesc>
                        <bibl xml:id="NLS"><title>Seventh edition - Encyclopaedia Britannica
                                [190218838]</title><publisher><orgName
                                    ref="https://digital.nls.uk/encyclopaedia-britannica/archive/190218838"
                                    >National Library of Scotland</orgName></publisher><date
                                when="2019">2019</date><idno type="DOI"
                                >https://doi.org/10.34812/cg4r-dn40</idno><availability>
                                <p>National Library of Scotland License: CC BY 4.0</p>
                                <licence target="https://creativecommons.org/licenses/by/4.0/">CC BY
                                    4.0 </licence>
                            </availability></bibl>
                    </sourceDesc>
                </biblFull>
                <listBibl>
                    <head>Alternate image sources for this edition:</head>
                    <bibl xml:id="UW-HT">Hathi Trust, from print source at the University of
                        Wisconsin: vol. 9, pp. 29, 31, 32, 36, 37, 39, 41, 48, 50-55, 57, 59, 62,
                        63, 66, 67, 69-71, 76, 88; vol. 19 (all).</bibl>
                    <bibl xml:id="UCH-HT">Hathi Trust, from print souce at the University of
                        Chicago: vol. 10, pp. 7-10; vols. 20, 21 (all).</bibl>
                </listBibl>
            </sourceDesc>
        </fileDesc>
        <encodingDesc>
            <editorialDecl>
                <correction method="markup" status="low">
                    <p>This electronic text file was created by optical character recognition (OCR).
                        OCR errors have not been corrected.</p>
                    <p>Illegible text in the original is indicated using <gi>unclear</gi> or
                            <gi>gap</gi>, as appropriate. If corrected, the reference source is
                        incidated with <gi>supplied</gi>.</p>
                </correction>
                <normalization method="silent">
                    <p>Original spelling is preserved. When noticed, obvious misspellings are
                        combined with the correct spelling as <gi>choice</gi> in the TEI. Ligatures
                        are reproduced as multiple letters. Original footnote and marginal note
                        sigla are replaced with sequential numbers for each entry.</p>
                </normalization>
                <punctuation marks="some">
                    <p>Extra space around punctuation marks is removed.</p>
                </punctuation>
                <quotation marks="some">
                    <p>Quotation marks are retained as content in the text. Redundant open quotation
                        marks at the start of lines inside block quotes are silently removed.</p>
                </quotation>
                <hyphenation eol="hard">
                    <p>Soft hyphens are removed silently.</p>
                </hyphenation>
                <segmentation>
                    <p>The <tag>div type="entry"</tag> element divides the text into individual
                        entries.</p>
                    <p>The <tag>div type="section"</tag> and <tag>div type="subsection"</tag>
                        elements are reserved for entry subsections.</p>
                </segmentation>
                <ab><list>
                        <item>Encoding has been done using the recommendations for Level 3 of the
                            TEI in Libraries Guidelines.</item>
                        <item>Individual entries and page-breaks are encoded, but column breaks are
                            omitted.</item>
                        <item>Running headers and side descriptions are not included.</item>
                        <item>Some font formatting is preserved: italic, small caps, strike through,
                            subscript, superscript, underline. The following formatting is ignored:
                            bold, font size, typeface.</item>
                    </list></ab>
            </editorialDecl>
            <tagsDecl>
                <namespace name="http://www.tei-c.org/ns/1.0">
                    <tagUsage gi="div">Unnumbered divs used.</tagUsage>
                </namespace>
            </tagsDecl>
            <projectDesc>
                <p>All text was encoded for the Nineteenth-Century Knowledge Project to provide a
                    machine-readable edition of the Encyclopedia Britannica to analyze.</p>
                <p>Subject-level metadata was added to each entry using the HIVE automated
                    vocabulary server created by the Metadata Research Center at Drexel University
                        (<link target="https://hive2.cci.drexel.edu"
                    />https://hive2.cci.drexel.edu).</p>
            </projectDesc>
            <samplingDecl>
                <p>This release reproduces the text matter for all entries. It does not include
                    images, tables, formulae, front- or back-matter. It omits volume 1, which
                    consists of "Dissertations" rather than entries.</p>
            </samplingDecl>
            <listPrefixDef>
                <prefixDef ident="fast" matchPattern="(\d+)"
                    replacementPattern="http://id.worldcat.org/fast/$1">
                    <p>URIs with the prefix <code>fast:</code> point to terms in the OCLC FAST
                        (Faceted Application of Subject Terminology) subject heading schema derived
                        from the Library of Congress Subject Headings (LCSH).</p>
                </prefixDef>
                <prefixDef ident="lcsh1910" matchPattern="(\w+)"
                    replacementPattern="https://n2t.net/ark:/99152/$1">
                    <p>URIs with the prefix <code>lcsh1910:</code> point to subject terms in the
                        volume <hi rend="italic">Subject Headings Used in the Dictionary Catalogues
                            of the Library of Congress</hi>, 7 vols., Library of Congress, 1910.</p>
                </prefixDef>
                <prefixDef ident="ht" matchPattern="([\w\-\.;=\&#34;&amp;]+)"
                    replacementPattern="https://babel.hathitrust.org/cgi/pt?id=$1">
                    <p>URIs with the prefix <code>ht:</code> point to page images in the Hathi
                        Trust.</p>
                </prefixDef>
                <prefixDef ident="ia" matchPattern="(\w+)"
                    replacementPattern="https://archive.org/details/$1">
                    <p>URIs with the prefix <code>ia:</code> point to page images in the Internet
                        Archive.</p>
                </prefixDef>
                <prefixDef ident="nls" matchPattern="([\w?\=]+)"
                    replacementPattern="https://digital.nls.uk/encyclopaedia-britannica/archive/$1">
                    <p>URIs with the prefix <code>nls:</code> point to page images in the National
                        Library of Scotland.</p>
                </prefixDef>
            </listPrefixDef>
        </encodingDesc>
        <profileDesc>
            <textClass default="false">
                <keywords scheme="https://id.cci.drexel.edu/">
                    <term ref="lcsh1910:b44q7qq38">Hindus</term>
                    <term ref="lcsh1910:b4vh5ch72">Americanisms</term>
                    <term ref="lcsh1910:b4zk55m05">Indians</term>
                    <term ref="lcsh1910:b4c53f27h">Hemp</term>
                    <term ref="lcsh1910:b4vd6pc2x">Planting</term>
                    <term ref="lcsh1910:b47d2q79t">Plants</term>
                    <term ref="lcsh1910:b4x63b58d">Kindness</term>
                    <term ref="lcsh1910:b4zw18v1m">War</term>
                </keywords>
                <keywords scheme="http://id.worldcat.org/fast/">
                    <term ref="fast:955129">Hemp</term>
                    <term ref="fast:1065823">Plants</term>
                    <term ref="fast:987598">Kindness</term>
                    <term ref="fast:1355303">Wars</term>
                    <term ref="fast:1170328">War</term>
                    <term ref="fast:957175">Hindus</term>
                    <term ref="fast:910709">English</term>
                    <term ref="fast:1100116">Romans</term>
                    <term ref="fast:807480">Americanisms</term>
                    <term ref="fast:807485">Americanization</term>
                </keywords>
                <keywords scheme="http://id.worldcat.org/fast/">
                    <term ref="fast:1207312">Russia</term>
                    <term ref="fast:1210276">India</term>
                    <term ref="fast:1205427">Ireland</term>
                    <term ref="fast:1206891">Poland</term>
                    <term ref="fast:1208755">Egypt</term>
                </keywords>
            </textClass>
        </profileDesc>
        <revisionDesc status="published">
            <change status="public" when="2023-10-11" who="#pml">v2.0 XSL updated</change>
            <change status="public" when="2022-11-30" who="#pml">RNG schema v.1 completed. </change>
            <change status="public" when="2022-11-28" who="#pml">v.1 XSL finished</change>
            <change status="public" when="2022-11-18" who="#pml">RNG schema draft</change>
        </revisionDesc>
    </teiHeader>
    <text>
        <body>
            <div facs="nls:193642085?mode=fullsize" org="uniform" part="N" sample="complete"
                type="entry">
                <p part="N"><label type="entry">HEMP</label>, the <hi rend="italic">cannabis</hi><hi
                        rend="italic">sativa</hi> of Linnaeus, is a very valuable plant, from which
                    clothsand cordage of various kinds are manufactured. It does not appear that the
                    ancients were acquainted with the use of hemp, in respect of the thread it
                    affords. Pliny, who speaks of the plant in his natural history (lib. xx. c. 23),
                    says not a word of this, contenting himself with extolling the virtues of its
                    stem, leaves, and root. In fact, what some writers on Roman antiquities remark,
                    that the hemp necessary for the use of war was all stored up into two cities of
                    the western empire, Ravenna and Vienne, under the direction of two procurators,
                    called <hi rend="italic">procuratores linifica,</hi> must be understood of <hi
                        rend="italic">linum</hi> or flax.</p>
                <p part="N">Hemp is supposed to be a native of India, but it is now cultivated in
                    various other countries, where it forms an article of very considerable
                    commercial importance. Its uses, culture, and management are nearly the same as
                    those of flax, but it is stronger and coarser in the fibre than that article.
                    When pulled green, hemp is considered as a cleaner of the ground, but when grown
                    for seed it is a very exhausting crop. Little of it is grown in this country,
                    its cultivation not being deemed profitable; and the quantity raised in Ireland
                    is also inconsiderable. But in Russia and Poland it is very extensively
                    cultivated; and Italy yields not an inconsiderable quantity. Very good <hi
                        rend="italic">huckaback</hi> for towels and table-cloths, and different
                    kinds of wearing apparel, are made from hemp; but its great consumption is in
                    the manufacture of sail-cloth and cordage, to which purposes it is exceedingly
                    well adapted by the strength of its fibre. Amongst the Hindus a favourite
                    intoxicating liquor called <hi rend="italic">banga</hi> is extracted from hemp;
                    and in Egypt it is applied to the same purpose.</p>
                <p part="N">Great quantities of hemp are exported from Russia. It is assorted,
                    according to its quality, into clean hemp, or firsts; out-shot hemp, or seconds;
                    half-clean hemp, or thirds; and hemp codilla. Of the first three sorts there are
                    annually exported from St Petersburg 2,000,000 poods; sixty-three of which make
                    an English ton. English and American vessels are chiefly employed in this trade;
                    and particular care is taken to ship the hemp in dry weather, as it is totally
                    spoiled if it gets wet. Riga hemp brings a higher price than that of St
                    Petersburg. It is divided into three sorts, viz. rein, rhine, or clean,
                    out-shot, and pass hemp. Of 530,820 cwt. of undressed hemp imported into this
                    country in 1831, 506,803 were brought from Russia, 9472 from the East Indies,
                    7405 from Italy, 2262 from the Philippine Islands, 2248 from the United States,
                    and ' some small quantities from a few other places. In 1832 the duty on hemp
                    was reduced from 4s. 8d. to Id. per cwt. a reduction which cannot fail to be
                    beneficial to the trade.</p>
                <p part="N"><hi rend="smallcaps">Hemp,</hi><hi rend="italic">Manilla,</hi> commonly
                    called ‘Manilla white rope. Mr Crawfurd gives the following account of this
                    article :— “Of the wild banana, one kind <hi rend="italic">(Musa</hi><hi
                        rend="italic">textilis)</hi> grows in vast abundance in some of the most
                    northerly of the Spice Islands. In the great island of Mindanao, in the
                    Philippines, it fills extensive forests. From the fibrous bark or epidermis is
                    manufactured a kind of cloth, in frequent use among the natives. It also affords
                    the material of the most valuable cordage’ which the indigenous products of the
                    Archipelago yield. This is known to our traders and navigators under the name of
                    Manilla rope, and is equally applicable to cables, and to standing or running
                    rigging.” <hi rend="italic">(Hist, of Archipelago,</hi> vol. i. p. 412.)</p>
                <p part="N"><hi rend="smallcaps">Hemp</hi><hi rend="italic">(Indian),</hi> or <hi
                        rend="italic">Sunn.</hi> This consists of the fibre of the <hi rend="italic"
                        >crotolariα</hi><hi rend="italic">juncea,</hi><hi rend="italic">a</hi>
                    totally different plant from the <hi rend="italic">cannabis</hi><hi
                        rend="italic">sativa,</hi> which, as already stated, is never used by the
                    Hindus for cloth or cordage. Sunn is grown in various places of Hindustan. The
                    strongest, whitest, and most durable species is produced at Comercolly. During
                    those periods of the late war when the intercourse with the Baltic was
                    interrupted, and hemp bore an enormous price, large quantities of sunn were
                    imported; but the fibre being comparatively weak, the article was not found to
                    answer, and the importation has since been discontinued. (Milburn’s <hi
                        rend="italic">Orient. Commerce.)</hi></p>
            </div>
        </body>
    </text>
</TEI>
