<?xml version="1.0" encoding="utf-8"?><?xml-model  href="https://TU-plogan.github.io/code/odd/tei_kp1.rng" type="application/xml" schematypens="http://relaxng.org/ns/structure/1.0"?>
<TEI xml:id="kp-eb0711-0642-0119-01" xml:lang="en" xmlns="http://www.tei-c.org/ns/1.0">
    <teiHeader>
        <fileDesc>
            <titleStmt xml:id="eb07_v1.0">
                <title level="a" type="main">HALLEY, Dr Edmund</title>
                <title level="m" type="main">Encyclopaedia Britannica, 7th edition</title>
                <title level="m" type="sub">A machine-readable transcription</title>
                <editor>Edited by <persName ref="https://orcid.org/0000-0003-2362-8282"
                        role="editor" xml:id="pml">Peter Melville Logan</persName></editor>
                <respStmt>
                    <orgName xml:id="kp">Nineteenth-Century Knowledge Project Staff,
                            <affiliation>Temple University</affiliation></orgName>
                    <resp>OCR transcription and data management</resp>
                </respStmt>
                <respStmt>
                    <persName ref="https://orcid.org/0000-0001-7819-5360" xml:id="jg">Jane
                        Greenberg, <affiliation>Metadata Research Center, Drexel
                            University</affiliation></persName>
                    <resp>metadata development</resp>
                </respStmt>
                <respStmt>
                    <persName xml:id="dk">Don Kretz, <affiliation>Distributed
                            Proofreading</affiliation></persName>
                    <resp>data management</resp>
                </respStmt>
                <funder><orgName ref="http://viaf.org/viaf/137796012" xml:id="neh">National
                        Endowment for the Humanities</orgName></funder>
                <funder><orgName ref="http://viaf.org/viaf/121974598" xml:id="imls">Institute of
                        Museum and Library Services</orgName></funder>
                <funder><orgName ref="http://viaf.org/viaf/127396206" xml:id="tu">Temple
                        University</orgName></funder>
                <sponsor><orgName ref="http://viaf.org/viaf/3653147665869560670009" xml:id="cci"
                        >Drexel University, College of Computing &amp;
                    Informatics</orgName></sponsor>
            </titleStmt>
            <editionStmt>
                <edition n="2.0">Version 2.0 <date when="2023">2023</date></edition>
            </editionStmt>
            <extent>365 MB; 21,026 XML files </extent>
            <publicationStmt>
                <publisher corresp="kp"><orgName corresp="kp">Nineteenth-Century Knowledge
                        Project</orgName><email>nckp@temple.edu</email><link
                        target="https://github.com/TU-plogan/KnowledgeProject"/></publisher>
                <availability status="free">
                    <p>Licensed under a Creative Commons Attribution 4.0 International License.</p>
                    <licence target="https://creativecommons.org/licenses/by/4.0/"> CC BY 4.0
                    </licence>
                </availability>
                <date when="2023">2023</date>
            </publicationStmt>
            <seriesStmt>
                <title level="s">Encyclopaedia Britannica: A machine-readable text
                    transcription</title>
                <editor corresp="pml">Peter Melville Logan</editor>
            </seriesStmt>
            <sourceDesc>
                <biblFull xml:lang="en">
                    <titleStmt>
                        <title level="m">Encyclopaedia Britannica</title>
                        <editor><persName ref="http://viaf.org/viaf/79392506" xml:id="mn">Napier,
                                Macvey, 1776-1847</persName></editor>
                    </titleStmt>
                    <editionStmt>
                        <edition>Seventh Edition</edition>
                    </editionStmt>
                    <extent><measure quantity="21" unit="vol">21 volumes</measure></extent>
                    <publicationStmt>
                        <publisher>Adam and Charles Black</publisher>
                        <pubPlace>Edinburgh</pubPlace>
                        <date from="1830" to="1842">1830-1842</date>
                    </publicationStmt>
                    <sourceDesc>
                        <bibl xml:id="NLS"><title>Seventh edition - Encyclopaedia Britannica
                                [190218838]</title><publisher><orgName
                                    ref="https://digital.nls.uk/encyclopaedia-britannica/archive/190218838"
                                    >National Library of Scotland</orgName></publisher><date
                                when="2019">2019</date><idno type="DOI"
                                >https://doi.org/10.34812/cg4r-dn40</idno><availability>
                                <p>National Library of Scotland License: CC BY 4.0</p>
                                <licence target="https://creativecommons.org/licenses/by/4.0/">CC BY
                                    4.0 </licence>
                            </availability></bibl>
                    </sourceDesc>
                </biblFull>
                <listBibl>
                    <head>Alternate image sources for this edition:</head>
                    <bibl xml:id="UW-HT">Hathi Trust, from print source at the University of
                        Wisconsin: vol. 9, pp. 29, 31, 32, 36, 37, 39, 41, 48, 50-55, 57, 59, 62,
                        63, 66, 67, 69-71, 76, 88; vol. 19 (all).</bibl>
                    <bibl xml:id="UCH-HT">Hathi Trust, from print souce at the University of
                        Chicago: vol. 10, pp. 7-10; vols. 20, 21 (all).</bibl>
                </listBibl>
            </sourceDesc>
        </fileDesc>
        <encodingDesc>
            <editorialDecl>
                <correction method="markup" status="low">
                    <p>This electronic text file was created by optical character recognition (OCR).
                        OCR errors have not been corrected.</p>
                    <p>Illegible text in the original is indicated using <gi>unclear</gi> or
                            <gi>gap</gi>, as appropriate. If corrected, the reference source is
                        incidated with <gi>supplied</gi>.</p>
                </correction>
                <normalization method="silent">
                    <p>Original spelling is preserved. When noticed, obvious misspellings are
                        combined with the correct spelling as <gi>choice</gi> in the TEI. Ligatures
                        are reproduced as multiple letters. Original footnote and marginal note
                        sigla are replaced with sequential numbers for each entry.</p>
                </normalization>
                <punctuation marks="some">
                    <p>Extra space around punctuation marks is removed.</p>
                </punctuation>
                <quotation marks="some">
                    <p>Quotation marks are retained as content in the text. Redundant open quotation
                        marks at the start of lines inside block quotes are silently removed.</p>
                </quotation>
                <hyphenation eol="hard">
                    <p>Soft hyphens are removed silently.</p>
                </hyphenation>
                <segmentation>
                    <p>The <tag>div type="entry"</tag> element divides the text into individual
                        entries.</p>
                    <p>The <tag>div type="section"</tag> and <tag>div type="subsection"</tag>
                        elements are reserved for entry subsections.</p>
                </segmentation>
                <ab><list>
                        <item>Encoding has been done using the recommendations for Level 3 of the
                            TEI in Libraries Guidelines.</item>
                        <item>Individual entries and page-breaks are encoded, but column breaks are
                            omitted.</item>
                        <item>Running headers and side descriptions are not included.</item>
                        <item>Some font formatting is preserved: italic, small caps, strike through,
                            subscript, superscript, underline. The following formatting is ignored:
                            bold, font size, typeface.</item>
                    </list></ab>
            </editorialDecl>
            <tagsDecl>
                <namespace name="http://www.tei-c.org/ns/1.0">
                    <tagUsage gi="div">Unnumbered divs used.</tagUsage>
                </namespace>
            </tagsDecl>
            <projectDesc>
                <p>All text was encoded for the Nineteenth-Century Knowledge Project to provide a
                    machine-readable edition of the Encyclopedia Britannica to analyze.</p>
                <p>Subject-level metadata was added to each entry using the HIVE automated
                    vocabulary server created by the Metadata Research Center at Drexel University
                        (<link target="https://hive2.cci.drexel.edu"
                    />https://hive2.cci.drexel.edu).</p>
            </projectDesc>
            <samplingDecl>
                <p>This release reproduces the text matter for all entries. It does not include
                    images, tables, formulae, front- or back-matter. It omits volume 1, which
                    consists of "Dissertations" rather than entries.</p>
            </samplingDecl>
            <listPrefixDef>
                <prefixDef ident="fast" matchPattern="(\d+)"
                    replacementPattern="http://id.worldcat.org/fast/$1">
                    <p>URIs with the prefix <code>fast:</code> point to terms in the OCLC FAST
                        (Faceted Application of Subject Terminology) subject heading schema derived
                        from the Library of Congress Subject Headings (LCSH).</p>
                </prefixDef>
                <prefixDef ident="lcsh1910" matchPattern="(\w+)"
                    replacementPattern="https://n2t.net/ark:/99152/$1">
                    <p>URIs with the prefix <code>lcsh1910:</code> point to subject terms in the
                        volume <hi rend="italic">Subject Headings Used in the Dictionary Catalogues
                            of the Library of Congress</hi>, 7 vols., Library of Congress, 1910.</p>
                </prefixDef>
                <prefixDef ident="ht" matchPattern="([\w\-\.;=\&#34;&amp;]+)"
                    replacementPattern="https://babel.hathitrust.org/cgi/pt?id=$1">
                    <p>URIs with the prefix <code>ht:</code> point to page images in the Hathi
                        Trust.</p>
                </prefixDef>
                <prefixDef ident="ia" matchPattern="(\w+)"
                    replacementPattern="https://archive.org/details/$1">
                    <p>URIs with the prefix <code>ia:</code> point to page images in the Internet
                        Archive.</p>
                </prefixDef>
                <prefixDef ident="nls" matchPattern="([\w?\=]+)"
                    replacementPattern="https://digital.nls.uk/encyclopaedia-britannica/archive/$1">
                    <p>URIs with the prefix <code>nls:</code> point to page images in the National
                        Library of Scotland.</p>
                </prefixDef>
            </listPrefixDef>
        </encodingDesc>
        <profileDesc>
            <textClass default="false">
                <keywords scheme="http://id.worldcat.org/fast/">
                    <term ref="fast:899678">Dutch</term>
                    <term ref="fast:859599">Christianity</term>
                    <term ref="fast:859760">Christians</term>
                    <term ref="fast:1739496">Paramours</term>
                    <term ref="fast:947546">Greeks</term>
                    <term ref="fast:908898">Emperors</term>
                    <term ref="fast:891345">Designers</term>
                    <term ref="fast:891253">Design</term>
                    <term ref="fast:871385">Compassion</term>
                    <term ref="fast:871379">Compass</term>
                </keywords>
                <keywords scheme="https://id.cci.drexel.edu/">
                    <term ref="lcsh1910:b4sq8qm4p">Emperors</term>
                    <term ref="lcsh1910:b4dn3zz3k">Design</term>
                    <term ref="lcsh1910:b40v89k12">Compassion</term>
                    <term ref="lcsh1910:b4d50g04r">Compass</term>
                    <term ref="lcsh1910:b4v11vp7r">Home</term>
                    <term ref="lcsh1910:b49c6s277">Christianity</term>
                    <term ref="lcsh1910:b48g8fh7d">Greeks</term>
                    <term ref="lcsh1910:b4sq8qh9r">Comets</term>
                </keywords>
                <keywords scheme="http://id.worldcat.org/fast/">
                    <term ref="fast:1219920">England</term>
                    <term ref="fast:1239786">America</term>
                    <term ref="fast:1206830">Brazil</term>
                </keywords>
            </textClass>
        </profileDesc>
        <revisionDesc status="published">
            <change status="public" when="2023-10-11" who="#pml">v2.0 XSL updated</change>
            <change status="public" when="2022-11-30" who="#pml">RNG schema v.1 completed. </change>
            <change status="public" when="2022-11-28" who="#pml">v.1 XSL finished</change>
            <change status="public" when="2022-11-18" who="#pml">RNG schema draft</change>
        </revisionDesc>
    </teiHeader>
    <text>
        <body>
            <div facs="nls:193640642?mode=fullsize" org="uniform" part="N" sample="complete"
                type="entry">
                <p part="N"><label type="entry">HALLEY, <hi rend="smallcaps">Dr Edmund</hi></label>,
                    an eminent astronomer, was the only son of a soap-boiler in London, and was born
                    in 1656. He first applied himself to the study of the languages and sciences,
                    but at length gave himself up wholly to that of astronomy. In 1676 he went to
                    the island of St Helena to complete the catalogue of fixed stars, by the
                    addition of those situated near the south pole; and having delineated a
                    planisphere, in which he laid them all down in their exact places, he returned
                    to England in 1678. In the year 1680 he performed what is called the grand tour,
                    accompanied by his friend Mr Nelson. About halfway between Calais and Paris,
                    Halley obtained a sight of a remarkable comet, as it then appeared a second time
                    that year, in its return from the sun. In the preceding November he bad seen it
                    in its descent; and now hastened to complete his observations by viewing it from
                    the royal observatory of France. His design in this part of his tour was to
                    establish a friendly correspondence between the two astronomers royal of
                    Greenwich and Paris, and in the mean time to improve himself under so great a
                    master as Cassini. From France he proceeded to Italy, where he spent the greater
                    part of the year 1681, and then returned to England. In 1683 he published his
                        <hi rend="italic">Theory of the Variation of the Magnetical Compass,</hi> in
                    which he supposes the whole globe of the earth to be a great magnet, with four
                    magnetical poles or points of attraction; but afterwards <pb break="no"
                        facs="nls:193640655?mode=fullsize" xml:id="kp-eb0711-0655-0120"/>conceiving
                    that this theory was liable to great exceptions, he caused an application to be
                    made to King William, who appointed him commander of the <hi rend="italic"
                        >Paramour,</hi> with orders to seek by observations the discovery of the
                    rule of variations, and to lay down the longitudes and latitudes of his
                    majesty’s settlements in America. He set out on this attempt on the 24th of
                    November 1698; but on crossing the line his men grew sickly, and his lieutenant
                    having mutinied, he returned home in June 1699. Having got the lieutenant tried
                    and cashiered, he set sail a second time in September following, with the same
                    ship, and another of less size, of which he had also the command. He now
                    traversed the Atlantic Ocean from one hemisphere to the other; and having made
                    his observations at St Helena, Brazil, Cape Verd, Barbadoes, Madeira, the
                    Canaries, the coast of Barbary, and in many other latitudes, he returned in
                    September 1700, and the next year published a general chart, showing at one view
                    the variation of the compass in all those places. Captain Halley, as he was now
                    called, had been at home little more than half a year, when he was sent by the
                    king to observe the course of the tides, with the longitude and latitude of the
                    principal headlands in the British Channel; and having executed this task with
                    his usual expedition and accuracy, he published a large map of the British
                    Channel. Soon afterwards the emperor of Germany having resolved to construct a
                    harbour for shipping in the Adriatic, Captain Halley was sent by Queen Anne to
                    survey the different ports on the coast of Dalmatia. He embarked on the 22d of
                    November 1702, passed over to Holland, and travelling through Germany to Vienna,
                    proceeded to Istria; but as the Dutch opposed the design, it was laid aside. The
                    emperor, however, made him a present of a rich diamond ring from his finger, and
                    honoured him with a letter of recommendation, written with his own hand, to
                    Queen Anne. Soon after his return he was again dispatched on the same business.
                    Upon his arrival at Vienna he was the same evening presented to the emperor, who
                    sent his chief engineer to attend him to Istria, where they repaired and added
                    new fortifications to those of Trieste. Mr Halley returned to England in 1703;
                    and the same year he was appointed professor of geometry in the university of
                    Oxford, in the ’ room of Dr Wallis, and had the degree of doctor of laws
                    conferred on him by that university. He is said to have lost the professorship
                    of astronomy in that university because he would not profess his belief of the
                    Christian religion. He was scarcely settled at Oxford, when he began to
                    translate into Latin from the Arabic, <hi rend="italic">Apollonius de</hi><hi
                        rend="italic">Sectione Rationis,</hi> and to restore the two books of the
                    same author, <hi rend="italic">De</hi><hi rend="italic">Sectione Spatii,</hi>
                    which are lost, from the account given of them by Pappus; and he published the
                    whole in 1706. He had afterwards a share in preparing for the press the Conics
                    of Apollonius, and he ventured to supply the whole of the eighth book, the
                    original of which is also lost. He likewise added Serenus on the section of the
                    cylinder and cone, printed from the original Greek, with a Latin translation,
                    and published the whole in folio. In 1713 he was made secretary of the Royal
                    Society; in 1720 he was appointed the king’s astronomer at the royal observatory
                    at Greenwich, in the room of Mr Flamsteed; and in 1729 he was chosen as foreign
                    member of the Academy of Sciences at Paris. He died at Greenwich in 1742. His
                    principal works are, 1. <hi rend="italic">Catalogus Stellarum Australium</hi><hi
                        rend="italic">;</hi> 2. <hi rend="italic">Tabulae Astronomicoe</hi><hi
                        rend="italic">;</hi> 3. An Abridgment of the Astronomy of Comets. We are
                    also indebted to Halley for the publication of several of the works of Sir Isaac
                    Newton, who had a particular friendship for him, and to whom he frequently
                    communicated his discoveries.</p>
            </div>
        </body>
    </text>
</TEI>
