<?xml version="1.0" encoding="utf-8"?><?xml-model  href="https://TU-plogan.github.io/code/odd/tei_kp1.rng" type="application/xml" schematypens="http://relaxng.org/ns/structure/1.0"?>
<TEI xml:id="kp-eb0711-1383-0176-02" xml:lang="en" xmlns="http://www.tei-c.org/ns/1.0">
    <teiHeader>
        <fileDesc>
            <titleStmt xml:id="eb07_v1.0">
                <title level="a" type="main">HAYDN, Francis Joseph</title>
                <title level="m" type="main">Encyclopaedia Britannica, 7th edition</title>
                <title level="m" type="sub">A machine-readable transcription</title>
                <editor>Edited by <persName ref="https://orcid.org/0000-0003-2362-8282"
                        role="editor" xml:id="pml">Peter Melville Logan</persName></editor>
                <respStmt>
                    <orgName xml:id="kp">Nineteenth-Century Knowledge Project Staff,
                            <affiliation>Temple University</affiliation></orgName>
                    <resp>OCR transcription and data management</resp>
                </respStmt>
                <respStmt>
                    <persName ref="https://orcid.org/0000-0001-7819-5360" xml:id="jg">Jane
                        Greenberg, <affiliation>Metadata Research Center, Drexel
                            University</affiliation></persName>
                    <resp>metadata development</resp>
                </respStmt>
                <respStmt>
                    <persName xml:id="dk">Don Kretz, <affiliation>Distributed
                            Proofreading</affiliation></persName>
                    <resp>data management</resp>
                </respStmt>
                <funder><orgName ref="http://viaf.org/viaf/137796012" xml:id="neh">National
                        Endowment for the Humanities</orgName></funder>
                <funder><orgName ref="http://viaf.org/viaf/121974598" xml:id="imls">Institute of
                        Museum and Library Services</orgName></funder>
                <funder><orgName ref="http://viaf.org/viaf/127396206" xml:id="tu">Temple
                        University</orgName></funder>
                <sponsor><orgName ref="http://viaf.org/viaf/3653147665869560670009" xml:id="cci"
                        >Drexel University, College of Computing &amp;
                    Informatics</orgName></sponsor>
            </titleStmt>
            <editionStmt>
                <edition n="2.0">Version 2.0 <date when="2023">2023</date></edition>
            </editionStmt>
            <extent>365 MB; 21,026 XML files </extent>
            <publicationStmt>
                <publisher corresp="kp"><orgName corresp="kp">Nineteenth-Century Knowledge
                        Project</orgName><email>nckp@temple.edu</email><link
                        target="https://github.com/TU-plogan/KnowledgeProject"/></publisher>
                <availability status="free">
                    <p>Licensed under a Creative Commons Attribution 4.0 International License.</p>
                    <licence target="https://creativecommons.org/licenses/by/4.0/"> CC BY 4.0
                    </licence>
                </availability>
                <date when="2023">2023</date>
            </publicationStmt>
            <seriesStmt>
                <title level="s">Encyclopaedia Britannica: A machine-readable text
                    transcription</title>
                <editor corresp="pml">Peter Melville Logan</editor>
            </seriesStmt>
            <sourceDesc>
                <biblFull xml:lang="en">
                    <titleStmt>
                        <title level="m">Encyclopaedia Britannica</title>
                        <editor><persName ref="http://viaf.org/viaf/79392506" xml:id="mn">Napier,
                                Macvey, 1776-1847</persName></editor>
                    </titleStmt>
                    <editionStmt>
                        <edition>Seventh Edition</edition>
                    </editionStmt>
                    <extent><measure quantity="21" unit="vol">21 volumes</measure></extent>
                    <publicationStmt>
                        <publisher>Adam and Charles Black</publisher>
                        <pubPlace>Edinburgh</pubPlace>
                        <date from="1830" to="1842">1830-1842</date>
                    </publicationStmt>
                    <sourceDesc>
                        <bibl xml:id="NLS"><title>Seventh edition - Encyclopaedia Britannica
                                [190218838]</title><publisher><orgName
                                    ref="https://digital.nls.uk/encyclopaedia-britannica/archive/190218838"
                                    >National Library of Scotland</orgName></publisher><date
                                when="2019">2019</date><idno type="DOI"
                                >https://doi.org/10.34812/cg4r-dn40</idno><availability>
                                <p>National Library of Scotland License: CC BY 4.0</p>
                                <licence target="https://creativecommons.org/licenses/by/4.0/">CC BY
                                    4.0 </licence>
                            </availability></bibl>
                    </sourceDesc>
                </biblFull>
                <listBibl>
                    <head>Alternate image sources for this edition:</head>
                    <bibl xml:id="UW-HT">Hathi Trust, from print source at the University of
                        Wisconsin: vol. 9, pp. 29, 31, 32, 36, 37, 39, 41, 48, 50-55, 57, 59, 62,
                        63, 66, 67, 69-71, 76, 88; vol. 19 (all).</bibl>
                    <bibl xml:id="UCH-HT">Hathi Trust, from print souce at the University of
                        Chicago: vol. 10, pp. 7-10; vols. 20, 21 (all).</bibl>
                </listBibl>
            </sourceDesc>
        </fileDesc>
        <encodingDesc>
            <editorialDecl>
                <correction method="markup" status="low">
                    <p>This electronic text file was created by optical character recognition (OCR).
                        OCR errors have not been corrected.</p>
                    <p>Illegible text in the original is indicated using <gi>unclear</gi> or
                            <gi>gap</gi>, as appropriate. If corrected, the reference source is
                        incidated with <gi>supplied</gi>.</p>
                </correction>
                <normalization method="silent">
                    <p>Original spelling is preserved. When noticed, obvious misspellings are
                        combined with the correct spelling as <gi>choice</gi> in the TEI. Ligatures
                        are reproduced as multiple letters. Original footnote and marginal note
                        sigla are replaced with sequential numbers for each entry.</p>
                </normalization>
                <punctuation marks="some">
                    <p>Extra space around punctuation marks is removed.</p>
                </punctuation>
                <quotation marks="some">
                    <p>Quotation marks are retained as content in the text. Redundant open quotation
                        marks at the start of lines inside block quotes are silently removed.</p>
                </quotation>
                <hyphenation eol="hard">
                    <p>Soft hyphens are removed silently.</p>
                </hyphenation>
                <segmentation>
                    <p>The <tag>div type="entry"</tag> element divides the text into individual
                        entries.</p>
                    <p>The <tag>div type="section"</tag> and <tag>div type="subsection"</tag>
                        elements are reserved for entry subsections.</p>
                </segmentation>
                <ab><list>
                        <item>Encoding has been done using the recommendations for Level 3 of the
                            TEI in Libraries Guidelines.</item>
                        <item>Individual entries and page-breaks are encoded, but column breaks are
                            omitted.</item>
                        <item>Running headers and side descriptions are not included.</item>
                        <item>Some font formatting is preserved: italic, small caps, strike through,
                            subscript, superscript, underline. The following formatting is ignored:
                            bold, font size, typeface.</item>
                    </list></ab>
            </editorialDecl>
            <tagsDecl>
                <namespace name="http://www.tei-c.org/ns/1.0">
                    <tagUsage gi="div">Unnumbered divs used.</tagUsage>
                </namespace>
            </tagsDecl>
            <projectDesc>
                <p>All text was encoded for the Nineteenth-Century Knowledge Project to provide a
                    machine-readable edition of the Encyclopedia Britannica to analyze.</p>
                <p>Subject-level metadata was added to each entry using the HIVE automated
                    vocabulary server created by the Metadata Research Center at Drexel University
                        (<link target="https://hive2.cci.drexel.edu"
                    />https://hive2.cci.drexel.edu).</p>
            </projectDesc>
            <samplingDecl>
                <p>This release reproduces the text matter for all entries. It does not include
                    images, tables, formulae, front- or back-matter. It omits volume 1, which
                    consists of "Dissertations" rather than entries.</p>
            </samplingDecl>
            <listPrefixDef>
                <prefixDef ident="fast" matchPattern="(\d+)"
                    replacementPattern="http://id.worldcat.org/fast/$1">
                    <p>URIs with the prefix <code>fast:</code> point to terms in the OCLC FAST
                        (Faceted Application of Subject Terminology) subject heading schema derived
                        from the Library of Congress Subject Headings (LCSH).</p>
                </prefixDef>
                <prefixDef ident="lcsh1910" matchPattern="(\w+)"
                    replacementPattern="https://n2t.net/ark:/99152/$1">
                    <p>URIs with the prefix <code>lcsh1910:</code> point to subject terms in the
                        volume <hi rend="italic">Subject Headings Used in the Dictionary Catalogues
                            of the Library of Congress</hi>, 7 vols., Library of Congress, 1910.</p>
                </prefixDef>
                <prefixDef ident="ht" matchPattern="([\w\-\.;=\&#34;&amp;]+)"
                    replacementPattern="https://babel.hathitrust.org/cgi/pt?id=$1">
                    <p>URIs with the prefix <code>ht:</code> point to page images in the Hathi
                        Trust.</p>
                </prefixDef>
                <prefixDef ident="ia" matchPattern="(\w+)"
                    replacementPattern="https://archive.org/details/$1">
                    <p>URIs with the prefix <code>ia:</code> point to page images in the Internet
                        Archive.</p>
                </prefixDef>
                <prefixDef ident="nls" matchPattern="([\w?\=]+)"
                    replacementPattern="https://digital.nls.uk/encyclopaedia-britannica/archive/$1">
                    <p>URIs with the prefix <code>nls:</code> point to page images in the National
                        Library of Scotland.</p>
                </prefixDef>
            </listPrefixDef>
        </encodingDesc>
        <profileDesc>
            <textClass default="false">
                <keywords scheme="https://id.cci.drexel.edu/">
                    <term ref="lcsh1910:b42v2ch0v">Music</term>
                    <term ref="lcsh1910:b42j68511">Life</term>
                    <term ref="lcsh1910:b4r49gb4d">Church</term>
                    <term ref="lcsh1910:b47d2q898">Churches</term>
                    <term ref="lcsh1910:b4q23r39q">Franks</term>
                    <term ref="lcsh1910:b4sn01649">Creation</term>
                    <term ref="lcsh1910:b4mw28p24">Scotch</term>
                    <term ref="lcsh1910:b4j96094w">Seasons</term>
                </keywords>
                <keywords scheme="http://id.worldcat.org/fast/">
                    <term ref="fast:933759">Franks</term>
                    <term ref="fast:882407">Creationism</term>
                    <term ref="fast:882382">Creation</term>
                    <term ref="fast:934209">French</term>
                    <term ref="fast:980750">Italians</term>
                    <term ref="fast:1030269">Music</term>
                    <term ref="fast:1030814">Musicals</term>
                    <term ref="fast:1182566">Year</term>
                    <term ref="fast:1198505">Life</term>
                    <term ref="fast:860364">Church</term>
                </keywords>
                <keywords scheme="http://id.worldcat.org/fast/">
                    <term ref="fast:1219920">England</term>
                    <term ref="fast:1204901">Austria</term>
                </keywords>
            </textClass>
        </profileDesc>
        <revisionDesc status="published">
            <change status="public" when="2023-10-11" who="#pml">v2.0 XSL updated</change>
            <change status="public" when="2022-11-30" who="#pml">RNG schema v.1 completed. </change>
            <change status="public" when="2022-11-28" who="#pml">v.1 XSL finished</change>
            <change status="public" when="2022-11-18" who="#pml">RNG schema draft</change>
        </revisionDesc>
    </teiHeader>
    <text>
        <body>
            <div facs="nls:193641383?mode=fullsize" org="uniform" part="N" sample="complete"
                type="entry">
                <p part="N"><label type="entry">HAYDN, <hi rend="smallcaps">Francis
                        Joseph</hi></label>, a celebrated musical composer, was born.at Rohrau, a
                    small town fifteen leagues distant from Vienna, in the year 1732. His father was
                    a cartwright, and his mother, before her marriage, had been cook in the family
                    of Count Harrach, the lord of the village. Haydn’s father had a fine tenor
                    voice, and played a little on the harp. On holidays, after church, he used to
                    accompany his wife whilst she sung; and, when only five years old, Haydn was
                    wont to stand by his parents, and join the concert in his own way, with two
                    pieces of wood, one of which served for a violin, and the other for a bow. When
                    loaded with years and honours, the great symphonist would often recall the music
                    of this domestic performance; so deep an impression had its simple strains made
                    on his soul. A cousin of the cart-wright, whose name was Frank, a schoolmaster
                    at Haimburg, came to Rohraπ one Sunday, and assisted at the <hi rend="italic"
                        >trio.</hi> He remarked that the child, then scarcely six years old, beat
                    the time with astonishing exactness and precision. This Frank was well
                    acquainted with music, and proposed to his relations to take little Joseph to
                    his house, and teach him. They accepted the offer with joy, hoping to succeed
                    more easily in getting Joseph into holy orders, if he should understand music.
                    Chance brought to Frank’s house Reuter, <hi rend="italic">maestro di capellα
                        of</hi> St Stephen’s, the cathedral church of Vienna. He was in quest of
                    children to recruit his choir. The schoolmaster soon proposed his little
                    relation to him; and when he came Reuter gave him a <hi rend="italic">canon</hi>
                    to sing at sight. The precision, purity of time, and spirit with which the child
                    executed it, surprised him; but he was more especially charmed with his voice,
                    which was naturally sonorous and delicate. He only remarked that he did not
                    shake, and asked him the reason with a smile. The boy smartly replied, “How
                    should you expect me to shake, when my cousin does not know how to do it himself
                    ?” “Come here,” said Reuter, “and I will teach you.” He then took him between
                    his knees, showed him how he should rapidly bring together two notes, hold his
                    breath, and agitate the palate. The child immediately made a good shake. Reuter,
                    enchanted with the success of his scholar, took a plate of fine cherries, which
                    Frank had ordered for his illustrious brother professor, and emptied them all
                    into the child’s pocket. The delight of the young musician may be readily
                    conceived. Haydn often mentioned this anecdote, adding with a smile, that he
                    fancied he had these beautiful cherries in his mouth whenever he happened to
                    shake.</p>
                <p part="N">Young Haydn was now placed in the hands of Reuter, and accompanied him
                    to Vienna. Haydn, in afterwards speaking of his studies under this master, said
                    he did not remember to have passed a single day without practising sixteen or
                    eighteen hours daily, and this he did of his own accord, for the. children of
                    the choir were not compelled to practise more than two hours. It was by this
                    unwearied assiduity, aided by the inspirations of his genius, that Haydn, almost
                    in the dawn of life, laid the foundation of his future eminence.</p>
                <p part="N">Mozart at twelve years of age composed a successful opera; but, less
                    fortunate, Haydn, at thirteen, produced a mass, which his worthy master
                    ridiculed. Convinced, after comparing his work with the compositions of others,
                    that Reuter was right, and that nature without art was like an eagle unfledged,
                    Haydn resolved to apply himself to the study of counterpoint. But Reuter did not
                    teach composition; and none of the masters in Vienna were so generous as to
                    instruct an unknown and unpatronised boy. But to this misfortune Haydn perhaps
                    is indebted for his originality. Under a master he might have avoided some of
                    the errors he has fallen into when he subsequently wrote for the church and for
                    the theatre; but, upon the whole, he would certainly have been less original. He
                    purchased the theoretical works of Mattheson, Fux, Emanuel Bach, and Kirberg,
                    which he studied most assiduously, labouring alone, and exercising every
                    scientific intricacy; and so great was the pleasure he experienced in his
                    pursüits, that, poor as he was, shivering with cold, and oppressed with sleep,
                    seated by the side of an old worn out harpsichord, he declared himself never to
                    have been happier at any period of his life.</p>
                <p part="N">At eighteen Haydn’s voice broke, and he left the class of <hi
                        rend="italic">soprani</hi> at St Stephen’s. Obliged to seek for a lodging,
                    chance threw him in the way of a poor peruke-makeι named Keller, who received
                    him as a son. Haydn, in the quiet obscurity of his new dwelling, was enabled to
                    pursue his studies without interruption. His residence here had, however, a
                    fatal influence on his future fortune. Kelleι had two daughters, and his wife
                    and he arranged that one of them should marry Haydn, who, absorbed in his
                    studies and thinking little about love, made no objection to the proposal. He
                    adhered to his engagement honourably in after life, but the union was an unhappy
                    one.</p>
                <p part="N">Haydn now began to compose short sonatas for the piano-forte, which he
                    sold at low prices to his few female pupils. He also wrote <hi rend="italic"
                        >minuets,</hi><hi rend="italic">allemands,</hi> and <hi rend="italic"
                        >waltzes</hi> foi the <hi rend="italic">Ridotto.</hi> By performing in
                    concert with two of his friends a sererada in the streets, he attracted the
                    attention of Curtz, the director of the theatre of Carinthia, whc employed him
                    to, write music, which was performed with the happiest success. But Haydn’s
                    talent was not for the stage, and he chose his own proper ground when in his
                    twentieth year, and produced six trios, which, from theiι striking originality,
                    at once brought him into notice. Shortly after this he published his first
                    quartett, which ever) musical amateur soon had by heart. Leaving the house of
                    Keller, Haydn went to lodge with Martinez, and became acquainted with Metastasio
                    the poet, who taught him Italian, and instructed him in the fine arts.</p>
                <p part="N">Haydn struggled long against want, but at last his genius brought him
                    into notice, and he received employmenl from Prince Antony Esterhazy, and bris
                    successor Nicholas, for whom Haydn composed a number of pieces for the baryton,
                    an instrument now scarcely ever used. Haydn did not forget his promise to his
                    benefactor Keller; and being now in better circumstances, he married hisdaughteι
                    Ann, from whom he afterwards separated, on account of heι bad temper and
                    conduct.</p>
                <p part="N">Placed now at the head of a full and excellent orchestra, and attached
                    to the service of a rich patron, Haydn found himself in that happy union of
                    circumstances which gives opportunity to genius to display all its powers. From
                    this moment his life was uniform and fully employed. He rose early in the
                    morning, dressed himself very neatly, and placed himself at a small table by the
                    side of his pianoforte, where the hour of dinner usually found him still seated.
                    In the evening he went to rehearsals, or to the open which was performed in the
                    prince’s palace four times every week. Sometimes, but not often, he devoted <hi
                        rend="italic">s</hi> morning to hunting. The little time he had to spare on
                    common days was divided between his friends and Mademoiselle Boselli, a singer
                    of eminence. Such was the course of his life, for more than thirty years; and
                    this car alone account for the prodigious number of his productions in
                    instrumental music, church music, and operas. In fiftj <pb break="no"
                        facs="nls:193641396?mode=fullsize" xml:id="kp-eb0711-1396-0177"/>years he
                    produced no less than five hundred and twenty- <hi rend="superscript"> z</hi>
                    seven instrumental compositions, and in the whole of these pieces he has never
                    copied or imitated himself, but when it was his intention to do so.</p>
                <p part="N">Haydn wrote his best music with some labour, not from any want of ideas,
                    but from the extreme delicacy of his taste, which he could with difficulty
                    satisfy. A symphony would sometimes cost him a month,anda mass perhaps two. His
                    manuscripts of one piece sometimes contain passages enough for three or four
                    pieces. But although it seemed labour, it was not so; for he was wont to say
                    that he never felt so happy as when at work. Nothing troubled him till the death
                    of his patron Prince Nicholas, in the year 1789, and the subsequent demise of
                    his favourite Boselli; circumstances which induced him to come to England, upon
                    the solicitations of Salomon. This musician was about to give concerts in
                    London, and offered Haydn fifty pounds for each performance, which terms he
                    accepted. Haydn was then fifty-nine years old, and he resided in England upwards
                    of a year, and brought out there some of his finest instrumental pieces.</p>
                <p part="N">From England Haydn went to Germany, but he returned for a short time in
                    1794. He was honoured with the diploma of doctor of music by Oxford. He
                    afterwards went to Austria, and did not return again to England. He was in his
                    sixtieth year when he commenced his <hi rend="italic">Creation,</hi> to which he
                    devoted two years. When urged to hasten its completion, he calmly said, he had
                    been a long time about it, because he intended it to last <hi rend="italic"
                        >a</hi> long time. It was finished in 1798, and performed in Vienna with
                    enthusiastic approbation. All Germany rang with its praises; in a few weeks it
                    was printed, and spread over Europe with a rapidity before unheard of. Two years
                    after, he composed his oratorio of the <hi rend="italic">Four Seasons,</hi> of
                    which Haydn used to say, “It is not another <hi rend="italic">Creation,</hi> and
                    the reason is this: in that oratorio the actors are angels, in the <hi
                        rend="italic">Four Seasons</hi> they are peasants.” This work terminated his
                    musical career; the labour of it exhausted him, and he complained that he was
                    forced to seek ideas which used to come to him formerly unsought. He wrote,
                    however, subsequently a few quartetts, and arranged nearly three hundred Scotch
                    songs, which produced him about six hundred guineas. At last he grew so weak,
                    that a vertigo seized him the moment he sat down to the piano. He now seldom
                    quitted his house and garden at Grumpendorff, and he became feeble in mind and
                    body. On the morning of the 31st of May 1809 he died, aged seventy-eight years
                    and two months. He was privately interred at Grumpendorff; for Vienna was at
                    that time in the occupation of the French. Haydn’s heir was a blacksmith, to
                    whom he left the bulk of his fortune. His manuscripts were purchased by Prince
                    Esterhazy. He left no posterity. Cherubini, Pleyel, New-komm, and Weigl, may be
                    considered as his disciples.</p>
                <p part="N">Haydn, in his symphonies, stands first in the list of the greatest
                    instrumental authors. In sacred music he opened a new path, by which he placed
                    himself on a level with the most celebrated composers for the church. In
                    theatrical music he was least successful. In that department he was only an
                    imitator. His instrumental music consists of chamber symphonies for a greater or
                    less number of instruments, and of symphonies for a full orchestra. The first of
                    these divisions comprehends duets, trios, quartetts, sestetts, octetts, and
                    divertimentos; sonatas, the <hi rend="italic">fantasie,</hi> variations, and <hi
                        rend="italic">capricci.</hi> In the second are contained the symphonies for
                    the grand orchestra, concertos for different instruments, serenades, and
                    marches.</p>
                <p part="N">The <hi rend="italic">allegros</hi> of his symphonies are in general
                    full of life and spirit. They generally begin with a short, easy, and
                    intelligible theme. Gradually, and by a procedure full of genius, this theme,
                    repeated by the different instruments, acquires a character of mingled heroism
                    and gaiety. There is more variety in the slow movements; in these the lofty
                    style is majestically displayed. The phrases or musical ideas in his <hi
                        rend="italic">andantes</hi> and <hi rend="italic">adagios</hi> are finely
                    and nobly developed. Sometimes the composer is carried away by his copiousness
                    and power; but this excess of vigour does not exclude passion and sentiment. His
                        <hi rend="italic">minuets are</hi> admirable, being rich in harmony and
                    accumulated beauties. The general character of Haydn’s instrumental music is
                    that of romantic imagination. “Haydn,” says Carpani, “è ľAriosto della musica.
                    Passeggia il suo genio per tutte le regioni dell’ arte. La sua immaginazione
                    âpre i tesori d’ogni bellezza, e ne dispone a sua voglia.” As a composer of
                    symphonies and quartetts, he may be considered as the first who moulded them
                    into that form which Mozart, Beethoven, and others, have adopted. The famous
                    seven instrumental pieces, called <hi rend="italic">Die Sieben</hi><hi
                        rend="italic">Worte</hi><hi rend="italic">des Heylandes am</hi><hi
                        rend="italic">Kreuze,</hi> were esteemed by the composer as his best
                    works.</p>
                <p part="N">The oratorio of the <hi rend="italic">Creation</hi> is replete with
                    grandeur, sublimity, and beauty. The <hi rend="italic">Seasons,</hi> with less
                    sentiment and learning than the <hi rend="italic">Creation,</hi> is equally
                    admirable as an expressive and delightful composition. The ideal part of Haydn’s
                    masses is brilliant and dignified: the style is noble and full of fire. His <hi
                        rend="italic">Agnus Dei</hi> is full of tenderness; the <hi rend="italic"
                        >Amens</hi> and <hi rend="italic">Hallelujahs</hi> breathe all the reality
                    of joy; the fugues display all the exultation of an enraptured mind. <hi
                        rend="italic">(Le</hi><hi rend="italic">Haydine</hi> de Carpani.) (z.
                    z.)</p>
            </div>
        </body>
    </text>
</TEI>
