<?xml version="1.0" encoding="utf-8"?><?xml-model  href="https://TU-plogan.github.io/code/odd/tei_kp1.rng" type="application/xml" schematypens="http://relaxng.org/ns/structure/1.0"?><TEI xmlns="http://www.tei-c.org/ns/1.0" xml:id="kp-eb0721-1025-0985-04" xml:lang="en"><teiHeader><fileDesc><titleStmt xml:id="eb07_v3.1"><title level="a" type="main">ZENO Eleates</title><title level="m" type="main">Encyclopaedia Britannica: A machine-readable transcription</title><title level="m" type="sub">7th edition, volume 21, page 985</title><editor>Edited by <persName ref="https://orcid.org/0000-0003-2362-8282" role="editor" xml:id="pml">Peter Melville Logan</persName></editor><respStmt><orgName xml:id="kp">Nineteenth-Century Knowledge Project Staff,
                        <affiliation>Temple University</affiliation></orgName><resp>OCR transcription and data management</resp></respStmt><respStmt><persName ref="https://orcid.org/0000-0001-7819-5360" xml:id="jg">Jane
                        Greenberg, <affiliation>Metadata Research Center, Drexel
                        University</affiliation></persName><resp>metadata development</resp></respStmt><respStmt><persName xml:id="dk">Don Kretz, <affiliation>Distributed
                        Proofreading</affiliation></persName><resp>data management</resp></respStmt><funder><orgName ref="http://viaf.org/viaf/137796012" xml:id="neh">National Endowment
                        for the Humanities</orgName></funder><funder><orgName ref="http://viaf.org/viaf/121974598" xml:id="imls">Institute of Museum
                        and Library Services</orgName></funder><funder><orgName ref="http://viaf.org/viaf/127396206" xml:id="tu">Temple
                        University</orgName></funder><sponsor><orgName ref="http://viaf.org/viaf/3653147665869560670009" xml:id="cci">Drexel
                        University, College of Computing &amp; Informatics</orgName></sponsor></titleStmt><editionStmt><edition n="3.1">Version 3.1<date when="2025">2025</date></edition></editionStmt><extent>416 MB; 21,118 XML files </extent><publicationStmt><publisher corresp="kp"><orgName corresp="kp">Nineteenth-Century Knowledge Project</orgName><email>nckp@temple.edu</email><link target="https://github.com/TU-plogan/KnowledgeProject"/></publisher><availability status="free"><p>Licensed under a Creative Commons Attribution 4.0 International License.</p><licence target="https://creativecommons.org/licenses/by/4.0/"> CC BY 4.0
                    </licence></availability><date when="2025">2025</date></publicationStmt><seriesStmt><title level="s">Encyclopaedia Britannica: A machine-readable transcription</title><editor corresp="pml">Peter Melville Logan</editor></seriesStmt><sourceDesc><biblFull xml:lang="en"><titleStmt><title level="m">Encyclopaedia Britannica</title><editor><persName ref="http://viaf.org/viaf/79392506" xml:id="mn">Napier,
                                Macvey, 1776-1847</persName></editor></titleStmt><editionStmt><edition>Seventh Edition</edition></editionStmt><extent><measure quantity="21" unit="vol">21 volumes</measure></extent><publicationStmt><publisher>Adam and Charles Black</publisher><pubPlace>Edinburgh</pubPlace><date from="1830" to="1842">1830-1842</date></publicationStmt><sourceDesc><bibl xml:id="NLS"><title>Seventh edition - Encyclopaedia Britannica [190218838]</title><publisher><orgName ref="https://digital.nls.uk/encyclopaedia-britannica/archive/190218838">National Library of Scotland</orgName></publisher><date when="2019">2019</date><idno type="DOI">https://doi.org/10.34812/cg4r-dn40</idno><availability><p>National Library of Scotland License: CC BY 4.0</p><licence target="https://creativecommons.org/licenses/by/4.0/">CC BY
                                    4.0 </licence></availability></bibl></sourceDesc></biblFull><listBibl><head>Alternate image sources for this edition:</head><bibl xml:id="UW-HT">Hathi Trust, from print source at the University of
                        Wisconsin: vol. 9, pp. 29, 31, 32, 36, 37, 39, 41, 48, 50-55, 57, 59, 62,
                        63, 66, 67, 69-71, 76, 88; vol. 19 (all).</bibl><bibl xml:id="UCH-HT">Hathi Trust, from print source at the University of
                        Chicago: vol. 10, pp. 7-10; vols. 20, 21 (all).</bibl></listBibl></sourceDesc></fileDesc><encodingDesc><editorialDecl><ab><list rend="bulleted" type="basic"><item>Encoding has been done using the recommendations for Level 3 of the
                            "TEI in Libraries Guidelines."</item><item>Individual entries and page-breaks are encoded, but column breaks are
                            omitted.</item><item>Print page headers and side descriptions are not included.</item><item>OCR successfully reproduced simple tables, but complex tabular data is
                            not captured dependably and the results should not be relied
                            upon.</item><item>OCR was not able to successfully reproduce math and chemical formulas.
                            The uncorrected results remain in the text.</item><item>Some font formatting is preserved: <val>italic</val>,
                            <val>smallcaps</val>, <val>strikethrough</val>, <val>subscript</val>,
                            <val>superscript</val>, <val>underline</val>. The following print styles
                            are ignored: bold, font size, typeface.</item></list></ab><correction method="markup" status="low"><p>This electronic text file was created by optical character recognition (OCR).
                        Some OCR errors have been corrected.</p><p>Illegible text in the original is indicated using <gi>unclear</gi> or
                        <gi>gap</gi>, as appropriate. If corrected, the reference source is
                        indicated with <gi>supplied</gi>.</p><p>Some volumes of the print edition substituted "c" for "e" letters across
                        multiple pages. These are silently corrected.</p></correction><normalization method="silent"><p>Original spelling is preserved. When noticed, obvious misspellings are
                        combined with the correct spelling as <gi>choice</gi> in the TEI. Ligatures
                        are reproduced as multiple letters. Original footnote and marginal note
                        sigla are replaced with sequential numbers for each entry.</p></normalization><punctuation marks="some"><p>Extra space around punctuation marks is removed.</p><p>Ordinal numbers, such as 1st, 2ndly, etc., are inconsistently italicized in
                        the printed text; they are normalized as roman throughout.</p></punctuation><quotation marks="some"><p>Quotation marks are retained as content in the text. Redundant open quotation
                        marks at the start of lines inside block quotes are silently removed.</p></quotation><hyphenation eol="hard"><p>Soft hyphens are silently removed.</p></hyphenation><segmentation><p>The <tag>div type="entry"</tag> element divides the text into individual
                        entries.</p><p>The <tag>div type="section"</tag> and <tag>div type="subsection"</tag>
                        elements are reserved for entry subsections, but their inclusion is largely
                        aspirational.</p></segmentation></editorialDecl><tagsDecl><namespace name="http://www.tei-c.org/ns/1.0"><tagUsage gi="div">Unnumbered <gi>div</gi> tags are used throughout.</tagUsage></namespace></tagsDecl><projectDesc><p>All text was encoded for the Nineteenth-Century Knowledge Project to provide a
                    machine-readable edition of the Encyclopedia Britannica to analyze using
                    machine-learning methods.</p><p>Subject keywords are added to <gi>teiHeader</gi> for each entry; they were
                    generated by the HIVE2 automated vocabulary server, created by the Metadata
                    Research Center at Drexel University (<link target="https://hive2.cci.drexel.edu"/>https://hive2.cci.drexel.edu).</p></projectDesc><samplingDecl><p>This release reproduces the text matter for all entries. It does not include
                    images, front- or back-matter. It omits volume 1, which consists of
                    "Dissertations" rather than entries. The reproduction of tables and formulae is
                    unreliable. </p></samplingDecl><listPrefixDef><prefixDef ident="fast" matchPattern="(\d+)" replacementPattern="http://id.worldcat.org/fast/$1"><p>URIs with the prefix <code>fastgeo:</code> point to terms in the OCLC FAST
                        (Faceted Application of Subject Terminology) Geographical subject heading
                        schema derived from the Library of Congress Subject Headings (LCSH).</p></prefixDef><prefixDef ident="fast" matchPattern="(\d+)" replacementPattern="http://id.worldcat.org/fast/$1"><p>URIs with the prefix <code>fasttopic:</code> point to terms in the OCLC FAST
                        (Faceted Application of Subject Terminology) Topical subject heading schema
                        derived from the Library of Congress Subject Headings (LCSH).</p></prefixDef><prefixDef ident="lcsh1910" matchPattern="(\w+)" replacementPattern="https://n2t.net/ark:/99152/$1"><p>URIs with the prefix <code>lcsh1910:</code> point to subject terms in <hi rend="italic">Subject Headings Used in the Dictionary Catalogues of the
                        Library of Congress</hi>, 2 vols., Library of Congress, 1910.</p></prefixDef><prefixDef ident="ht" matchPattern="([\w\-\.;=\&#34;&amp;]+)" replacementPattern="https://babel.hathitrust.org/cgi/pt?id=$1"><p>URIs with the prefix <code>ht:</code> point to page images in the Hathi
                        Trust.</p></prefixDef><prefixDef ident="ia" matchPattern="(\w+)" replacementPattern="https://archive.org/details/$1"><p>URIs with the prefix <code>ia:</code> point to page images in the Internet
                        Archive.</p></prefixDef><prefixDef ident="nls" matchPattern="([\w?\=]+)" replacementPattern="https://digital.nls.uk/encyclopaedia-britannica/archive/$1"><p>URIs with the prefix <code>nls:</code> point to page images in the National
                        Library of Scotland.</p></prefixDef></listPrefixDef></encodingDesc><profileDesc><textClass default="false"><keywords scheme="http://id.worldcat.org/fast/"><term n="5" ref="fasttopic:1110714">Sects</term><term n="4" ref="fasttopic:1182566">Year</term><term n="2" ref="fasttopic:882287">Crates</term><term n="2" ref="fasttopic:882525">Credit</term><term n="2" ref="fasttopic:795344">Accountants</term><term n="3" ref="fasttopic:886086">Cynicism</term><term n="2" ref="fasttopic:1133750">Stoics</term><term n="1" ref="fasttopic:1061214">Phoenicians</term><term n="1" ref="fasttopic:1107958">Schools</term></keywords><keywords scheme="https://id.cci.drexel.edu/"><term n="2" ref="lcsh1910:b4wh2dj16">Stoics</term><term n="1" ref="lcsh1910:b4xd0r50f">Phoenicians</term><term n="1" ref="lcsh1910:b43n20g8z">Schools</term><term n="5" ref="lcsh1910:b4pr7mv15">Sects</term><term n="2" ref="lcsh1910:b4sq8qk1s">Christ</term><term n="2" ref="lcsh1910:b4zp3w922">Writers</term><term n="2" ref="lcsh1910:b4f47gv14">Credit</term><term n="2" ref="lcsh1910:b4jw86m8z">Man</term></keywords></textClass></profileDesc><revisionDesc status="published"><listChange><change n="3.1" status="public" when="2025-06-05" who="#pml">v3.1. Isolates two
                    additional entries; restores <gi>label</gi> tags to 6 entries; makes minor
                    corrections throughout.</change><change n="3.0" status="public" when="2024-12-06" who="#pml">v3.0. Includes
                    significant corrections to the OCR text, predominantly in cases of confusing "c"
                    and "e." Isolates 90 entries that were mistakenly included at the end of prior
                    entries in v1 and v2. Normalizes ordinal numbers. Separates metadata in
                    <gi>teiHeader</gi> into two separate facets: FAST Topical and FAST Geographical.
                    Moves commas following <gi>pb</gi> in the text to preceding it and removes extra
                    space around the <gi>pb</gi> tag. Where a word is hyphenated at a <gi>pb</gi>,
                    the end fragment is now joined to the start fragment, making a machine-readable
                    word.</change><change n="2.0" status="public" when="2023-10-11" who="#pml">v2.0. Isolates 42
                    entries that were mistakenly included at the end of prior entries in v1. Removes
                    <att>xml:id</att> from the <gi>div</gi> for the entry and adds it to the
                    <gi>TEI</gi> tag. Adds schema link to all files.</change><change n="1.0" status="public" when="2022-11-28" who="#pml">v1.0. Initial
                    release.</change></listChange></revisionDesc></teiHeader><text><body><div facs="ht:chi.12945678&amp;view=1up&amp;seq=1025" type="entry"><p><label type="entry">ZENO <hi rend="smallcaps">Eleates</hi></label>, an eminent
                    Grecian philosopher, was born at Elea about 504 years before Christ. He was a
                    zealous friend of civil liberty, and is celebrated for his courageous and
                    successful opposition to tyrants; but the inconsistency of the stories related
                    by different writers concerning him in a great measure destroys their credit. He
                    chose to reside in his small native city of Elea rather than at Athens, because
                    it afforded freer scope to his independent and generous spirit, which could not
                    easily submit to the restraints of authority. It is related that he vindicated
                    the warmth with which he resented reproach, by saying, “If I were indifferent to
                    censure, I should also be indifferent to praise.” The invention of the dialectic
                    art has been improperly ascribed to Zeno; but there can be no doubt that this
                    philosopher, and other metaphysical disputants of the Eleatic sect, employed
                    much ingenuity and subtilty in exhibiting examples of most of the logical arts,
                    which were afterwards reduced to rule by Aristotle and others.</p><p>According to Aristotle, he taught that nothing can be produced either from that
                    which is similar or dissimilar; that there is only one being, God; who is
                    eternal, homogeneous, and spherical, neither finite nor infinite, neither
                    quiescent nor moveable; that there are many worlds; that there is in nature no
                    vacuum; that all bodies are composed of four elements, heat and moisture, cold
                    and dryness; and that the body of man is from the earth, and his soul an equal
                    mixture of these four elements. He argued with great subtilty against the
                    possibility of motion. If Seneca’s account of this philosopher deserves credit,
                    he reached the highest point of scepticism, and denied the existence of external
                    objects. The truth is, that after all that has been advanced by different
                    writers, it is impossible to determine whether Zeno understood the term <hi rend="italic">one</hi> metaphysically, logically, or physically; or whether he
                    admitted or denied a nature properly divine.</p><p><hi rend="smallcaps">Ζενο,</hi> the founder of the sect of the Stoics, was born
                    about 300 years before Christ, at Citium, in the island of Cyprus. This place
                    having been originally peopled by a colony of Phoenicians, Zeno is sometimes
                    called a Phoenician. His father was by profession a merchant, but discovering in
                    the youth a strong propensity towards learning, he early devoted him to
                    philosophy. In his mercantile capacity he had frequent occasion to visit Athens,
                    where he purchased for his son several of the writings of the most eminent
                    Socratic philosophers. These he read with great avidity; and when he was about
                    thirty years of age, he determined to take a voyage to a city which was so
                    celebrated both as a mart of trade and of science. If it be true, as some
                    writers relate, that he brought with him a valuable cargo of Phoenician purple,
                    which was lost by shipwreck upon the coast of Piraeus, this circumstance will
                    account for the facility with which he at first attached himself to a sect whose
                    leading principle was the contempt of riches. Upon his first arrival in Athens,
                    going accidentally into the shop of a bookseller, he took up a volume of the
                    commentaries of Xenophon; and after reading a few passages, was so much
                    delighted with the work, and formed so high an idea of the author, that he asked
                    the bookseller where he might meet with such men. Crates, the Cynic philosopher,
                    happening at that instant to be passing by, the bookseller pointed to him, and
                    said, “Follow that man.” Zeno attended upon the instructions of Crates, and was
                    so well pleased with his doctrine that he became one of his disciples. But
                    though he admired the general principles of the Cynic school, he could not
                    easily reconcile himself to their peculiar manners. Besides, his inquisitive
                    turn of mind would not allow him to adopt that indifference to every scientific
                    inquiry which was one of the characteristic distinctions of the sect. He
                    therefore attended upon other masters, who professed to instruct their disciples
                    in the nature and causes of things. When Crates, displeased at his following
                    other philosophers, attempted to drag him by force out of the school of Stilpo,
                    Zeno said to him, “You may seize my body, but Stilpo has laid hold of my mind.”
                    After continuing to attend upon the lectures of Stilpo several years, he
                    resorted to other schools, particularly to those of Xenocrates and Diodorus
                    Cronus. By the latter he was instructed in dialectics. He was so much delighted
                    with this branch of study, that he presented to his master a large pecuniary
                    gratuity, in return for his free communication of some of his ingenious
                    subtilties. At last, after attending almost every other master, he offered
                    himself as a disciple of Polemo. This philosopher appears to have been aware
                    that Zeno’s intention, in thus removing from one school to another, was to
                    collect materials from various quarters for a new system of his own; for when he
                    came into Polemo’s school, he said to him, “I am no stranger, Zeno, to your
                    Phoenician arts; I perceive that your design is to creep slyly into my garden,
                    and steal away my fruit.” Polemo was not mistaken in his opinion. Having made
                    himself master of the tenets of others, Zeno determined to become the founder of
                    a new sect. The place which he made choice of for his school was a public
                    portico adorned with the pictures of Polygnotus, and other eminent painters. It
                    was the most famous porticoin Athens, and called, by way of eminence, ∑ <hi rend="italic">τοὰ</hi> “the Porch.” It was from this circumstance that the
                    followers of Zeno were called <hi rend="italic">Stoics.</hi></p><p>In his person Zeno was tall and slender; his aspect was severe, and his brow
                    contracted. His constitution was feeble, but he preserved his health by great
                    abstemiousness. The supplies of his table consisted of figs, bread, and honey;
                    notwithstanding which, he was frequently honoured with the company of great men.
                    In public company, to avoid every appearance of an assuming temper, he commonly
                    took the lowest place. Indeed so great was <pb break="no" facs="ht:chi.12945678&amp;view=1up&amp;seq=1026" xml:id="kp-eb0721-1026-0986"/>his modesty, that he seldom chose to mingle with a crowd, or wished for the
                    company of more than two or three friends at once. He paid more attention to
                    neatness and decorum in external appearance than the Cynic philosophers. In his
                    dress indeed he was plain, and in all his expenses frugal; but this is not to be
                    imputed to avarice, but a contempt of external magnificence. Zeno lived to the
                    extreme age of ninety-eight; and at last, in consequence of an accident,
                    voluntarily put an end to his life. As he was walking out of his school he fell
                    down, and in the fall broke one of his fingers; upon which he was so affected
                    with a consciousness of infirmity, that, striking the earth, he said, “Why am I
                    thus importuned? I obey thy summons and immediately went home and strangled
                    himself. He died in the first year of the 129th Olympiad. The Athenians, at the
                    request of Antigonus, erected a monument to his memory in the Ceramicum.</p></div></body></text></TEI>