<?xml version="1.0" encoding="utf-8"?><?xml-model  href="https://TU-plogan.github.io/code/odd/tei_kp1.rng" type="application/xml" schematypens="http://relaxng.org/ns/structure/1.0"?>
<TEI xml:id="kp-eb0711-0681-0122-03" xml:lang="en" xmlns="http://www.tei-c.org/ns/1.0">
    <teiHeader>
        <fileDesc>
            <titleStmt xml:id="eb07_v1.0">
                <title level="a" type="main">HAMBURG</title>
                <title level="m" type="main">Encyclopaedia Britannica, 7th edition</title>
                <title level="m" type="sub">A machine-readable transcription</title>
                <editor>Edited by <persName ref="https://orcid.org/0000-0003-2362-8282"
                        role="editor" xml:id="pml">Peter Melville Logan</persName></editor>
                <respStmt>
                    <orgName xml:id="kp">Nineteenth-Century Knowledge Project Staff,
                            <affiliation>Temple University</affiliation></orgName>
                    <resp>OCR transcription and data management</resp>
                </respStmt>
                <respStmt>
                    <persName ref="https://orcid.org/0000-0001-7819-5360" xml:id="jg">Jane
                        Greenberg, <affiliation>Metadata Research Center, Drexel
                            University</affiliation></persName>
                    <resp>metadata development</resp>
                </respStmt>
                <respStmt>
                    <persName xml:id="dk">Don Kretz, <affiliation>Distributed
                            Proofreading</affiliation></persName>
                    <resp>data management</resp>
                </respStmt>
                <funder><orgName ref="http://viaf.org/viaf/137796012" xml:id="neh">National
                        Endowment for the Humanities</orgName></funder>
                <funder><orgName ref="http://viaf.org/viaf/121974598" xml:id="imls">Institute of
                        Museum and Library Services</orgName></funder>
                <funder><orgName ref="http://viaf.org/viaf/127396206" xml:id="tu">Temple
                        University</orgName></funder>
                <sponsor><orgName ref="http://viaf.org/viaf/3653147665869560670009" xml:id="cci"
                        >Drexel University, College of Computing &amp;
                    Informatics</orgName></sponsor>
            </titleStmt>
            <editionStmt>
                <edition n="2.0">Version 2.0 <date when="2023">2023</date></edition>
            </editionStmt>
            <extent>365 MB; 21,026 XML files </extent>
            <publicationStmt>
                <publisher corresp="kp"><orgName corresp="kp">Nineteenth-Century Knowledge
                        Project</orgName><email>nckp@temple.edu</email><link
                        target="https://github.com/TU-plogan/KnowledgeProject"/></publisher>
                <availability status="free">
                    <p>Licensed under a Creative Commons Attribution 4.0 International License.</p>
                    <licence target="https://creativecommons.org/licenses/by/4.0/"> CC BY 4.0
                    </licence>
                </availability>
                <date when="2023">2023</date>
            </publicationStmt>
            <seriesStmt>
                <title level="s">Encyclopaedia Britannica: A machine-readable text
                    transcription</title>
                <editor corresp="pml">Peter Melville Logan</editor>
            </seriesStmt>
            <sourceDesc>
                <biblFull xml:lang="en">
                    <titleStmt>
                        <title level="m">Encyclopaedia Britannica</title>
                        <editor><persName ref="http://viaf.org/viaf/79392506" xml:id="mn">Napier,
                                Macvey, 1776-1847</persName></editor>
                    </titleStmt>
                    <editionStmt>
                        <edition>Seventh Edition</edition>
                    </editionStmt>
                    <extent><measure quantity="21" unit="vol">21 volumes</measure></extent>
                    <publicationStmt>
                        <publisher>Adam and Charles Black</publisher>
                        <pubPlace>Edinburgh</pubPlace>
                        <date from="1830" to="1842">1830-1842</date>
                    </publicationStmt>
                    <sourceDesc>
                        <bibl xml:id="NLS"><title>Seventh edition - Encyclopaedia Britannica
                                [190218838]</title><publisher><orgName
                                    ref="https://digital.nls.uk/encyclopaedia-britannica/archive/190218838"
                                    >National Library of Scotland</orgName></publisher><date
                                when="2019">2019</date><idno type="DOI"
                                >https://doi.org/10.34812/cg4r-dn40</idno><availability>
                                <p>National Library of Scotland License: CC BY 4.0</p>
                                <licence target="https://creativecommons.org/licenses/by/4.0/">CC BY
                                    4.0 </licence>
                            </availability></bibl>
                    </sourceDesc>
                </biblFull>
                <listBibl>
                    <head>Alternate image sources for this edition:</head>
                    <bibl xml:id="UW-HT">Hathi Trust, from print source at the University of
                        Wisconsin: vol. 9, pp. 29, 31, 32, 36, 37, 39, 41, 48, 50-55, 57, 59, 62,
                        63, 66, 67, 69-71, 76, 88; vol. 19 (all).</bibl>
                    <bibl xml:id="UCH-HT">Hathi Trust, from print souce at the University of
                        Chicago: vol. 10, pp. 7-10; vols. 20, 21 (all).</bibl>
                </listBibl>
            </sourceDesc>
        </fileDesc>
        <encodingDesc>
            <editorialDecl>
                <correction method="markup" status="low">
                    <p>This electronic text file was created by optical character recognition (OCR).
                        OCR errors have not been corrected.</p>
                    <p>Illegible text in the original is indicated using <gi>unclear</gi> or
                            <gi>gap</gi>, as appropriate. If corrected, the reference source is
                        incidated with <gi>supplied</gi>.</p>
                </correction>
                <normalization method="silent">
                    <p>Original spelling is preserved. When noticed, obvious misspellings are
                        combined with the correct spelling as <gi>choice</gi> in the TEI. Ligatures
                        are reproduced as multiple letters. Original footnote and marginal note
                        sigla are replaced with sequential numbers for each entry.</p>
                </normalization>
                <punctuation marks="some">
                    <p>Extra space around punctuation marks is removed.</p>
                </punctuation>
                <quotation marks="some">
                    <p>Quotation marks are retained as content in the text. Redundant open quotation
                        marks at the start of lines inside block quotes are silently removed.</p>
                </quotation>
                <hyphenation eol="hard">
                    <p>Soft hyphens are removed silently.</p>
                </hyphenation>
                <segmentation>
                    <p>The <tag>div type="entry"</tag> element divides the text into individual
                        entries.</p>
                    <p>The <tag>div type="section"</tag> and <tag>div type="subsection"</tag>
                        elements are reserved for entry subsections.</p>
                </segmentation>
                <ab><list>
                        <item>Encoding has been done using the recommendations for Level 3 of the
                            TEI in Libraries Guidelines.</item>
                        <item>Individual entries and page-breaks are encoded, but column breaks are
                            omitted.</item>
                        <item>Running headers and side descriptions are not included.</item>
                        <item>Some font formatting is preserved: italic, small caps, strike through,
                            subscript, superscript, underline. The following formatting is ignored:
                            bold, font size, typeface.</item>
                    </list></ab>
            </editorialDecl>
            <tagsDecl>
                <namespace name="http://www.tei-c.org/ns/1.0">
                    <tagUsage gi="div">Unnumbered divs used.</tagUsage>
                </namespace>
            </tagsDecl>
            <projectDesc>
                <p>All text was encoded for the Nineteenth-Century Knowledge Project to provide a
                    machine-readable edition of the Encyclopedia Britannica to analyze.</p>
                <p>Subject-level metadata was added to each entry using the HIVE automated
                    vocabulary server created by the Metadata Research Center at Drexel University
                        (<link target="https://hive2.cci.drexel.edu"
                    />https://hive2.cci.drexel.edu).</p>
            </projectDesc>
            <samplingDecl>
                <p>This release reproduces the text matter for all entries. It does not include
                    images, tables, formulae, front- or back-matter. It omits volume 1, which
                    consists of "Dissertations" rather than entries.</p>
            </samplingDecl>
            <listPrefixDef>
                <prefixDef ident="fast" matchPattern="(\d+)"
                    replacementPattern="http://id.worldcat.org/fast/$1">
                    <p>URIs with the prefix <code>fast:</code> point to terms in the OCLC FAST
                        (Faceted Application of Subject Terminology) subject heading schema derived
                        from the Library of Congress Subject Headings (LCSH).</p>
                </prefixDef>
                <prefixDef ident="lcsh1910" matchPattern="(\w+)"
                    replacementPattern="https://n2t.net/ark:/99152/$1">
                    <p>URIs with the prefix <code>lcsh1910:</code> point to subject terms in the
                        volume <hi rend="italic">Subject Headings Used in the Dictionary Catalogues
                            of the Library of Congress</hi>, 7 vols., Library of Congress, 1910.</p>
                </prefixDef>
                <prefixDef ident="ht" matchPattern="([\w\-\.;=\&#34;&amp;]+)"
                    replacementPattern="https://babel.hathitrust.org/cgi/pt?id=$1">
                    <p>URIs with the prefix <code>ht:</code> point to page images in the Hathi
                        Trust.</p>
                </prefixDef>
                <prefixDef ident="ia" matchPattern="(\w+)"
                    replacementPattern="https://archive.org/details/$1">
                    <p>URIs with the prefix <code>ia:</code> point to page images in the Internet
                        Archive.</p>
                </prefixDef>
                <prefixDef ident="nls" matchPattern="([\w?\=]+)"
                    replacementPattern="https://digital.nls.uk/encyclopaedia-britannica/archive/$1">
                    <p>URIs with the prefix <code>nls:</code> point to page images in the National
                        Library of Scotland.</p>
                </prefixDef>
            </listPrefixDef>
        </encodingDesc>
        <profileDesc>
            <textClass default="false">
                <keywords scheme="http://id.worldcat.org/fast/">
                    <term ref="fast:1205290">Greenland</term>
                    <term ref="fast:1240495">Asia</term>
                    <term ref="fast:1204558">Denmark</term>
                    <term ref="fast:1239786">America</term>
                </keywords>
                <keywords scheme="https://id.cci.drexel.edu/">
                    <term ref="lcsh1910:b44f1mm3n">Courts</term>
                    <term ref="lcsh1910:b4gx44t81">Walking</term>
                    <term ref="lcsh1910:b4wh2dg8p">Rivers</term>
                    <term ref="lcsh1910:b4r49gb4d">Church</term>
                    <term ref="lcsh1910:b47d2q898">Churches</term>
                    <term ref="lcsh1910:b4d795c7h">Republicanism</term>
                    <term ref="lcsh1910:b4vh5ch72">Americanisms</term>
                    <term ref="lcsh1910:b45m62b4v">Germans</term>
                </keywords>
                <keywords scheme="http://id.worldcat.org/fast/">
                    <term ref="fast:950757">Hamburgers</term>
                    <term ref="fast:1175881">Wine</term>
                    <term ref="fast:881747">Courts</term>
                    <term ref="fast:1170049">Walking</term>
                    <term ref="fast:1098312">Rivers</term>
                    <term ref="fast:934209">French</term>
                    <term ref="fast:1095066">Republicanism</term>
                    <term ref="fast:1004072">Lutherans</term>
                    <term ref="fast:844604">Calvinists</term>
                    <term ref="fast:1100116">Romans</term>
                </keywords>
            </textClass>
        </profileDesc>
        <revisionDesc status="published">
            <change status="public" when="2023-10-11" who="#pml">v2.0 XSL updated</change>
            <change status="public" when="2022-11-30" who="#pml">RNG schema v.1 completed. </change>
            <change status="public" when="2022-11-28" who="#pml">v.1 XSL finished</change>
            <change status="public" when="2022-11-18" who="#pml">RNG schema draft</change>
        </revisionDesc>
    </teiHeader>
    <text>
        <body>
            <div facs="nls:193640681?mode=fullsize" org="uniform" part="N" sample="complete"
                type="entry">
                <p part="N"><label type="entry">HAMBURG</label>, a republican state in Germany,
                    consisting of the city of that name, and of the territory around it, though some
                    portions are encompassed by the dominions of Denmark and of Hanover. It has
                    also, in union with the state of Lubeck, the bailiwick of Bergedorf, with the
                    town of that name, containing 2000 inhabitants. The bailiwick of Ritzebuttel, of
                    which Hamburg is the sovereign, contains the town of that name, and also
                    Cruxhaven, and extends between the mouths of the rivers Elbe and Weser, over
                    about thirty-four square miles, and contains 4000 inhabitants.</p>
                <p part="N">The city of Hamburg, one of the greatest emporiums of foreign commerce
                    on the continent of Europe, is situated on the north bank of the river Elbe,
                    about seventy-five miles from its mouth, by which the larger class of merchant
                    vessels can reach it with facility. It was strongly fortified both on the land
                    and the river sides, but during the revolutionary wars its defences were found
                    to require so large a garrison, that since peace has restored it to
                    independence, the walls have been converted into pleasant gardens and
                    promenades. It has two lakes on its eastern side, the Great and Little Alster,
                    on one of which a row of trees forms a pleasant walk, called the Junfersteign or
                    Young Lady’s Walk, which is the scene of the recreation of the inhabitants, and
                    on which are the best hotels of the city.</p>
                <p part="N">The city, like other ancient towns, consists of narrow and crooked
                    streets, of houses large, lofty, and gloomy, and of canals communicating with
                    the river, by which the craft can convey goods from the ships on the river to
                    the various stores of the merchants. None of the public buildings display
                    remarkable taste. The stadthöuse is large and heavy; and under it are those
                    large wine-cellars belonging to the city, which, before the French seized it,
                    were filled with nearly 400 large casks, containing about , sixty hogsheads each
                    of Rhenish wine of all ages, from 160 to one year old. There are in Hamburg
                    sixteen Lutheran, two Calvinist, and one Catholic church, besides chapels for
                    the English, and for some small sects. St Michael’s church is the most striking,
                    and has a tower 450 feet in height. The bank, the exchange, the admiralty, the
                    house of industry, and other public buildings, are appropriated for their
                    specific purposes, but exhibit nothing peculiar in their architecture. During
                    the French possession, the military commandant compelled the city to construct a
                    bridge across the Elbe, which is near seven miles in breadth, at a vast expense;
                    but upon recovering their independence, it was taken down, and the timber of
                    which it was composed was sold. The intercourse with Harburg on the opposite
                    bank is now maintained by means of barques, steam-boats, and other craft, which
                    pass to and fro almost hourly. The government of Hamburg resides in the senate,
                    which is composed of thirty-six members, four of whom are termed burgomasters,
                    four syndics, one the prothonotary, one the keeper of the archives, and two
                    secretaries. They are chosen by the body of the citizens, who for this purpose
                    are formed into five divisions or classes. The administration of civil as well
                    as of criminal law is confided to three graduated courts, with a power of appeal
                    from the lower to the higher courts. The principles of the Roman law are acted
                    upon in the several courts. The police is well regulated, and maintains what is
                    called a city guard of 400. It maintains a regular military body of 1850 men,
                    besides an organized corps of city militia. The revenue is derived from personal
                    imposts on the different classes of burghers, and from tolls on foreign ships,
                    and slight duties on importation, amounting to about L. 150,000 yearly. The debt
                    owing by the state is about L.650,000, but it is annually diminishing. The
                    commerce of the city is carried on with other countries, both by Hamburg and
                    foreign-built ships. The former, constructed in their own ship-yards, are
                    commonly well built, of great strength and burden, and generally proceed to sea
                    well equipped. Many of them repair to the Greenland fishery, and return with
                    blubber, which is converted into oil at appropriate places on the verge of the
                    city. Other Hamburg ships repair to America, Asia, and the Mediterranean. The
                    greater part, however, of the ships that convey cargoes to Hamburg are
                    foreigners; the largest number are British, next to them are the North American,
                    and some are of almost every maritime country, all of whom have consuls to
                    protect their several interests. From the position of Hamburg, near the mouth of
                    a river navigable more than five hundred miles above its embouchure, it enjoys a
                    prodigious internal trade. It is the necessary entrepôt for a great part of
                    Prussia, for the whole of the kingdom of Saxony, for Bohemia, and for several
                    portions of other states in the interior of Germany. As these have no other
                    channel of intercourse with the sea, they obtain their sugar, coffee, rice,
                    tobacco, cotton, wine, rum, fruits, tea, besides articles of clothing, from the
                    stores deposited in Hamburg. They export also through the same channel their
                    corn, flax, linen yarn and cloths, wax, honey, rags, feathers, and the various
                    products of the soil. Thus in Hamburg, as in London, the commodities of every
                    country, and of every climate, may at all times meet both purchasers and
                    sellers.</p>
                <p part="N">The manufacturing industry of Hamburg is likewise very considerable. It
                    is exhibited in sugar refineries, in spinning-mills, hat-making, in linen, silk,
                    and velvet weaving, in calico-printing, snuff and tobacco preparing, whalebone
                    cutting, in making gold and silver articles, and in several other ways. The
                    schools are conducted in a beneficial manner for the education and improvement
                    of the inhabitants. A gymnasium or high school, a kind of college, has five
                    professors; and the Johanneum, of the same kind, has one director and seventeen
                    tutors, and both are well regulated, as are also the schools for the rudiments
                    of learning. The institutions for the relief of poverty, sickness, and old age,
                    are benevolently and economically supported. There are both French and German
                    theatres, and the gratifications of music and dancing are amply provided for.
                    This city is situated in longitude 9. 46. 27. east, and latitude 53. 34. 32.
                    north. The total number of the inhabitants amounted, in 1832, to 122,000 within
                    the city.</p>
            </div>
        </body>
    </text>
</TEI>
