<?xml version="1.0" encoding="utf-8"?><?xml-model  href="https://TU-plogan.github.io/code/odd/tei_kp1.rng" type="application/xml" schematypens="http://relaxng.org/ns/structure/1.0"?>
<TEI xml:id="kp-eb0914-0094-0083-01" xml:lang="en" xmlns="http://www.tei-c.org/ns/1.0">
    <teiHeader>
        <fileDesc>
            <titleStmt xml:id="eb07_v1.0">
                <title level="a" type="main">KINGS, The First and Second Books of (9th edition,
                    volume 14, page 83)</title>
                <title level="m" type="main">Encyclopaedia Britannica, 9th edition</title>
                <title level="m" type="sub">A machine-readable transcription</title>
                <editor>Edited by <persName ref="https://orcid.org/0000-0003-2362-8282"
                    role="editor" xml:id="pml">Peter Melville Logan</persName></editor>
                <respStmt>
                    <orgName xml:id="kp">Nineteenth-Century Knowledge Project Staff,
                        <affiliation>Temple University</affiliation></orgName>
                    <resp>OCR transcription and data management</resp>
                </respStmt>
                <respStmt>
                    <persName ref="https://orcid.org/0000-0001-7819-5360" xml:id="jg">Jane
                        Greenberg, <affiliation>Metadata Research Center, Drexel
                        University</affiliation></persName>
                    <resp>metadata development</resp>
                </respStmt>
                <respStmt>
                    <persName xml:id="dk">Don Kretz, <affiliation>Distributed
                        Proofreading</affiliation></persName>
                    <resp>data management</resp>
                </respStmt>
                <funder><orgName ref="http://viaf.org/viaf/137796012" xml:id="neh">National
                    Endowment for the Humanities</orgName></funder>
                <funder><orgName ref="http://viaf.org/viaf/121974598" xml:id="imls">Institute of
                    Museum and Library Services</orgName></funder>
                <funder><orgName ref="http://viaf.org/viaf/127396206" xml:id="tu">Temple
                    University</orgName></funder>
                <sponsor><orgName ref="http://viaf.org/viaf/3653147665869560670009" xml:id="cci"
                    >Drexel University, College of Computing &amp; Informatics</orgName></sponsor>
            </titleStmt>
            <editionStmt>
                <edition n="1.0">Version 1.0, initial release <date when="2023"
                    >2023</date></edition>
            </editionStmt>
            <extent>387 MB; 17,772 XML files in 47 folders </extent>
            <publicationStmt>
                <publisher corresp="kp"><orgName corresp="kp">Nineteenth-Century Knowledge
                    Project</orgName><email>nckp@temple.edu</email><link
                    target="https://tu-plogan.github.io/index.html"/></publisher>
                <availability status="free">
                    <p>Licensed under a Creative Commons Attribution 4.0 International License.</p>
                    <licence target="https://creativecommons.org/licenses/by/4.0/"> CC BY 4.0
                    </licence>
                </availability>
                <date when="2020">2023</date>
            </publicationStmt>
            <seriesStmt>
                <title level="s">Encyclopaedia Britannica: A machine-readable text
                    transcription</title>
                <editor corresp="pml">Peter Melville Logan</editor>
            </seriesStmt>
            <sourceDesc>
                <biblFull xml:lang="en">
                    <titleStmt>
                        <title level="m">Encyclopaedia Britannica</title>
                        <editor><persName ref="http://viaf.org/viaf/12465694" xml:id="mn">Baynes, T.
                            Spencer (Thomas Spencer), <date from="1823" to="1887"
                            >1823-1887</date></persName></editor>
                    </titleStmt>
                    <editionStmt>
                        <edition>Ninth Edition</edition>
                    </editionStmt>
                    <extent><measure quantity="25" unit="vol">25 volumes</measure></extent>
                    <publicationStmt>
                        <publisher>Charles Scribner's Sons</publisher>
                        <authority>Authorized reprint from Edinburgh plates</authority>
                        <pubPlace>New York</pubPlace>
                        <date from="1875" to="1889">1875-1889</date>
                    </publicationStmt>
                    <sourceDesc>
                        <bibl xml:id="ia-uc"><title>Encyclopaedia Britannica: a dictionary of arts,
                            sciences, and general literature</title><publisher><orgName
                            ref="https://archive.org/">Internet Archive</orgName><orgName
                            ref="https://archive.org/details/cdl">University of California
                            Libraries, California Digital Library</orgName></publisher><date
                            when="2019">2006</date><idno type="OCLC">592355607</idno><idno
                            type="ark">13960/t0ks6j612</idno><availability>
                            <p>Internet Archive: NOT_IN_COPYRIGHT</p>
                            </availability></bibl>
                    </sourceDesc>
                </biblFull>
                <listBibl>
                    <head>Alternate image sources for this edition:</head>
                    <desc>Alternate images of the same print editions were substituted when the
                        primary source had unusable images for those pages.</desc>
                    <bibl xml:id="um-ht">Hathi Trust, from print source at the University of
                        Michigan: vol. 14, pp. 34-35; vol. 15, pp. 170-171.</bibl>
                </listBibl>
            </sourceDesc>
        </fileDesc>
        <encodingDesc>
            <editorialDecl>
                <correction method="markup" status="low">
                    <p>This electronic text file was created by optical character recognition (OCR).
                        OCR errors have not been corrected.</p>
                    <p>Illegible text in the original is indicated using <gi>unclear</gi> or
                        <gi>gap</gi>, as appropriate. If corrected, the reference source is
                        indicated with <gi>supplied</gi>.</p>
                </correction>
                <normalization method="silent">
                    <p>Original spelling is preserved. When noticed, obvious misspellings are
                        combined with the correct spelling as <gi>choice</gi> in the TEI. Ligatures
                        are reproduced as multiple letters. Original footnote and marginal note
                        sigla are replaced with sequential numbers for each entry.</p>
                </normalization>
                <punctuation marks="some">
                    <p>Extra space around punctuation marks is removed.</p>
                </punctuation>
                <quotation marks="some">
                    <p>Quotation marks are retained as content in the text. Redundant open quotation
                        marks at the start of lines inside block quotes are silently removed.</p>
                </quotation>
                <hyphenation eol="hard">
                    <p>Soft hyphens are removed silently.</p>
                </hyphenation>
                <segmentation>
                    <p>The <tag>div type="entry"</tag> element divides the text into individual
                        entries.</p>
                    <p>The <tag>div type="section"</tag> and <tag>div type="subsection"</tag>
                        elements are reserved for future entry subsections.</p>
                </segmentation>
                <ab><list rend="bulleted" type="basic">
                    <item>Encoding uses the recommendations for Level 3 of the TEI in Libraries
                        Guidelines.</item>
                    <item>Individual entries and page-breaks are encoded, but column breaks are
                        omitted.</item>
                    <item>Running headers and side descriptions are not included.</item>
                    <item>Some font formatting is preserved: italic, small caps, strike-through,
                        subscript, superscript, underline. The following formatting is ignored:
                        bold, font size, typeface.</item>
                    </list></ab>
            </editorialDecl>
            <tagsDecl>
                <namespace name="http://www.tei-c.org/ns/1.0">
                    <tagUsage gi="div">Unnumbered divs used.</tagUsage>
                </namespace>
            </tagsDecl>
            <projectDesc>
                <p>All text was encoded for the Nineteenth-Century Knowledge Project to provide a
                    machine-readable edition of the Encyclopedia Britannica to analyze.</p>
                <p>Subject-level metadata was added to each entry using the HIVE automated
                    vocabulary server created by the Metadata Research Center at Drexel University
                    (<link target="https://hive2.cci.drexel.edu"/>https://hive2.cci.drexel.edu).</p>
            </projectDesc>
            <samplingDecl>
                <p>The first release is a reproduction of text matter for all entries. It does not
                    include images, tables, formulae, front- or back-matter. It omits volume 1,
                    which consists of "Dissertations" rather than entries.</p>
            </samplingDecl>
            <listPrefixDef>
                <prefixDef ident="fast" matchPattern="(\d+)"
                    replacementPattern="http://id.worldcat.org/fast/$1">
                    <p>URIs with the prefix <code>fast:</code> point to terms in the OCLC FAST
                        (Faceted Application of Subject Terminology) subject heading schema derived
                        from the Library of Congress Subject Headings (LCSH).</p>
                </prefixDef>
                <prefixDef ident="lcsh1910" matchPattern="(\w+)"
                    replacementPattern="https://n2t.net/ark:/99152/$1">
                    <p>URIs with the prefix <code>lcsh1910:</code> point to subject terms in the
                        volume <hi rend="italic">Subject Headings Used in the Dictionary Catalogues
                        of the Library of Congress</hi>, 7 vols., Library of Congress, 1910.</p>
                </prefixDef>
                <prefixDef ident="ht" matchPattern="([\w\-\.;=\&#34;&amp;]+)"
                    replacementPattern="https://babel.hathitrust.org/cgi/pt?id=$1">
                    <p>URIs with the prefix <code>ht:</code> point to page images in the Hathi
                        Trust.</p>
                </prefixDef>
                <prefixDef ident="ia" matchPattern="(\w+)"
                    replacementPattern="https://archive.org/details/$1">
                    <p>URIs with the prefix <code>ia:</code> point to page images in the Internet
                        Archive.</p>
                </prefixDef>
                <prefixDef ident="nls" matchPattern="([\w?\=]+)"
                    replacementPattern="https://digital.nls.uk/encyclopaedia-britannica/archive/$1">
                    <p>URIs with the prefix <code>nls:</code> point to page images in the National
                        Library of Scotland.</p>
                </prefixDef>
            </listPrefixDef>
        </encodingDesc>
        <profileDesc>
            <textClass>
                <keywords scheme="https://id.cci.drexel.edu/">
                    <term ref="lcsh1910:b48g8fh7d">Greeks</term>
                    <term ref="lcsh1910:b4fj29h67">Hebrews</term>
                    <term ref="lcsh1910:b4np1wt1r">Syrians</term>
                    <term ref="lcsh1910:b4x34mt4n">Jews</term>
                    <term ref="lcsh1910:b43775w28">Books</term>
                    <term ref="lcsh1910:b4p843w5c">Hand</term>
                    <term ref="lcsh1910:b4v11vw02">Work</term>
                    <term ref="lcsh1910:b4k649s3x">Accountants</term>
                    <term ref="lcsh1910:b4ff3kz95">Accounting</term>
                </keywords>
                <keywords scheme="http://id.worldcat.org/fast/">
                    <term ref="fast:950823">Hand</term>
                    <term ref="fast:1180188">Work</term>
                    <term ref="fast:795344">Accountants</term>
                    <term ref="fast:795379">Accounting</term>
                    <term ref="fast:795510">Accounts</term>
                    <term ref="fast:947546">Greeks</term>
                    <term ref="fast:910709">English</term>
                    <term ref="fast:1141359">Syrians</term>
                    <term ref="fast:819237">Assyrians</term>
                    <term ref="fast:983135">Jews</term>
                </keywords>
                <keywords scheme="http://id.worldcat.org/fast/">
                    <term ref="fast:1204236">Israel</term>
                    <term ref="fast:1205669">Jordan</term>
                    <term ref="fast:1208755">Egypt</term>
                </keywords>
            </textClass>
        </profileDesc>
        <revisionDesc status="published">
            <change status="public" when="2023-02-28" who="#pml">v.1 published</change>
            <change status="public" when="2023-02-27" who="#pml">v.1 teiHeader XSL finished</change>
        </revisionDesc>
    </teiHeader>
    <text>
        <body>
            <div facs="ia:encyclopediabrit14newyrich/page/n94/mode/1up" type="entry">
                <p><label type="entry">KINGS, <hi rend="smallcaps">The First and Second Books
                    of</hi></label>, which form the last part of the series of Old Testament
                    histories known as the Earlier Prophets, were originally reckoned as a single
                    book (Josephus; Orig. <hi rend="italic">ap.</hi> Eus., <hi rend="italic"
                    >H.</hi><hi rend="italic                     smallcaps"> E.,n∖.</hi> 25;
                    Peshito; Talmud), though modern Hebrew Bibles follow the bipartition which we
                    have derived from the Septuagint. In that version they are called the third and
                    fourth books of kingdoms <hi rend="italic">(βασιλeLωv),</hi> the first and
                    second being our books of Samuel. The division into two books is not felicitous,
                    and even the old Hebrew separation between Kings and Samuel must not be taken to
                    mean that the history from the birth of Samuel to the exile was treated by two
                    distinct authors in independent volumes. We cannot speak of the author of Kings
                    or Samuel, but only of an editor or successive editors whose main work was to
                    arrange in a continuous form extracts or abstracts from earlier books. The
                    introduction of a chronological scheme and of a series of editorial comments and
                    additions, chiefly designed to enforce the religious meaning of the history,
                    gives a kind of unity to the book of Kings as we now read it; but beneath this
                    we can still distinguish a variety of documents, which, though sometimes
                    mutilated in the process of piecing them together, retain sufficient
                    individuality of style and colour to prove their original independence. Of these
                    documents one of the best defined is the vivid and exact picture of David’s
                    court at Jerusalem (2 Sam. ix.-xx.), of which the first two chapters of 1 Kings
                    are manifestly an integral part.<note anchored="true" place="bottom"
                    type="authorial"><p>See this proved in detail, Wellhausen-Bleek, <hi
                    rend="italic">EM.,</hi> § 114. The verses 1 Kings ii. 1-12 have no connexion
                    with the rest of the chapter, and are dne to a later hand.</p></note> As it
                    would be unreasonable to suppose that the editor of the history of David closed
                    his work abruptly before the death of the king, breaking off in the middle of a
                    valuable memoir which lay before him, this observation leads us to conclude that
                    the books of Samuel and Kings are not independent histories. They have at least
                    one source in common, and a single editorial hand was at work on both. But the
                    division which makes the commencement of Solomon’s reign the beginning of a new
                    book is certainly ancient; it must be older than the insertion of the appendix 2
                    Sam. xxi.-xxiv., which now breaks the continuity of the original history of
                    David’s court. From an historical point of view the division is very convenient.
                    The subject of the book of Samuel is the creation of a united Israel by Samuel,
                    Saul, and David. Under Solomon the creative impulse has already died away; the
                    kingship is divorced from the sympathies of the nation; and the way is prepared
                    for the formation of the two kingdoms of Ephraim and Judah, the fortunes of
                    which up to their extinction by the great empires of the East form the main
                    subject of the book of Kings. It is probable, however, that the editor who made
                    the division had another reason for disconnecting Solomon from David and
                    treating his reign as a new departure. The most notable feature in the extant
                    redaction of the book is the strong interest shown in the Deuteronomio “Law of
                    Moses,” and especially in the centralization of worship in the temple on Zion as
                    prescribed in Deuteronomy and enforced by Josiah. This interest did not exist in
                    ancient Israel, and is quite foreign to the older memoirs incorporated in the
                    book; amidst the great variety in style and manner which marks the several parts
                    of the history it is always expressed in the same stereotyped phrases and
                    unvarying style; in brief, it belongs to the editorial comments, not to the
                    original sources of the history. To the Deuteronomistic editor, then, the
                    foundation of the temple, which is treated as the central event of Solomon’s
                    reign, is a. religious epoch of prime importance (see especially his remarks in
                    1 Kings iii. 2 <hi rend="italic">sq.),</hi> and on this ground alone he would
                    naturally make Solomon’s reign commence a new book—the history of Israel under
                    the one true sanctuary.<note anchored="true" place="bottom" type="authorial"
                    ><p>With this it agrees that the later appendix 2 Sam. xxi.-xxiv. does not seem
                    to have passed under the hand of the Deuteronomic redaction. See
                    Wellhausen-Bleek, § 134.</p></note></p>
                <p>When we say in general that the book of Kings was thrown into its present form by
                    a Deuteronomistic redactor we do not affirm that he was the first who digested
                    the sources of the history into a continuous work. Indeed the selection of
                    materials, especially in the earlier parts of the narrative, has been thought to
                    point to an opposite conclusion. Nor, on the other hand, must we ascribe
                    absolute finality to his work. He gave the book a definite shape and character,
                    but the recognized methods of Hebrew literature left it open to additions and
                    modifications by later hands. Even the redaction in the spirit of Deuteronomy
                    seems itself to have had more than one stage, as Ewald and other critics
                    recognize. The book was not closed till far on in the exile, after the death of
                    Nebuchadnezzar and Jehoiachin (2 Kings xxv. 27 <hi rend="italic">seq.);</hi> and
                    the fall of the kingdom of Judah is presupposed in such passages as 2 Kings
                    xvii. 19, 20, xxiii. 26, 27. But these passages are mere interjected remarks,
                    which seem to be added to adapt the context to the situation of the Jews in
                    captivity. The main redaction, though subsequent to the reformation of Josiah,
                    which forms the standard with which all previous kings are compared (“the high
                    places were not removed ”), does not point to the time of the captivity. Thus,
                    for example, the words “unto this day,” 2 Kings viii. 22, xiv. 7, xvi. 6, are
                    part of the “epitome” composed by the main redactor (see below), and imply that
                    he wrote before the destruction of the Judaean state.</p>
                <pb break="no" facs="ia:encyclopediabrit14newyrich/page/n95/mode/1up"
                    xml:id="kp-eb0914-0095-0084"/>
                <p>Even the second redaction did not absolutely fix a single authoritative recension
                    of the book, as appears in detail by comparison of the LXX. version with the
                    Hebrew text.</p>
                <p>The LXX. of Kings is not a corrupt reproduction of the Hebrew <hi rend="italic"
                    >receptus,</hi> but represents another recension of the text. Neither recension
                    can claim absolute superiority. The defects of the LXX. lie on the surface, and
                    are greatly aggravated by the condition of the Greek text, which has suffered
                    much in transmission, and particularly has in many places been corrected after
                    the later Greek versions that express the Hebrew <hi rend="italic">receptus</hi>
                    of the 2d century of our era. Yet the LXX. not only preserves many good readings
                    in detail, but throws much light on the long-continued process of redaction at
                    the hand of successive editors or copyists of which the extant Hebrew of Kings
                    is the outcome. Even the false readings of the Greek are instructive, for both
                    recensions were exposed to corrupting influences of precisely the same kind. The
                    following examples will serve to illustrate the treatment through which the book
                    has passed.</p>
                <p>1. Minor detached notices such as we should put in footnotes or appendices are
                    inserted so as to disturb the natural context. Thus 1 Kings iv. 27 (Heb., v. 7)
                    must be taken continuously with iv. 19, and so the LXX. actually reads. In like
                    manner the LXX. omits 1 Kings vi. 11-14, which breaks the context of the
                    description of the temple. Again, in the LXX., 1 Kings ix. 26 follows on ver.
                    14, so that Solomon’s dealings with Hiram are continuously recorded. The notices
                    intervening in vers. 15-25 (in a very unnatural order) belong to a class of
                    floating notes about Solomon and his kingdom which seem to have got stranded
                    almost by chance at different points in the two recensions.</p>
                <p>2. There are direct or indirect indications of transpositions and insertions on a
                    larger scale. Thus in the LXX. the history of Naboth (1 Kings xxi.) precedes
                    chap. xx. And in fact chaps, xx. and xxii. are parts of one narrative, obviously
                    quite distinct from the history of Elijah. Again the story of Abijah’s sickness
                    and Ahijah’s prophecy (1 Kings xiv.) is not found in the LXX.,<note
                    anchored="true" place="bottom" type="authorial"><p>In the Alex, and other MSS.
                    it is added from the version of Aquila.</p></note> but another version of the
                    same narrative appears at xii. 24, in which there is no reference to a previous
                    promise to Jeroboam through Ahijah, but the prophet is introduced as a new
                    character. This version, which places the prophecy of the destruction of
                    Jeroboam’s house between his return from Egypt and his elevation to the throne,
                    is no doubt a mere legend, but it goes to prove that there was once a version of
                    the history of Jeroboam in which chap. xi. 29-39 had no place. In truth, after
                    xi. 26-28 there must once have stood some account of a rebellion in which
                    Jeroboam “lifted up his hand” against King Solomon. To such an account, not to
                    the incident of Ahijah and the cloak related in vers. 29-39, ver. 40 is the
                    natural sequel. Thus all that is related of Ahijah falls under suspicion of
                    being foreign to the original history, and it is noteworthy that in a passage
                    peculiar to the LXX. the incident of the tearing of the cloak is related of
                    Shemaiah and placed at the convention at Shechem, showing how much fluctuation
                    there was in the tradition.</p>
                <p>These instances show that there was a certain want of definiteness about the
                    redaction. The mass of disjointed materials, not always free from
                    inconsistencies, which lay before the editor in separate documents or in
                    excerpts already partially arranged by an earlier hand, could not have been
                    reduced to real unity without critical sifting, and an entire reeasting of the
                    narrative in a way foreign to the ideas and literary habits of the Hebrews. The
                    unity which the editor aimed at was limited to chronological continuity in the
                    events recorded and a certain uniformity in the treatment of the religious
                    meaning of the narrative. Even this could not be perfectly attained under the
                    circumstances, and the links of the history were not firmly enough rivetted to
                    prevent disarrangement or rearrangement of details by later scribes.</p>
                <p>3. The continued efforts of successive redactors can be traced in the chronology
                    of the book. The chronological method of the narrative appears most clearly in
                    the history after Solomon, where the events of each king’s reign are thrown into
                    a kind of stereotyped framework on this type :—“In the twentieth year of
                    Jeroboam, king of Israel, Asa began to reign over Judah, and reigned in
                    Jerusalem forty-one years.” ... . “In the third year of Asa, king of Judah,
                    Baahsa began to reign over Israel in Tirzah twenty-four years.” The history
                    moves between Judah and Israel according to the date of each accession; as soon
                    as a new king has been introduced everything that happened in his reign is
                    discussed, and wound up by another stereotyped formula as to the death and
                    burial of the sovereign; and to this mechanical arrangement the natural
                    connexion of events is often sacrificed. In this scheme the elaborate
                    synchronisms between contemporary monarchs of the north and south give an aspect
                    of great precision to the chronology. But in reality the data for Judah and
                    Israel do not agree, and Wellhausen, following Ewald, has shown that the
                    synchronisms were not in the sources, but were calculated from the list of the
                    years of each king <hi rend="italic">(Jahrb. f. D. Theol.</hi>, 1875).</p>
                <p>It appears further that these latter data are not all derived from historical
                    tradition, but are in part due to conjectural subdivision of the cycle 480
                    (twelve generations of forty years) which appears in 1 Kings vi. 1 as the period
                    from the Exodus to the foundation of the temple, and according to the Judaean
                    list of kings as the period from the foundation of the temple to the end of the
                    captivity (536 <hi rend="smallcaps">b.c.).</hi><note anchored="true"
                    place="bottom" type="authorial"><p>Compare Krey’s investigations inZ. ∕. <hi
                    rend="italic">w. Th.,</hi> 1877, p. 404 <hi rend="italic">sq.</hi></p></note> In
                    the early part of the Judaean history the first dates not accessions are
                    connected with the temple, and apparently derived from temple records. Of these
                    the most important is the twenty-third year of Joash, which the chronological
                    scheme makes the one hundred and sixty-first year of the temple, trisecting the
                    four hundred and eighty years cycle. Other one hundred and sixty years bring us
                    to the death of Hezekiah, and the last third of the cycle begins with the
                    accession of Manasseh, whose sins are treated as the decisive cause of the
                    exile. Within these limits a few dates were given by the sources; the rest, as
                    can easily be shown, were filled in with reference to a unit of forty
                    years.<note anchored="true" place="bottom" type="authorial"><p>See the details
                    in an article by W. R. Smith, <hi rend="italic">Journal of Philology,</hi> vol.
                    X. No. 20.</p></note> Again the duration of the kingdom of Israel, according to
                    the northern lists, was two hundred and forty completed years, viz., eighty
                    years before the first expedition of Benhadad, eighty years of Syrian wars,
                    forty of prosperity under the victorious Jeroboam II., whose first year belongs
                    to the period of war, and forty years of decline. The trisections in each case
                    and the round numbers of 480 and 240 point strongly to a systematization of the
                    chronology on the basis of a small number of given dates, and the proof that it
                    is so is completed when we learn from the exactly kept lists of Assyrian
                    chronology that the siege of Samaria fell in 722, whereas the system dates the
                    captivity from 737 (535 + 480-37-241).</p>
                <p>The key to the chronology is 1 Kings vi. 1, which, as Wellhausen has shown, was
                    not found in the original LXX., and contains internal evidence of
                    post-Babylonian date. In fact the system as a whole is necessarily later than
                    535 B.C., the fixed point from which it counts back.</p>
                <p>4. Another aspect in the redaction may be called theological. Its characteristic
                    is the application to the old history of a standard belonging to later
                    developments of the Old Testament religion. Thus, as we have already seen, the
                    redactor in 1 Kings iii. regards worship in high places as sinful after the
                    building of the temple, though he knows that the best kings before Hezekiah made
                    no attempt to suppress these shrines. So too his unfavourable judgment on the
                    whole religion of the northern kingdom was manifestly not shared by Elijah and
                    Elisha, nor by the original narrator of the history of these prophets. This
                    feature in the redaction displays itself, not only in occasional comments or
                    homiletical excursuses, but in that part of the narrative in which all ancient
                    historians allowed themselves free scope for the development of their
                    reflexions—the speeches placed in the mouths of actors in the history. Here also
                    there is textual evidence that the theological element is somewhat loosely
                    attached to the earlier narrative, and underwent successive additions. We have
                    seen that the LXX. omits 1 Kings vi. 11-14, and that both prophecies of Ahijah
                    belong to the least certain part of the textual tradition. So too an indication
                    that the long prayer of Solomon, 1 Kings viii. 14-53, the Deuteronomio colour of
                    which is recognized by all critics, did not stand in the oldest account of the
                    dedication of the temple is preserved in the fact that the ancient fragment,
                    vers. 12, 13, which in the Hebrew text is imperfect, appears in the LXX. after
                    ver. 53 in completer form and with a reference to the book of Jashar as source
                    <hi rend="italic">(βιβhiov τηs tjSηs = -}'WΓ↑</hi> ΙSD=ΙBD ΙK <hi
                    rend="superscript"> ,</hi> 'Π). The redactional insertion displaced it in one
                    recension and led to its mutilation in the other. The older parts of this
                    chapter have also been retouched in conformity with later (even post-exile)
                    ritual and law. The Levites who appear at ver. 4 in contrast to the priests, in
                    a way unknown to the pre-exile history, are not named in the LXX., and the
                    post-exile “congregation” (’ edah) at ver. 5 is also wanting. The processes
                    illustrated by these examples were doubtless at work in many places where
                    external evidence fails us, and may often be detected by a careful use of
                    internal evidence alone. See especially Wellhausen’s detailed analysis in the
                    last edition of Bleek’s <hi rend="italic">Einleitung.</hi></p>
                <p>To gain an exacter idea of the main redaction of Kings and of the nature of the
                    original sources, we may divide the history into three sections :—(1) the
                    conclusion of the “court history,” 1 Kings <hi rend="smallcaps">l</hi> ii., the
                    further consideration of which belongs to the criticism of <hi rend="smallcaps"
                    >Samuel</hi><hi rend="italic">{q.υ.f,</hi> (2) Solomon, 1 Kings iii,-xi.; (3)
                    the kingdoms of Ephraim and Judah. For (2) the main source, as we learn from 1
                    Kings xi. 41, was a book called <hi rend="italic">Acts of Solomon.</hi> This
                    work can hardly have been a regular chronicle, for the history founded on it
                    contains no continuous narrative. All that is related of Solomon’s reign is
                    grouped round the description of the <pb break="no"
                    facs="ia:encyclopediabrit14newyrich/page/n96/mode/1up"
                    xml:id="kp-eb0914-0096-0085"/> royal buildings, particularly of the temple, and
                    the account of the dedication of the house (chaps, vi. -ix. 9); and the greater
                    part of the latter account is either due to the redactor or largely rewritten.
                    The whole section is descriptive rather than narrative, and the accurate details
                    might have been got by actual observation of the temple at a date long
                    subsequent to Solomon. In fact, they are not all due to a single hand. Thus we
                    can still reconstruct a shorter text of vi. 17-21, which says only that “the
                    house before the oracle was forty cubits long, and the oracle in the midst of
                    the house within where the ark of Jehovah’s covenant was to be placed was twenty
                    cubits in length, breadth, and height; and he overlaid it with gold and made an
                    altar of cedar [the table of shewbread] before the oracle and overlaid it with
                    gold.” The original author used the book of Jashar for the account of the
                    dedication, and had access to some exact particulars as to dates, the artist
                    Hiram, «fcc., which may have been contained in the temple records. The immediate
                    environment of this section, if we set aside the floating elements in chap. ix.
                    already referred to, is occupied with Solomon’s dealings with King Hiram, who
                    aided him in his architectural schemes and in the commercial enterprises which
                    procured the funds for such costly works (chap. v. [Heb., v. 15-32] and ch ix.
                    10 <hi rend="italic">sq.).</hi> On each side of this context lies a complex of
                    various narratives and notices illustrating Solomon’s wisdom and greatness, but
                    also, in chap, xi., his weakness and the incipient decay of his kingdom. It is
                    evident that the rise of the adversaries who, according to xi. 25, troubled
                    Solomon through all his reign cannot originally have been related as the
                    punishment of the sins of his old age. The pragmatism as usual belongs to the
                    redactor (xi. 4). We have seen that there was once another version of the
                    history of Jeroboam.</p>
                <p>In the history of the divided kingdom the redactor, as we have seen, follows a
                    fixed scheme determined by the order of accessions, and gives a short epitome of
                    the chief facts about each king, with an estimate of his religious character,
                    which for the schismatic north is always unfavourable. The epitome, as the
                    religious standpoint shows, belongs to the same hand throughout, <hi
                    rend="italic">i.e.,</hi> to the Deuteronomistic redactor; but so much of it as
                    relates to Judah is plainly based on good written sources, which from the nature
                    of the particulars recorded may be identified with the book of Royal Chronicles
                    referred to under each reign, which seems to have been a digest of official
                    notices.</p>
                <p>A similar chronicle is named for the kings of Israel, but if it actually lay
                    before the editor he at least did not make such excerpts from it as we find in
                    the Judaean history, for the epitome for Ephraim is very bare of concrete
                    details. Besides the epitome, however, and the short excerpts from the Judaean
                    chronicles which go with it, the history includes a variety of longer
                    narratives, which alike in their subjectmatter and their treatment are plaiuly
                    distinct from the somewhat dry bones of the official records. The northern
                    narratives are all distinguished in a greater or less degree by the prominence
                    assigned to prophets. In the southern kingdom we hear less of the prophets, with
                    the great exception of Isaiah; but the temple occupies a very prominent
                    place.</p>
                <p>The history of the man of God from Judah (I Kings xiii.) is indubitably of
                    Judaean origin. Its attitude to the altar at Bethel—the golden calf does not
                    appear as the ground of offence—is not only diverse from that of Elijah and
                    Elisha, but even from that of Hosea.<note anchored="true" place="bottom"
                    type="authorial"><p>The expression “cities of Samaria” (ver. 32) reappears only
                    after the deportation of Ephraim (2 Kings xvii. 24, 26), and seems to have come
                    in here from 2 Kings xxiii. 19. Even in that passage the last clause of ver. 18,
                    which alone refers to details of the history oj 1 Kings xiii., is clearly
                    erroneous; the old prophet did not come from Samaria. Another and later Jewish
                    prophet foretold the fall of the altar of Bethel, viz., Amos of
                    Tekoa.</p></note> The other nar ratives that deal with the history of Ephraim
                    are all by northern authors (see, for example, 1 Kings xix. 3; <hi rend="italic"
                    >2</hi> Kings ix. 6), and have their centre in the events of the Syrian wars and
                    the persons of Elijah and Elisha. But they are not all of one origin, as appears
                    most clearly by comparing the account of the death of Naboth in the history of
                    Elijah, 1 Kings xxi., and the history of Elisha and Jehu, 2 Kings ix. In the
                    latter narrative Naboth’s “field” lies a little way from Jezreel, in the former
                    it is close to Ahab’s palace <hi rend="italic">(query,</hi> in Samaria Î—see
                    ver. 18 and variants of LXX. in ver. 1), and is described as a vineyard. The
                    “burden” quoted by Jehu is not in the words of 1 Kings xxi., and mentions the
                    additional fact that Naboth’s sons were killed.<note anchored="true"
                    place="bottom" type="authorial"><p>The standing phrases common to 1 Kings xxi.
                    20b <hi rend="italic">sq.,</hi> 2 Kings ix. 7-10a, belong to the redaction, as
                    is plain in the latter case from ix. 3.</p></note> In other words, the history
                    of Jehu presupposes events recorded in the extant accounts of Elijah, but not
                    these accounts themselves. And the narrative in 2 Kings seems to be the more
                    accurate; it contains precise details lacking in the other.</p>
                <p>Now it is plain that 1 Kings xxi. belongs to the same history of Elijah with
                    chaps, xvii.-xix. The figure of the prophet is displayed in the same weird
                    grandeur, and his words (omitting the addition already noted in verses 20b <hi
                    rend="italic">sq.)</hi> have the same original and impressive force. That
                    history, a work of the highest literary art, has come down to us as a fragment.
                    For in 1 Kings xix. 15 Elijah is commanded to take the desert route to Damascus,
                    <hi rend="italic">i.e.,</hi> the route east of the Jordan. He could not,
                    therefore, reach Abel Meholah in the Jordan valley, near Bethshean, when he
                    “departed thence” (ver. 19), if “thence” means from Horeb. The journey to
                    Damascus, the anointing of Hazael and Jehu, must once have intervened; but they
                    have been omitted because another account ascribed these acts to Elisha (2 Kings
                    viii. ix.). Now there is no question that we possess an accurate historical
                    account of the anointing of Jehu. Elisha, long in opposition to the reigning
                    dynasty (2 Kings iii.), and always keeping alive the remembrance of the murder
                    of Naboth and his sons (vi. 32), waited his moment to effect a revolution. It is
                    true that the prime impulse in this revolution came from Elijah; but, when the
                    history in 1 Kings represents Elijah as personally commissioned to inaugurate it
                    by anointing Jehu and Hazael as well as Elisha, we see that the author’s design
                    is to gather up the whole contest between Jehovah and Baal in an ideal picture
                    of Elijah and his work. In doing this he also places Ahab in a different light
                    from that in which he appears in the other extant histories. Had we only his
                    account we might suppose that Ahab had altogether rejected Jehovah and aimed at
                    introducing a new national worship. But, in fact, we learn from the other
                    records that, while like Solomon before him he gave countenance to his wife’s
                    religion, Ahab still regarded Jehovah as the God of Israel, consulted His
                    prophets, and gave to bis sons names expressive of devotion to the old faith.
                    The ideal delineation of Elijah conveys a vivid picture of his imposing
                    personality and permanent influence; but it records the impression he left
                    behind him rather than the literal details of his life, and is no doubt of
                    younger date than the more photographic picture of the accession of Jehu, though
                    prior to the rise of the new prophecy under Amos and Hosea.<note anchored="true"
                    place="bottom" type="authorial"><p>Some expressions that point to a later date
                    are certainly added by another hand, <hi rend="italic">e.g.,</hi> the last part
                    of xviii. 18. In old Israel, up to the time of Hosea, the Baalim (pl.) are the
                    golden calves, which have no place in this context. A late insertion also is the
                    definition of time bv the stated oblation in the temple at Jerusalem, xviii. 29,
                    36. At ver. 36 this is lacking in the LXX.; at ver. 29 the longer insertion of
                    the LXX. reveals the motive for the interpolation, viz., to assimilate Elijah’s
                    sacrifice to the legal service. The true text says that, when noon was <pb
                    corresp="kp-eb0914-0097-0086" xml:id="pbn9086"/> past and there was no answer to
                    the prophets of Baal, Elijah intervened. Thus we get time for the events which
                    as the text stands could not have all happened the same evening. In 2 Kings iii.
                    20 for HIW∏ <hi rend="superscript"> read</hi> W∏∙,</p></note></p>
                <pb corresp="pbn9086" facs="ia:encyclopediabrit14newyrich/page/n97/mode/1up"
                    xml:id="kp-eb0914-0097-0086"/>
                <p>The episode of Elijah and Ahaziah, 2 Kings i., is certainly by a different hand,
                    as is seen even from the new feature of revelation through an angel; and the
                    ascension of Elijah, 2 Kings ii., is related as the introduction to the
                    prophetic work of Elisha.</p>
                <p>The narratives about Elisha are not all by one hand; for example, iv. 1-7 is
                    separated from the immediately subsequent history by a sharply marked
                    grammatical peculiarity (the suffix Ό); moreover, the order is not
                    chronological, for vi. 24 cannot be the sequel to vi. 23; and in general those
                    narratives in which the prophet appears as on friendly terms with the king, and
                    possessed of influence at court <hi rend="italic">(e.g.,</hi> iv. 13, vi. 9, vi.
                    21 compared with xiii. 14), plainly belong to the time of Jehu’s dynasty, though
                    they are related before the fall of the house of Omri. In this disorder we can
                    distinguish portions of an historical narrative which speaks of Elisha in
                    connexion with events of public interest, without making him the central figure,
                    and a series of anecdotes of properly biographical character. The historical
                    narrative embraced 2 Kings iii., vi. 24-vii. 20, ix. 1-x. 28, in fact, the whole
                    account of the reign of Joram and the revolution under Jehu; and, as 2 Kings
                    iii. has much affinity to the history of Ahab and Jehoshaphat in 1 Kings xxii.,
                    we may add the earlier history of the Syrian wars (1 Kings xx., xxii.) to the
                    series. The evidence of style is hardly sufficient to assign all these chapters
                    to a single hand (for example, 33Ί is a single chariot in the history of Jehu,
                    but in 1 Kings XX. a collective, the single chariot being ΠΖ3ΊΟ); but they are
                    all full of fresh detail and vivid description, and their sympathy with the
                    prophets of the opposition, Micaiah and Elisha, and with the king of Judah, who
                    takes the prophets’ part, does not exclude a genuine interest in Ahab and Joram,
                    who are painted in very human colours, and excite our pity and respect. To the
                    historian these chapters are the most valuable part of the northern history; and
                    the most surprising details have received striking verification from modern
                    research. The stone of Mesha supplies details to 2 Kings iii. 5; the method of
                    obtaining water suggested by Elisha (iii. 16, 17) is that which still gives its
                    name to W. el-Hasà at the southern end of the Dead Sea (see Wetzstein in
                    Delitzsch, <hi rend="italic">Gen,</hi><hi rend="italic subscript"> i</hi> 4th
                    ed., p. 567); and the sudden retreat of the Syrians in 2 Kings x. is very
                    intelligible when we know that they were already at that time pressed by the
                    Assyrians (see on all these points Wellhausen, <hi rend="italic">op. cit.).
                    *</hi></p>
                <p>In the more biographical narratives about Elisha we may distinguish one circle
                    connected with Gilgal, Jericho, and the Jordan valley to which Abel-meholah
                    belongs (iv. 1-7?, 38-44; ch. v. <hi rend="italic">Î;</hi> vi. 1-7). Here Elisha
                    appears as the head of the prophetic guilds, having his fixed residence at
                    Gilgal. Another circle, which presupposes the accession of the house of Jehu,
                    places him at Dothan or Carmel, and represents him as a personage of almost
                    superhuman dignity. Here there is an obvious parallelism with the history of
                    Elijah, especially with his ascension (compare 2 Kings vi. 17 with it 11; xiii.
                    14 with ii. 12); and it is to this group of narratives that the ascension of
                    Elijah forms the introduction.<note anchored="true" place="bottom"
                    type="authorial"><p>The Gilgal of Elisha is near the Jordan—comp. vi. 1 with iv.
                    38, VJD√ <hi rend="smallcaps">D'ΠK</hi><hi rend="superscript smallcaps">
                    ,i</hi><hi rend="smallcaps">'j</hi> —and cannot be other than the great
                    sanctuary 2 miles from Jericho, the local holiness of which is still attested in
                    the <hi rend="italic">Qnοrnastica.</hi> It is true that in 2 Kings ii. 1 Bethel
                    seems to lie between Gilgal and Jericho; but ver. 25 shows that Gilgal was not
                    originally represented as Elisha’s residence in this narrative, which belongs to
                    the Carmel-Dothan series. Hence Robinson’s Gilgal (Jiljilia) seems not to be
                    Biblical.</p></note></p>
                <p>Of the Judaean narratives there is none to rival the northern histories in
                    picturesque and popular power. The history of Joash, 2 Kings xi., xii., of
                    Ahaz’s innovations, xvi. 10 sg., and of Josiah’s reformation, xxii. 3-xxiii. 27,
                    have their common centre in the temple on Zion, and may with great .probability
                    be referred to a single source. The details suggest that this source was based
                    on official documents. Besides these we have a full history of Hezekiah and
                    Sennacherib and of Hezekiah’s sickness, xviii. 13-xx. 19, repeated in a somewhat
                    varying text in Isa. xxxvi.- xxxix. (compare <hi rend="smallcaps">Israel,</hi>
                    vol. xiii. p. 413¾.). The history of Amaziah and Joash in 2 Kings xiv., with the
                    characteristic parable from vegetable life, may possibly be of northern
                    origin.</p>
                <p>When we survey these narratives as a whole we receive an increased impression of
                    the merely mechanical character of the redaction by which they are united.
                    Though editors have added something of their own in almost every chapter,
                    generally from the standpoint of religious pragmatism, there is not the least
                    attempt to work the materials into a history in our sense of the word; and in
                    particular the northern and southern histories are practically independent,
                    being merely pieced together in a sort of mosaic in consonance with the
                    chronological system, which we have seen to be really later than the main
                    redaction. It is very possible that the order of the pieces was considerably
                    readjusted by the author of the chronology; of this indeed the LXX. still shows
                    traces. But with all its imperfections, as judged from a modern standpoint, the
                    redaction has the great merit of preserving the older narratives in their
                    original colour, and bringing us much nearer to the actual life of the old
                    kingdom than any history written throughout from the standpoint of the exile
                    could possibly have done.</p>
                <p><hi rend="italic">Literature.—</hi> Since Ewald’s <hi rend="italic">History,</hi>
                    vols. i. and iii., andKuenen’s <hi rend="italic">Onderzoek,</hi> the most
                    thorough and original investigation of the structure of the book is that in
                    Wellhausen’s edition of Bleek’s <hi rend="italic">Einleitung</hi> (1878), with
                    which the corresponding section 'of his <hi rend="italic">Geschichte</hi> (1878)
                    should be compared. There are modern commentaries by Thenius (Leipsic, 1849, 2d
                    ed. 1873) and Keil (2d ed. 1876, English translation, 1872); by Bähr in Lange’s
                    <hi rend="italic">Bibelwerk</hi> (1868, English translation, 1877); by Rawlinson
                    in the <hi rend="italic">Speaker's Commentary,</hi> and in Reuss’s <hi
                    rend="italic">Bible.</hi> The Assyrian material, which is of the highest value,
                    but requires to be still further sifted, is collected in Schrader’s <hi
                    rend="italic">Keilinschriften und altes</hi><hi rend="italic">Testament</hi>
                    (Giessen, 1872), Smith’s <hi rend="italic">Assyrian Eponym Canon,</hi> and other
                    works. Translations of the chief inscriptions are given <hi rend="italic">in
                    Records of the Past,</hi> London, <hi rend="italic">v.y.</hi> (W. R. S.)</p>
            </div>
        </body>
    </text>
</TEI>
