<?xml version="1.0" encoding="utf-8"?><?xml-model  href="https://TU-plogan.github.io/code/odd/tei_kp1.rng" type="application/xml" schematypens="http://relaxng.org/ns/structure/1.0"?>
<TEI xml:id="kp-eb0914-0035-0026-02" xml:lang="en" xmlns="http://www.tei-c.org/ns/1.0">
    <teiHeader>
        <fileDesc>
            <titleStmt xml:id="eb07_v1.0">
                <title level="a" type="main">KEELING ISLANDS, or Cocos Islands (9th edition, volume
                    14, page 26)</title>
                <title level="m" type="main">Encyclopaedia Britannica, 9th edition</title>
                <title level="m" type="sub">A machine-readable transcription</title>
                <editor>Edited by <persName ref="https://orcid.org/0000-0003-2362-8282"
                    role="editor" xml:id="pml">Peter Melville Logan</persName></editor>
                <respStmt>
                    <orgName xml:id="kp">Nineteenth-Century Knowledge Project Staff,
                        <affiliation>Temple University</affiliation></orgName>
                    <resp>OCR transcription and data management</resp>
                </respStmt>
                <respStmt>
                    <persName ref="https://orcid.org/0000-0001-7819-5360" xml:id="jg">Jane
                        Greenberg, <affiliation>Metadata Research Center, Drexel
                        University</affiliation></persName>
                    <resp>metadata development</resp>
                </respStmt>
                <respStmt>
                    <persName xml:id="dk">Don Kretz, <affiliation>Distributed
                        Proofreading</affiliation></persName>
                    <resp>data management</resp>
                </respStmt>
                <funder><orgName ref="http://viaf.org/viaf/137796012" xml:id="neh">National
                    Endowment for the Humanities</orgName></funder>
                <funder><orgName ref="http://viaf.org/viaf/121974598" xml:id="imls">Institute of
                    Museum and Library Services</orgName></funder>
                <funder><orgName ref="http://viaf.org/viaf/127396206" xml:id="tu">Temple
                    University</orgName></funder>
                <sponsor><orgName ref="http://viaf.org/viaf/3653147665869560670009" xml:id="cci"
                    >Drexel University, College of Computing &amp; Informatics</orgName></sponsor>
            </titleStmt>
            <editionStmt>
                <edition n="1.0">Version 1.0, initial release <date when="2023"
                    >2023</date></edition>
            </editionStmt>
            <extent>387 MB; 17,772 XML files in 47 folders </extent>
            <publicationStmt>
                <publisher corresp="kp"><orgName corresp="kp">Nineteenth-Century Knowledge
                    Project</orgName><email>nckp@temple.edu</email><link
                    target="https://tu-plogan.github.io/index.html"/></publisher>
                <availability status="free">
                    <p>Licensed under a Creative Commons Attribution 4.0 International License.</p>
                    <licence target="https://creativecommons.org/licenses/by/4.0/"> CC BY 4.0
                    </licence>
                </availability>
                <date when="2020">2023</date>
            </publicationStmt>
            <seriesStmt>
                <title level="s">Encyclopaedia Britannica: A machine-readable text
                    transcription</title>
                <editor corresp="pml">Peter Melville Logan</editor>
            </seriesStmt>
            <sourceDesc>
                <biblFull xml:lang="en">
                    <titleStmt>
                        <title level="m">Encyclopaedia Britannica</title>
                        <editor><persName ref="http://viaf.org/viaf/12465694" xml:id="mn">Baynes, T.
                            Spencer (Thomas Spencer), <date from="1823" to="1887"
                            >1823-1887</date></persName></editor>
                    </titleStmt>
                    <editionStmt>
                        <edition>Ninth Edition</edition>
                    </editionStmt>
                    <extent><measure quantity="25" unit="vol">25 volumes</measure></extent>
                    <publicationStmt>
                        <publisher>Charles Scribner's Sons</publisher>
                        <authority>Authorized reprint from Edinburgh plates</authority>
                        <pubPlace>New York</pubPlace>
                        <date from="1875" to="1889">1875-1889</date>
                    </publicationStmt>
                    <sourceDesc>
                        <bibl xml:id="ia-uc"><title>Encyclopaedia Britannica: a dictionary of arts,
                            sciences, and general literature</title><publisher><orgName
                            ref="https://archive.org/">Internet Archive</orgName><orgName
                            ref="https://archive.org/details/cdl">University of California
                            Libraries, California Digital Library</orgName></publisher><date
                            when="2019">2006</date><idno type="OCLC">592355607</idno><idno
                            type="ark">13960/t0ks6j612</idno><availability>
                            <p>Internet Archive: NOT_IN_COPYRIGHT</p>
                            </availability></bibl>
                    </sourceDesc>
                </biblFull>
                <listBibl>
                    <head>Alternate image sources for this edition:</head>
                    <desc>Alternate images of the same print editions were substituted when the
                        primary source had unusable images for those pages.</desc>
                    <bibl xml:id="um-ht">Hathi Trust, from print source at the University of
                        Michigan: vol. 14, pp. 34-35; vol. 15, pp. 170-171.</bibl>
                </listBibl>
            </sourceDesc>
        </fileDesc>
        <encodingDesc>
            <editorialDecl>
                <correction method="markup" status="low">
                    <p>This electronic text file was created by optical character recognition (OCR).
                        OCR errors have not been corrected.</p>
                    <p>Illegible text in the original is indicated using <gi>unclear</gi> or
                        <gi>gap</gi>, as appropriate. If corrected, the reference source is
                        indicated with <gi>supplied</gi>.</p>
                </correction>
                <normalization method="silent">
                    <p>Original spelling is preserved. When noticed, obvious misspellings are
                        combined with the correct spelling as <gi>choice</gi> in the TEI. Ligatures
                        are reproduced as multiple letters. Original footnote and marginal note
                        sigla are replaced with sequential numbers for each entry.</p>
                </normalization>
                <punctuation marks="some">
                    <p>Extra space around punctuation marks is removed.</p>
                </punctuation>
                <quotation marks="some">
                    <p>Quotation marks are retained as content in the text. Redundant open quotation
                        marks at the start of lines inside block quotes are silently removed.</p>
                </quotation>
                <hyphenation eol="hard">
                    <p>Soft hyphens are removed silently.</p>
                </hyphenation>
                <segmentation>
                    <p>The <tag>div type="entry"</tag> element divides the text into individual
                        entries.</p>
                    <p>The <tag>div type="section"</tag> and <tag>div type="subsection"</tag>
                        elements are reserved for future entry subsections.</p>
                </segmentation>
                <ab><list rend="bulleted" type="basic">
                    <item>Encoding uses the recommendations for Level 3 of the TEI in Libraries
                        Guidelines.</item>
                    <item>Individual entries and page-breaks are encoded, but column breaks are
                        omitted.</item>
                    <item>Running headers and side descriptions are not included.</item>
                    <item>Some font formatting is preserved: italic, small caps, strike-through,
                        subscript, superscript, underline. The following formatting is ignored:
                        bold, font size, typeface.</item>
                    </list></ab>
            </editorialDecl>
            <tagsDecl>
                <namespace name="http://www.tei-c.org/ns/1.0">
                    <tagUsage gi="div">Unnumbered divs used.</tagUsage>
                </namespace>
            </tagsDecl>
            <projectDesc>
                <p>All text was encoded for the Nineteenth-Century Knowledge Project to provide a
                    machine-readable edition of the Encyclopedia Britannica to analyze.</p>
                <p>Subject-level metadata was added to each entry using the HIVE automated
                    vocabulary server created by the Metadata Research Center at Drexel University
                    (<link target="https://hive2.cci.drexel.edu"/>https://hive2.cci.drexel.edu).</p>
            </projectDesc>
            <samplingDecl>
                <p>The first release is a reproduction of text matter for all entries. It does not
                    include images, tables, formulae, front- or back-matter. It omits volume 1,
                    which consists of "Dissertations" rather than entries.</p>
            </samplingDecl>
            <listPrefixDef>
                <prefixDef ident="fast" matchPattern="(\d+)"
                    replacementPattern="http://id.worldcat.org/fast/$1">
                    <p>URIs with the prefix <code>fast:</code> point to terms in the OCLC FAST
                        (Faceted Application of Subject Terminology) subject heading schema derived
                        from the Library of Congress Subject Headings (LCSH).</p>
                </prefixDef>
                <prefixDef ident="lcsh1910" matchPattern="(\w+)"
                    replacementPattern="https://n2t.net/ark:/99152/$1">
                    <p>URIs with the prefix <code>lcsh1910:</code> point to subject terms in the
                        volume <hi rend="italic">Subject Headings Used in the Dictionary Catalogues
                        of the Library of Congress</hi>, 7 vols., Library of Congress, 1910.</p>
                </prefixDef>
                <prefixDef ident="ht" matchPattern="([\w\-\.;=\&#34;&amp;]+)"
                    replacementPattern="https://babel.hathitrust.org/cgi/pt?id=$1">
                    <p>URIs with the prefix <code>ht:</code> point to page images in the Hathi
                        Trust.</p>
                </prefixDef>
                <prefixDef ident="ia" matchPattern="(\w+)"
                    replacementPattern="https://archive.org/details/$1">
                    <p>URIs with the prefix <code>ia:</code> point to page images in the Internet
                        Archive.</p>
                </prefixDef>
                <prefixDef ident="nls" matchPattern="([\w?\=]+)"
                    replacementPattern="https://digital.nls.uk/encyclopaedia-britannica/archive/$1">
                    <p>URIs with the prefix <code>nls:</code> point to page images in the National
                        Library of Scotland.</p>
                </prefixDef>
            </listPrefixDef>
        </encodingDesc>
        <profileDesc>
            <textClass>
                <keywords scheme="https://id.cci.drexel.edu/">
                    <term ref="lcsh1910:b4kp7tx0f">Islands</term>
                    <term ref="lcsh1910:b4t727j3q">Darwinism</term>
                    <term ref="lcsh1910:b4d50g08p">Groups</term>
                    <term ref="lcsh1910:b4rb6w73g">Lagoons</term>
                    <term ref="lcsh1910:b4fj29f3w">Cocoa</term>
                    <term ref="lcsh1910:b4fb4wr06">Hares</term>
                    <term ref="lcsh1910:b4z02zf6b">Malays</term>
                    <term ref="lcsh1910:b4zk55m05">Indians</term>
                    <term ref="lcsh1910:b4xs5jq8p">Purchasers</term>
                </keywords>
                <keywords scheme="http://id.worldcat.org/fast/">
                    <term ref="fast:980104">Islands</term>
                    <term ref="fast:990768">Lagoons</term>
                    <term ref="fast:866134">Cocoa</term>
                    <term ref="fast:882104">Crabs</term>
                    <term ref="fast:882100">Crabbing</term>
                    <term ref="fast:910709">English</term>
                    <term ref="fast:951448">Hares</term>
                    <term ref="fast:969307">Indians</term>
                    <term ref="fast:899678">Dutch</term>
                    <term ref="fast:839044">British</term>
                </keywords>
                <keywords scheme="http://id.worldcat.org/fast/">
                    <term ref="fast:1243192">Borneo</term>
                </keywords>
            </textClass>
        </profileDesc>
        <revisionDesc status="published">
            <change status="public" when="2023-02-28" who="#pml">v.1 published</change>
            <change status="public" when="2023-02-27" who="#pml">v.1 teiHeader XSL finished</change>
        </revisionDesc>
    </teiHeader>
    <text>
        <body>
            <div facs="ia:encyclopediabrit14newyrich/page/n35/mode/1up" type="entry">
                <p><label type="entry">KEELING ISLANDS, or Cocos <hi rend="smallcaps"
                    >Islands</hi></label>, also called by Horsburgh the Borneo Coral Islands, a
                    group in the Indian Ocean, about 600 miles south of the coast of Sumatra, in 12°
                    5' S. lat. and 90° 55' E. Ion»., well known <pb break="no"
                    facs="ia:encyclopediabrit14newyrich/page/n36/mode/1up"
                    xml:id="kp-eb0914-0036-0027"/> as having furnished Mr Darwin with the typical
                    example of an atoll or lagoon island.<note anchored="true" place="bottom"
                    type="authorial"><p><hi rend="italic">Geological Observations on Coral
                    Reefs,</hi> London, 1851; new ed., 1874.</p></note> There are altogether
                    twenty-three small islands, 9∣ miles being the greatest width of the whole
                    atoll.<note anchored="true" place="bottom" type="authorial"><p>'The names of the
                    more important are as follows :—Horsburgh or North Island (the most northern of
                    the group); Direction Island or in Malay Pulu Tikus (Mouse Island); Prison
                    Island; Rice (Rijst) or Water Island, in Malay Pulu Tuwan; South Island (Selima
                    or Fairlee); Long, West, or Ross Island.</p></note> The lagoon is very shallow,
                    and the passages between many of the islands of such trifling depth that it is
                    possible to “walk at low tide with some slight wading all the way from Direction
                    island to West island.” An opening on the northern side of the reef permits the
                    entrance of vessels into the northern part of the lagoon, which forms a good
                    harbour known as Port Refuge or Port Albion. Since Mr Darwin’s visit some of the
                    minor passages have become completely filled up.</p>
                <p>The cocoa-nut (as the name Cocos Islands indicates) is the characteristic
                    production, and is cultivated on all the islands. There are a few other trees
                    (Sir E. Owen described seven kinds in 1830) and lesser plants; but the whole
                    flora, exclusive of recent introductions, comprises less than thirty species. Of
                    the twenty species, however, represented in Mr Darwin’s collection, “nineteen
                    belonged to different genera, and these again to no less than sixteen families.”
                    With the exception of man and the domestic pig, the rat appears to be the only
                    mammal in the islands; and there are no true land birds, except domestic
                    poultry. One of the commonest living creatures is a monstrous crab which lives
                    on the cocoa-nuts; and in some places also there are great colonies of the
                    pomegranate crab, which, to quote Mr Forbes, is “labouring assiduously to make
                    the soft pure white calcareous mud into tree-inhabitable land.” The climate is
                    temperate and extremely healthy. Terrific storms sometimes break over the
                    island; and it has been more than once visited by earthquakes. The inhabitants
                    “are well developed, strong, and of a wonderfully healthy appearance”; they
                    belong originally to various parts of the Indian archipelago, Borneo, Sumatra,
                    Celebes, &amp;c.</p>
                <p>The Keeling Islands were discovered in 1609 by William Keeling on his way home
                    from the Moluccas.<note anchored="true" place="bottom" type="authorial"><p>His
                    narrative is given by Purchas, and epitomized in Astley’s <hi rend="italic"
                    >Collection.</hi></p></note> In 1823 Alexander Hare, an English adventurer,
                    settled on the southmost island with a number of slaves. Some two or three years
                    after, a Scotchman, J. Ross, who had commanded a brig during the English
                    occupation of Java, settled with his family on Direction Island, and his little
                    colony was soon strengthened by Hare’s runaway slaves. The Dutch Government had
                    in an informal way claimed the possession of the islands since 1829; but they
                    refused to allow Ross to hoist the Dutch flag, and accordingly the place was
                    taken under British protection in 1856. In 1878 it was attached to the
                    government of Ceylon.</p>
                <p>Besides Mr Darwin's Journal of the Voyages of the Beagle (1860) and the work
                    already mentioned, see Henry O. Forbes in Proc. Roy. Geog. Soc., December 1879
                    (with a good map); Koner in Proc. Roy. Geog. Soc., 1881; A. vender Jagt in Verh.
                    Bat. Gen. van K. en ∏ <hi rend="superscript"> r</hi>., xiii.; J. J. Duintjer in
                    Tindal and Swaart’s Zeewezen, lv.; Voyage of Swedish Frigate “Eugenie” (Berlin,
                    1856), and Bleeker’s papers on ichthyology in Natuurk. Tijdschr. van Ned. Ind.,
                    vii., viii., xv., &lt;fcc.</p>
            </div>
        </body>
    </text>
</TEI>
