<?xml version="1.0" encoding="utf-8"?><?xml-model  href="https://TU-plogan.github.io/code/odd/tei_kp1.rng" type="application/xml" schematypens="http://relaxng.org/ns/structure/1.0"?>
<TEI xml:id="kp-eb0914-0064-0053-02" xml:lang="en" xmlns="http://www.tei-c.org/ns/1.0">
    <teiHeader>
        <fileDesc>
            <titleStmt xml:id="eb07_v1.0">
                <title level="a" type="main">KESTREL (9th edition, volume 14, page 53)</title>
                <title level="m" type="main">Encyclopaedia Britannica, 9th edition</title>
                <title level="m" type="sub">A machine-readable transcription</title>
                <editor>Edited by <persName ref="https://orcid.org/0000-0003-2362-8282"
                    role="editor" xml:id="pml">Peter Melville Logan</persName></editor>
                <respStmt>
                    <orgName xml:id="kp">Nineteenth-Century Knowledge Project Staff,
                        <affiliation>Temple University</affiliation></orgName>
                    <resp>OCR transcription and data management</resp>
                </respStmt>
                <respStmt>
                    <persName ref="https://orcid.org/0000-0001-7819-5360" xml:id="jg">Jane
                        Greenberg, <affiliation>Metadata Research Center, Drexel
                        University</affiliation></persName>
                    <resp>metadata development</resp>
                </respStmt>
                <respStmt>
                    <persName xml:id="dk">Don Kretz, <affiliation>Distributed
                        Proofreading</affiliation></persName>
                    <resp>data management</resp>
                </respStmt>
                <funder><orgName ref="http://viaf.org/viaf/137796012" xml:id="neh">National
                    Endowment for the Humanities</orgName></funder>
                <funder><orgName ref="http://viaf.org/viaf/121974598" xml:id="imls">Institute of
                    Museum and Library Services</orgName></funder>
                <funder><orgName ref="http://viaf.org/viaf/127396206" xml:id="tu">Temple
                    University</orgName></funder>
                <sponsor><orgName ref="http://viaf.org/viaf/3653147665869560670009" xml:id="cci"
                    >Drexel University, College of Computing &amp; Informatics</orgName></sponsor>
            </titleStmt>
            <editionStmt>
                <edition n="1.0">Version 1.0, initial release <date when="2023"
                    >2023</date></edition>
            </editionStmt>
            <extent>387 MB; 17,772 XML files in 47 folders </extent>
            <publicationStmt>
                <publisher corresp="kp"><orgName corresp="kp">Nineteenth-Century Knowledge
                    Project</orgName><email>nckp@temple.edu</email><link
                    target="https://tu-plogan.github.io/index.html"/></publisher>
                <availability status="free">
                    <p>Licensed under a Creative Commons Attribution 4.0 International License.</p>
                    <licence target="https://creativecommons.org/licenses/by/4.0/"> CC BY 4.0
                    </licence>
                </availability>
                <date when="2020">2023</date>
            </publicationStmt>
            <seriesStmt>
                <title level="s">Encyclopaedia Britannica: A machine-readable text
                    transcription</title>
                <editor corresp="pml">Peter Melville Logan</editor>
            </seriesStmt>
            <sourceDesc>
                <biblFull xml:lang="en">
                    <titleStmt>
                        <title level="m">Encyclopaedia Britannica</title>
                        <editor><persName ref="http://viaf.org/viaf/12465694" xml:id="mn">Baynes, T.
                            Spencer (Thomas Spencer), <date from="1823" to="1887"
                            >1823-1887</date></persName></editor>
                    </titleStmt>
                    <editionStmt>
                        <edition>Ninth Edition</edition>
                    </editionStmt>
                    <extent><measure quantity="25" unit="vol">25 volumes</measure></extent>
                    <publicationStmt>
                        <publisher>Charles Scribner's Sons</publisher>
                        <authority>Authorized reprint from Edinburgh plates</authority>
                        <pubPlace>New York</pubPlace>
                        <date from="1875" to="1889">1875-1889</date>
                    </publicationStmt>
                    <sourceDesc>
                        <bibl xml:id="ia-uc"><title>Encyclopaedia Britannica: a dictionary of arts,
                            sciences, and general literature</title><publisher><orgName
                            ref="https://archive.org/">Internet Archive</orgName><orgName
                            ref="https://archive.org/details/cdl">University of California
                            Libraries, California Digital Library</orgName></publisher><date
                            when="2019">2006</date><idno type="OCLC">592355607</idno><idno
                            type="ark">13960/t0ks6j612</idno><availability>
                            <p>Internet Archive: NOT_IN_COPYRIGHT</p>
                            </availability></bibl>
                    </sourceDesc>
                </biblFull>
                <listBibl>
                    <head>Alternate image sources for this edition:</head>
                    <desc>Alternate images of the same print editions were substituted when the
                        primary source had unusable images for those pages.</desc>
                    <bibl xml:id="um-ht">Hathi Trust, from print source at the University of
                        Michigan: vol. 14, pp. 34-35; vol. 15, pp. 170-171.</bibl>
                </listBibl>
            </sourceDesc>
        </fileDesc>
        <encodingDesc>
            <editorialDecl>
                <correction method="markup" status="low">
                    <p>This electronic text file was created by optical character recognition (OCR).
                        OCR errors have not been corrected.</p>
                    <p>Illegible text in the original is indicated using <gi>unclear</gi> or
                        <gi>gap</gi>, as appropriate. If corrected, the reference source is
                        indicated with <gi>supplied</gi>.</p>
                </correction>
                <normalization method="silent">
                    <p>Original spelling is preserved. When noticed, obvious misspellings are
                        combined with the correct spelling as <gi>choice</gi> in the TEI. Ligatures
                        are reproduced as multiple letters. Original footnote and marginal note
                        sigla are replaced with sequential numbers for each entry.</p>
                </normalization>
                <punctuation marks="some">
                    <p>Extra space around punctuation marks is removed.</p>
                </punctuation>
                <quotation marks="some">
                    <p>Quotation marks are retained as content in the text. Redundant open quotation
                        marks at the start of lines inside block quotes are silently removed.</p>
                </quotation>
                <hyphenation eol="hard">
                    <p>Soft hyphens are removed silently.</p>
                </hyphenation>
                <segmentation>
                    <p>The <tag>div type="entry"</tag> element divides the text into individual
                        entries.</p>
                    <p>The <tag>div type="section"</tag> and <tag>div type="subsection"</tag>
                        elements are reserved for future entry subsections.</p>
                </segmentation>
                <ab><list rend="bulleted" type="basic">
                    <item>Encoding uses the recommendations for Level 3 of the TEI in Libraries
                        Guidelines.</item>
                    <item>Individual entries and page-breaks are encoded, but column breaks are
                        omitted.</item>
                    <item>Running headers and side descriptions are not included.</item>
                    <item>Some font formatting is preserved: italic, small caps, strike-through,
                        subscript, superscript, underline. The following formatting is ignored:
                        bold, font size, typeface.</item>
                    </list></ab>
            </editorialDecl>
            <tagsDecl>
                <namespace name="http://www.tei-c.org/ns/1.0">
                    <tagUsage gi="div">Unnumbered divs used.</tagUsage>
                </namespace>
            </tagsDecl>
            <projectDesc>
                <p>All text was encoded for the Nineteenth-Century Knowledge Project to provide a
                    machine-readable edition of the Encyclopedia Britannica to analyze.</p>
                <p>Subject-level metadata was added to each entry using the HIVE automated
                    vocabulary server created by the Metadata Research Center at Drexel University
                    (<link target="https://hive2.cci.drexel.edu"/>https://hive2.cci.drexel.edu).</p>
            </projectDesc>
            <samplingDecl>
                <p>The first release is a reproduction of text matter for all entries. It does not
                    include images, tables, formulae, front- or back-matter. It omits volume 1,
                    which consists of "Dissertations" rather than entries.</p>
            </samplingDecl>
            <listPrefixDef>
                <prefixDef ident="fast" matchPattern="(\d+)"
                    replacementPattern="http://id.worldcat.org/fast/$1">
                    <p>URIs with the prefix <code>fast:</code> point to terms in the OCLC FAST
                        (Faceted Application of Subject Terminology) subject heading schema derived
                        from the Library of Congress Subject Headings (LCSH).</p>
                </prefixDef>
                <prefixDef ident="lcsh1910" matchPattern="(\w+)"
                    replacementPattern="https://n2t.net/ark:/99152/$1">
                    <p>URIs with the prefix <code>lcsh1910:</code> point to subject terms in the
                        volume <hi rend="italic">Subject Headings Used in the Dictionary Catalogues
                        of the Library of Congress</hi>, 7 vols., Library of Congress, 1910.</p>
                </prefixDef>
                <prefixDef ident="ht" matchPattern="([\w\-\.;=\&#34;&amp;]+)"
                    replacementPattern="https://babel.hathitrust.org/cgi/pt?id=$1">
                    <p>URIs with the prefix <code>ht:</code> point to page images in the Hathi
                        Trust.</p>
                </prefixDef>
                <prefixDef ident="ia" matchPattern="(\w+)"
                    replacementPattern="https://archive.org/details/$1">
                    <p>URIs with the prefix <code>ia:</code> point to page images in the Internet
                        Archive.</p>
                </prefixDef>
                <prefixDef ident="nls" matchPattern="([\w?\=]+)"
                    replacementPattern="https://digital.nls.uk/encyclopaedia-britannica/archive/$1">
                    <p>URIs with the prefix <code>nls:</code> point to page images in the National
                        Library of Scotland.</p>
                </prefixDef>
            </listPrefixDef>
        </encodingDesc>
        <profileDesc>
            <textClass>
                <keywords scheme="http://id.worldcat.org/fast/">
                    <term ref="fast:986927">Kestrels</term>
                    <term ref="fast:1198493">Falco</term>
                    <term ref="fast:952093">Hawks</term>
                    <term ref="fast:934209">French</term>
                    <term ref="fast:910709">English</term>
                    <term ref="fast:832970">Birds</term>
                    <term ref="fast:933281">Founding</term>
                    <term ref="fast:950030">Habit</term>
                    <term ref="fast:1048356">Ornithologists</term>
                </keywords>
                <keywords scheme="https://id.cci.drexel.edu/">
                    <term ref="lcsh1910:b4kp7tw3f">Hawking</term>
                    <term ref="lcsh1910:b4sq8qj2t">Hawks</term>
                    <term ref="lcsh1910:b4xg9fb7f">Falcons</term>
                    <term ref="lcsh1910:b4319s62f">Pheasants</term>
                    <term ref="lcsh1910:b4z02zf6b">Malays</term>
                    <term ref="lcsh1910:b4zk55m9h">Birds</term>
                    <term ref="lcsh1910:b44j09z32">Founding</term>
                    <term ref="lcsh1910:b4n58cn85">Habit</term>
                    <term ref="lcsh1910:b4sx6497c">Wings</term>
                    <term ref="lcsh1910:b4639kb2c">Lead</term>
                </keywords>
                <keywords scheme="http://id.worldcat.org/fast/">
                    <term ref="fast:1239786">America</term>
                    <term ref="fast:1239509">Africa</term>
                    <term ref="fast:1240495">Asia</term>
                    <term ref="fast:1206073">China</term>
                    <term ref="fast:1205150">Florida</term>
                    <term ref="fast:1205805">Cuba</term>
                    <term ref="fast:1206536">Tasmania</term>
                    <term ref="fast:1211700">Mexico</term>
                    <term ref="fast:1204082">Japan</term>
                    <term ref="fast:1210276">India</term>
                </keywords>
            </textClass>
        </profileDesc>
        <revisionDesc status="published">
            <change status="public" when="2023-02-28" who="#pml">v.1 published</change>
            <change status="public" when="2023-02-27" who="#pml">v.1 teiHeader XSL finished</change>
        </revisionDesc>
    </teiHeader>
    <text>
        <body>
            <div facs="ia:encyclopediabrit14newyrich/page/n64/mode/1up" type="entry">
                <p><label type="entry">KESTREL</label> (French <hi rend="italic">Cresserelle</hi> or
                    <hi rend="italic">Crec</hi><hi rend="italic subscript"> i</hi><hi rend="italic"
                    >erdle,</hi> Old French <hi rend="italic">Qιιercerelle</hi> and <hi
                    rend="italic">Quercelle,</hi> in Burgundy <hi rend="italic">Cristel),</hi> the
                    English name<note anchored="true" place="bottom" type="authorial"><p>Other
                    English names are Windhover and Standgale (the last often corrupted into
                    Stonegale and Stannell), from a habit to be presently mentioned.</p></note> for
                    one of the smaller Falcons, originating probably from its peevish and languid
                    cry. This bird, though in the form of its bill and length of its wings one of
                    the true Falcons, and by many ornithologists placed among them under its
                    Linnaean name of <hi rend="italic">Falco</hi><hi rend="italic">tinnunculus,</hi>
                    is by others referred to a distinct genus <hi rend="italic">Tinnunculus</hi> as
                    <hi rend="italic">T. alaudarius—</hi> the last being an epithet wholly
                    inappropriate. We have here a ease in which the propriety of the custom which
                    requires the establishment of a genus on structural characters may seem open to
                    question. The differences of structure which separate <hi rend="italic"
                    >Tinnunculus</hi> from <hi rend="italic">Falco</hi> are of the slightest, and,
                    if insisted upon, in the way some systematists have done, must lead to including
                    in the former birds which obviously differ from Kestrels in all but a few
                    characters arbitrarily chosen; and yet, if structural characters be set aside,
                    the Kestrels form an assemblage readily distinguishable by several peculiarities
                    from all other <hi rend="italic">Falconidae,</hi> and an assemblage that the
                    instinct of real ornithologists (though this is treading upon dangerous ground)
                    does not hesitate to separate from the true Falcons of the genus <hi
                    rend="italic">Falco,</hi> withits subsidiary groups <hi rend="italic"
                    >Aesalon,</hi><hi rend="italic">IIypotriorchis,</hi> and the rest (see <hi
                    rend="smallcaps">Falcon,</hi> voh ix. p. 2). Scarcely any one outside the walls
                    of an ornithological museum or library would doubt for a moment whether any bird
                    shewn to him were a Kestrel or not; and Mr Gurney believes <hi rend="italic"
                    >(Ibis,</hi> 1881, p. 277) that the aggregation of species placed by Mr Sharpe
                    <hi rend="italic">(Cat. Birds Brit. Museum,</hi> i. pp. 423-448) under the
                    generic designation of <hi rend="italic">Cerchneis</hi> (which should properly
                    be <hi rend="italic">Tinnunculus)</hi> includes “three natural groups
                    sufficiently distinct to be treated as at least separate subgenera, bearing the
                    name of <hi rend="italic">Dissodectes,</hi><hi rend="italic">Tinnunculus,</hi>
                    and <hi rend="italic">Frythropus.</hi> ’ <hi rend="italic">'</hi> Of these we
                    may say that the first and last are not at all Kestrels, but are perhaps rather
                    related to the Hobbies <hi rend="italic">(Hypotriσrchis).</hi></p>
                <p>The ordinary Kestrel of Europe, <hi rend="italic">Falco</hi><hi rend="italic"
                    >tinnunculus</hi> or <hi rend="italic">Tinnunculus</hi><hi rend="italic"
                    >alaudarius,</hi> is by far the commonest bird of prey in the British Islands,
                    and is too common and well-kuown a bird to need any description. It is almost
                    entirely a summer migrant, coming from the south in early spring and departing
                    in autumn, though examples (which are nearly always found to be birds of the
                    year) occasionally occur iu winter, some arriving on the eastern coast in
                    autumn. It is most often observed while practising its habit of hanging in the
                    air for a minute or two in the same spot, by means of short and rapid beats of
                    its wings, as, with head pointing to windward and expanded tail, it is looking
                    out for prey,—which consists chiefly of mice, but it will at times take a small
                    bird, and the remains of frogs, insects, and even earth-worms have been found in
                    its crop. It generally breeds in the deserted nest of a Crow or I’ie, but
                    frequently in rocks, ruins, or even in hollow trees— laying four or five eggs,
                    mottled all over with dark brownish-red, sometimes tinged with orange and at
                    other times with purple. Though it may occasionally snatch up a young Partridge
                    or Pheasant,<note anchored="true" place="bottom" type="authorial"><p>When what
                    are called ‘ ‘ tame” Pheasants are bred, a Kestrel will often contract the bad
                    habit of infesting the coops and carrying off the young birds. This evil may
                    easily be stopped, but it should not lead to the relentless persecution of the
                    species, especially when it is remembered that the Kestrel is in the first place
                    attracted to the spot by the presence of the mice which come to eat the
                    Pheasants’ food.</p></note> the Kestrel is quite the most harmless bird-of-prey,
                    if it be not, from its destruction of mice and cockchafers, a most beneficial
                    species. It is a species of very wide range, extending over nearly the whole of
                    Europe from 68° N. lat., and the greater part of Asia— though the form which
                    inhabits Japan and is abundant in north-eastern China has been by some writers
                    deemed distinct and called <hi rend="italic">T. jαponicus—</hi> and it also
                    pervades the greater part of Africa, becoming, however, scarce in southern
                    latitudes, and unknown beyond Fantee on the west and Mombasa on the east coast
                    <hi rend="italic">(Ibis,</hi> 1881, p. 457). The southern countries of Europe
                    have also another and smaller species of Kestrel, <hi rend="italic">T.
                    tinnunculoides</hi> (the <hi rend="italic">T.</hi><hi rend="italic"
                    >cenchris</hi> and <hi rend="italic">T. ηaumanni</hi> of some writers), which is
                    widely spread in Africa and Asia, though specimens from India and China are
                    distinguished as <hi rend="italic">T. pekinensis.</hi></p>
                <p>Three other species are found in Africa as well— <hi rend="italic">Τ. rupicola,
                    T. rupicoloides,</hi> and <hi rend="italic">T. aloρex—</hi> the first of which
                    is a common bird in the Cape Colony, while the others occur in the interior.
                    Some of the islands of the Ethiopian region have peculiar species of Kestrel, as
                    the <hi rend="italic">T. ηewtoηi</hi> of Madagascar, <hi rend="italic">T.
                    punctatus</hi> of Mauritius, and <hi rend="italic">T. gracilis</hi> of the
                    Seychelles; while, on the opposite side, the Kestrel of the Cape Verd Islands
                    has been separated as <hi rend="italic">T. neglectus.</hi></p>
                <pb break="no" facs="ia:encyclopediabrit14newyrich/page/n65/mode/1up"
                    xml:id="kp-eb0914-0065-0054"/>
                <p>The next species deserving of notice is that of America, <hi rend="italic">T.
                    sparverius,</hi> commonly known in Canada and the United States as the
                    “Sparrow-Hawk”—a beautiful little bird, though not more courageous than the rest
                    of its relations. Various attempts have been made to recognize several species,
                    more or less in accordance with locality, but the majority of ornithologists
                    seem unable to accept the distinctions which have been elaborated chiefly by Mr
                    Sharpe <hi rend="italic">{ut supra)</hi> and Mr Ridgway <hi rend="italic">{North
                    American Birds,</hi> iii. pp. 159-175), the former of whom recognizes six
                    species, while the latter now admits but three, <hi rend="italic">T. sparverius,
                    T. leucophrys,</hi> and <hi rend="italic">T. sparverioides,</hi> with five
                    geographical races of the first, viz., the typical <hi rend="italic">T.
                    sparverius</hi> from the continent of North America, except the coast of the
                    Gulf of Mexico; <hi rend="italic">T. australis</hi> from the continent of South
                    America, except the North Atlantic and Caribbean coasts; <hi rend="italic">T.
                    isabellinus,</hi> inhabiting continental America from Florida to Cayenne; <hi
                    rend="italic">T. domiηicensis</hi> from the Lesser Antilles as far northwards as
                    St Thomas; and lastly <hi rend="italic">T. cinnamominus</hi> from Chili and
                    western Brazil. <hi rend="italic">T. leucophrys</hi> is said to be from
                    Hispaniola and Cuba; and <hi rend="italic">T. sparverioides</hi> peculiar to
                    Cuba only. This last has been generally allowed to be a good species, though Dr
                    Gundlach, the best authority on the birds of that island, in his latest work,
                    published in 1876 <hi rend="italic">{Contribution</hi><hi rend="italic"
                    >ά</hi><hi rend="italic">la Ornitologia Cubana,</hi> p. 48) will not allow its
                    validity. More recently it has been found <hi rend="italic">{Ibis,</hi> 1881,
                    pp. 547-564) that <hi rend="italic">T. australis</hi> and <hi rend="italic">T.
                    cinnamominus</hi> cannot be separated, that Mr Ridgway’s <hi rend="italic">T.
                    leucophrys</hi> should properly be called <hi rend="italic">T.
                    dominiceηsis,</hi> and his <hi rend="italic">T. dominicensis T. antillarum,</hi>
                    while that gentleman has recorded the supposed occurrence of <hi rend="italic"
                    >T. sparverioides</hi> in Florida.<note anchored="true" place="bottom"
                    type="authorial"><p>The absence of any species of Kestrel from Jamaica is a most
                    curious fact, considering the abundance of the former in other parts of the West
                    Indies.</p></note> Of other Kestrels it remains to say that <hi rend="italic">T.
                    moluccensis</hi> is widely spread throughout the islands of the Malay
                    archipelago, while <hi rend="italic">T. ceηchroides</hi> seems to inhabit the
                    whole of Australia, and has occurred in Tasmania <hi rend="italic">{Proc. Roy.
                    Soc. Tasmania,</hi> 1875, pp. 7, 8). No Kestrel is found in New Zealand, but an
                    approach to the form is made by the very peculiar <hi rend="italic"
                    >Hieracidea</hi> (or <hi rend="italic">Harpe)</hi><hi rend="italic"
                    >novae-zelandiae</hi> (of which a second race or species has been described, <hi
                    rend="italic">H. brunnea</hi> or <hi rend="italic">H. ferox)</hi> the
                    “Sparrow-Hawk,” “Quail-Hawk,” and “Bush-Hawk” of the colonists—a bird of much
                    higher courage than any Kestrel, and perhaps exhibiting the more generalized and
                    ancestral type from which both Kestrels and Falcons may have descended. <hi
                    rend="smallcaps">(a. n.)</hi></p>
            </div>
        </body>
    </text>
</TEI>
