<?xml version="1.0" encoding="utf-8"?><?xml-model  href="https://TU-plogan.github.io/code/odd/tei_kp1.rng" type="application/xml" schematypens="http://relaxng.org/ns/structure/1.0"?>
<TEI xml:id="kp-eb0914-0038-0029-03" xml:lang="en" xmlns="http://www.tei-c.org/ns/1.0">
    <teiHeader>
        <fileDesc>
            <titleStmt xml:id="eb07_v1.0">
                <title level="a" type="main">KELLGREN, Johan Henrik (9th edition, volume 14, page
                    29)</title>
                <title level="m" type="main">Encyclopaedia Britannica, 9th edition</title>
                <title level="m" type="sub">A machine-readable transcription</title>
                <editor>Edited by <persName ref="https://orcid.org/0000-0003-2362-8282"
                    role="editor" xml:id="pml">Peter Melville Logan</persName></editor>
                <respStmt>
                    <orgName xml:id="kp">Nineteenth-Century Knowledge Project Staff,
                        <affiliation>Temple University</affiliation></orgName>
                    <resp>OCR transcription and data management</resp>
                </respStmt>
                <respStmt>
                    <persName ref="https://orcid.org/0000-0001-7819-5360" xml:id="jg">Jane
                        Greenberg, <affiliation>Metadata Research Center, Drexel
                        University</affiliation></persName>
                    <resp>metadata development</resp>
                </respStmt>
                <respStmt>
                    <persName xml:id="dk">Don Kretz, <affiliation>Distributed
                        Proofreading</affiliation></persName>
                    <resp>data management</resp>
                </respStmt>
                <funder><orgName ref="http://viaf.org/viaf/137796012" xml:id="neh">National
                    Endowment for the Humanities</orgName></funder>
                <funder><orgName ref="http://viaf.org/viaf/121974598" xml:id="imls">Institute of
                    Museum and Library Services</orgName></funder>
                <funder><orgName ref="http://viaf.org/viaf/127396206" xml:id="tu">Temple
                    University</orgName></funder>
                <sponsor><orgName ref="http://viaf.org/viaf/3653147665869560670009" xml:id="cci"
                    >Drexel University, College of Computing &amp; Informatics</orgName></sponsor>
            </titleStmt>
            <editionStmt>
                <edition n="1.0">Version 1.0, initial release <date when="2023"
                    >2023</date></edition>
            </editionStmt>
            <extent>387 MB; 17,772 XML files in 47 folders </extent>
            <publicationStmt>
                <publisher corresp="kp"><orgName corresp="kp">Nineteenth-Century Knowledge
                    Project</orgName><email>nckp@temple.edu</email><link
                    target="https://tu-plogan.github.io/index.html"/></publisher>
                <availability status="free">
                    <p>Licensed under a Creative Commons Attribution 4.0 International License.</p>
                    <licence target="https://creativecommons.org/licenses/by/4.0/"> CC BY 4.0
                    </licence>
                </availability>
                <date when="2020">2023</date>
            </publicationStmt>
            <seriesStmt>
                <title level="s">Encyclopaedia Britannica: A machine-readable text
                    transcription</title>
                <editor corresp="pml">Peter Melville Logan</editor>
            </seriesStmt>
            <sourceDesc>
                <biblFull xml:lang="en">
                    <titleStmt>
                        <title level="m">Encyclopaedia Britannica</title>
                        <editor><persName ref="http://viaf.org/viaf/12465694" xml:id="mn">Baynes, T.
                            Spencer (Thomas Spencer), <date from="1823" to="1887"
                            >1823-1887</date></persName></editor>
                    </titleStmt>
                    <editionStmt>
                        <edition>Ninth Edition</edition>
                    </editionStmt>
                    <extent><measure quantity="25" unit="vol">25 volumes</measure></extent>
                    <publicationStmt>
                        <publisher>Charles Scribner's Sons</publisher>
                        <authority>Authorized reprint from Edinburgh plates</authority>
                        <pubPlace>New York</pubPlace>
                        <date from="1875" to="1889">1875-1889</date>
                    </publicationStmt>
                    <sourceDesc>
                        <bibl xml:id="ia-uc"><title>Encyclopaedia Britannica: a dictionary of arts,
                            sciences, and general literature</title><publisher><orgName
                            ref="https://archive.org/">Internet Archive</orgName><orgName
                            ref="https://archive.org/details/cdl">University of California
                            Libraries, California Digital Library</orgName></publisher><date
                            when="2019">2006</date><idno type="OCLC">592355607</idno><idno
                            type="ark">13960/t0ks6j612</idno><availability>
                            <p>Internet Archive: NOT_IN_COPYRIGHT</p>
                            </availability></bibl>
                    </sourceDesc>
                </biblFull>
                <listBibl>
                    <head>Alternate image sources for this edition:</head>
                    <desc>Alternate images of the same print editions were substituted when the
                        primary source had unusable images for those pages.</desc>
                    <bibl xml:id="um-ht">Hathi Trust, from print source at the University of
                        Michigan: vol. 14, pp. 34-35; vol. 15, pp. 170-171.</bibl>
                </listBibl>
            </sourceDesc>
        </fileDesc>
        <encodingDesc>
            <editorialDecl>
                <correction method="markup" status="low">
                    <p>This electronic text file was created by optical character recognition (OCR).
                        OCR errors have not been corrected.</p>
                    <p>Illegible text in the original is indicated using <gi>unclear</gi> or
                        <gi>gap</gi>, as appropriate. If corrected, the reference source is
                        indicated with <gi>supplied</gi>.</p>
                </correction>
                <normalization method="silent">
                    <p>Original spelling is preserved. When noticed, obvious misspellings are
                        combined with the correct spelling as <gi>choice</gi> in the TEI. Ligatures
                        are reproduced as multiple letters. Original footnote and marginal note
                        sigla are replaced with sequential numbers for each entry.</p>
                </normalization>
                <punctuation marks="some">
                    <p>Extra space around punctuation marks is removed.</p>
                </punctuation>
                <quotation marks="some">
                    <p>Quotation marks are retained as content in the text. Redundant open quotation
                        marks at the start of lines inside block quotes are silently removed.</p>
                </quotation>
                <hyphenation eol="hard">
                    <p>Soft hyphens are removed silently.</p>
                </hyphenation>
                <segmentation>
                    <p>The <tag>div type="entry"</tag> element divides the text into individual
                        entries.</p>
                    <p>The <tag>div type="section"</tag> and <tag>div type="subsection"</tag>
                        elements are reserved for future entry subsections.</p>
                </segmentation>
                <ab><list rend="bulleted" type="basic">
                    <item>Encoding uses the recommendations for Level 3 of the TEI in Libraries
                        Guidelines.</item>
                    <item>Individual entries and page-breaks are encoded, but column breaks are
                        omitted.</item>
                    <item>Running headers and side descriptions are not included.</item>
                    <item>Some font formatting is preserved: italic, small caps, strike-through,
                        subscript, superscript, underline. The following formatting is ignored:
                        bold, font size, typeface.</item>
                    </list></ab>
            </editorialDecl>
            <tagsDecl>
                <namespace name="http://www.tei-c.org/ns/1.0">
                    <tagUsage gi="div">Unnumbered divs used.</tagUsage>
                </namespace>
            </tagsDecl>
            <projectDesc>
                <p>All text was encoded for the Nineteenth-Century Knowledge Project to provide a
                    machine-readable edition of the Encyclopedia Britannica to analyze.</p>
                <p>Subject-level metadata was added to each entry using the HIVE automated
                    vocabulary server created by the Metadata Research Center at Drexel University
                    (<link target="https://hive2.cci.drexel.edu"/>https://hive2.cci.drexel.edu).</p>
            </projectDesc>
            <samplingDecl>
                <p>The first release is a reproduction of text matter for all entries. It does not
                    include images, tables, formulae, front- or back-matter. It omits volume 1,
                    which consists of "Dissertations" rather than entries.</p>
            </samplingDecl>
            <listPrefixDef>
                <prefixDef ident="fast" matchPattern="(\d+)"
                    replacementPattern="http://id.worldcat.org/fast/$1">
                    <p>URIs with the prefix <code>fast:</code> point to terms in the OCLC FAST
                        (Faceted Application of Subject Terminology) subject heading schema derived
                        from the Library of Congress Subject Headings (LCSH).</p>
                </prefixDef>
                <prefixDef ident="lcsh1910" matchPattern="(\w+)"
                    replacementPattern="https://n2t.net/ark:/99152/$1">
                    <p>URIs with the prefix <code>lcsh1910:</code> point to subject terms in the
                        volume <hi rend="italic">Subject Headings Used in the Dictionary Catalogues
                        of the Library of Congress</hi>, 7 vols., Library of Congress, 1910.</p>
                </prefixDef>
                <prefixDef ident="ht" matchPattern="([\w\-\.;=\&#34;&amp;]+)"
                    replacementPattern="https://babel.hathitrust.org/cgi/pt?id=$1">
                    <p>URIs with the prefix <code>ht:</code> point to page images in the Hathi
                        Trust.</p>
                </prefixDef>
                <prefixDef ident="ia" matchPattern="(\w+)"
                    replacementPattern="https://archive.org/details/$1">
                    <p>URIs with the prefix <code>ia:</code> point to page images in the Internet
                        Archive.</p>
                </prefixDef>
                <prefixDef ident="nls" matchPattern="([\w?\=]+)"
                    replacementPattern="https://digital.nls.uk/encyclopaedia-britannica/archive/$1">
                    <p>URIs with the prefix <code>nls:</code> point to page images in the National
                        Library of Scotland.</p>
                </prefixDef>
            </listPrefixDef>
        </encodingDesc>
        <profileDesc>
            <textClass>
                <keywords scheme="http://id.worldcat.org/fast/">
                    <term ref="fast:942100">Germans</term>
                    <term ref="fast:942099">Germanization</term>
                    <term ref="fast:934209">French</term>
                    <term ref="fast:910709">English</term>
                    <term ref="fast:1067778">Poets</term>
                    <term ref="fast:1182566">Year</term>
                    <term ref="fast:899352">Dues</term>
                </keywords>
                <keywords scheme="https://id.cci.drexel.edu/">
                    <term ref="lcsh1910:b4639kc77">Poets</term>
                    <term ref="lcsh1910:b45m62b4v">Germans</term>
                    <term ref="lcsh1910:b4v11vw02">Work</term>
                    <term ref="lcsh1910:b4x05xf77">Criticism</term>
                    <term ref="lcsh1910:b42j68511">Life</term>
                </keywords>
            </textClass>
        </profileDesc>
        <revisionDesc status="published">
            <change status="public" when="2023-02-28" who="#pml">v.1 published</change>
            <change status="public" when="2023-02-27" who="#pml">v.1 teiHeader XSL finished</change>
        </revisionDesc>
    </teiHeader>
    <text>
        <body>
            <div facs="ia:encyclopediabrit14newyrich/page/n38/mode/1up" type="entry">
                <p><label type="entry">KELLGREN, <hi rend="smallcaps">Johan Henrik</hi></label>
                    (1751-95), Swedish poet and critic, was born at Floby in West Gothland, December
                    1, 1751. He studied at the university of Âbo, and had already some reputation as
                    a poet when in 1774 he there became a “docent” in aesthetics. Three years after
                    this he removed to Stockholm, where in conjunction with Lenngren he began in
                    1778 the publication of the journal <hi rend="italic">Stockholmsposten,</hi>
                    whose chief contributor he continued to be almost throughout the remainder of
                    his life. Kellgren was private librarian to Gustavus III. from 1780, and from
                    1785 his private secretary. On the institution of the Swedish Academy in 1786 he
                    was appointed by the king one of its first members. He died at Stockholm after a
                    severe illness of two years, April 20, 1795. Early familiar with the models of
                    the French school of Voltaire, Kellgren did not till late in life awake to a
                    sense of the value of the works of Lessing and Goethe. His strong satiric
                    tendency led him into numerous controversies, the chief that with Thorild,
                    against whom he directed his satire <hi rend="italic">Nytforsok till orimmad
                    vers,</hi> where he sneers at the “raving of Shakespeare” and “the convulsions
                    of Goethe.” His lack of humour detracts from the interest of his polemical
                    writings. His poetical works are partly lyrical partly dramatic, but of the
                    latter only the versification belongs to him, all the rest being due to Gustavus
                    III. The songs interspersed in the four operas which they produced in common,
                    viz., <hi rend="italic">Gustaf Vasa, Gustaf Adolf</hi><hi rend="italic"
                    >och</hi><hi rend="italic">Ebba Brahe,</hi><hi rend="italic">Aeneas</hi><hi
                    rend="italic">i Kartago,</hi> and <hi rend="italic">Drottning Kristina,</hi> are
                    wholly the work of Kellgren. From about the year 1788 a higher and graver
                    feeling pervades Kellgren’s verses, partly owing to his increased knowledge of
                    the newer German and English literature, but probably more directly due to his
                    controversy with Thorild. Of his minor poems written before that date the most
                    important are the charming spring-song <hi rend="italic">Vinterns</hi><hi
                    rend="italic">välde</hi><hi rend="italic">lyktar,</hi> and the satirical <hi
                    rend="italic">Mina l'ojen</hi> and <hi rend="italic">Man eger ej snille for det
                    man dr galen.</hi> The best productions of what is called his later period are
                    the satire <hi rend="italic">Ljusets fender,</hi> the comic poem <hi
                    rend="italic">Dumboms lefverne,</hi> the warmly patriotic <hi rend="italic"
                    >Kantat d.</hi> 1 <hi rend="italic">jan.</hi> 1789, the ode <hi rend="italic"
                    >Till Kristina,</hi> the fragment <hi rend="italic">Sigwart och Hilma,</hi> and
                    the beautiful song <hi rend="italic">Nya slcaρelsen,</hi> both in thought and
                    form the finest of all his works. Among the lyrics of Kellgren are the choicest
                    fruits of the Gustavian age of Swedish letters. His earlier efforts, indeed,
                    express with great completeness the superficial doubt and pert frivolousness
                    characteristic of his time; but in the works of his riper years he is no mere
                    “poet of pleasure,” as Thorild contemptuously styled him, but a worthy exponent
                    of earnest moral feeling and wide human sympathies in the most felicitous and
                    melodious verse. His <hi rend="italic">Samlade skrifter (f&gt;</hi> vols., 4th
                    ed., Örebro, 1860), revised by himself, were, in accordance with his own
                    direction, published by his friends after his death. His prose works were
                    translated into German by Lappe (Neustrelitz, 1801).</p>
                <p>See Wieselgren, <hi rend="italic">Sνeriges skοnα literalur,</hi> 1833-49;
                    Atterbom, <hi rend="italic">Svenska siare ochskaldcr,</hi> 1841-55; C. W.
                    Bottiger in <hi rend="italic">Transactions of the Swedish Academy,</hi> xlv. 107
                    <hi rend="italic">sq.,</hi> 1870; and Gustaf Ljunggren ’ s <hi rend="italic"
                    >Kellgren, Leopold, och Thorild,</hi> and his <hi rend="italic">Svenska
                    viiterhetcns</hi><hi rend="italic">häfder,</hi> 1873, 1877.</p>
            </div>
        </body>
    </text>
</TEI>
