<?xml version="1.0" encoding="utf-8"?><?xml-model  href="https://TU-plogan.github.io/code/odd/tei_kp1.rng" type="application/xml" schematypens="http://relaxng.org/ns/structure/1.0"?>
<TEI xml:id="kp-eb0914-0155-0144-04" xml:lang="en" xmlns="http://www.tei-c.org/ns/1.0">
    <teiHeader>
        <fileDesc>
            <titleStmt xml:id="eb07_v1.0">
                <title level="a" type="main">KOTZEBUE, August Friedrich Ferdinand von (9th edition,
                    volume 14, page 144)</title>
                <title level="m" type="main">Encyclopaedia Britannica, 9th edition</title>
                <title level="m" type="sub">A machine-readable transcription</title>
                <editor>Edited by <persName ref="https://orcid.org/0000-0003-2362-8282"
                    role="editor" xml:id="pml">Peter Melville Logan</persName></editor>
                <respStmt>
                    <orgName xml:id="kp">Nineteenth-Century Knowledge Project Staff,
                        <affiliation>Temple University</affiliation></orgName>
                    <resp>OCR transcription and data management</resp>
                </respStmt>
                <respStmt>
                    <persName ref="https://orcid.org/0000-0001-7819-5360" xml:id="jg">Jane
                        Greenberg, <affiliation>Metadata Research Center, Drexel
                        University</affiliation></persName>
                    <resp>metadata development</resp>
                </respStmt>
                <respStmt>
                    <persName xml:id="dk">Don Kretz, <affiliation>Distributed
                        Proofreading</affiliation></persName>
                    <resp>data management</resp>
                </respStmt>
                <funder><orgName ref="http://viaf.org/viaf/137796012" xml:id="neh">National
                    Endowment for the Humanities</orgName></funder>
                <funder><orgName ref="http://viaf.org/viaf/121974598" xml:id="imls">Institute of
                    Museum and Library Services</orgName></funder>
                <funder><orgName ref="http://viaf.org/viaf/127396206" xml:id="tu">Temple
                    University</orgName></funder>
                <sponsor><orgName ref="http://viaf.org/viaf/3653147665869560670009" xml:id="cci"
                    >Drexel University, College of Computing &amp; Informatics</orgName></sponsor>
            </titleStmt>
            <editionStmt>
                <edition n="1.0">Version 1.0, initial release <date when="2023"
                    >2023</date></edition>
            </editionStmt>
            <extent>387 MB; 17,772 XML files in 47 folders </extent>
            <publicationStmt>
                <publisher corresp="kp"><orgName corresp="kp">Nineteenth-Century Knowledge
                    Project</orgName><email>nckp@temple.edu</email><link
                    target="https://tu-plogan.github.io/index.html"/></publisher>
                <availability status="free">
                    <p>Licensed under a Creative Commons Attribution 4.0 International License.</p>
                    <licence target="https://creativecommons.org/licenses/by/4.0/"> CC BY 4.0
                    </licence>
                </availability>
                <date when="2020">2023</date>
            </publicationStmt>
            <seriesStmt>
                <title level="s">Encyclopaedia Britannica: A machine-readable text
                    transcription</title>
                <editor corresp="pml">Peter Melville Logan</editor>
            </seriesStmt>
            <sourceDesc>
                <biblFull xml:lang="en">
                    <titleStmt>
                        <title level="m">Encyclopaedia Britannica</title>
                        <editor><persName ref="http://viaf.org/viaf/12465694" xml:id="mn">Baynes, T.
                            Spencer (Thomas Spencer), <date from="1823" to="1887"
                            >1823-1887</date></persName></editor>
                    </titleStmt>
                    <editionStmt>
                        <edition>Ninth Edition</edition>
                    </editionStmt>
                    <extent><measure quantity="25" unit="vol">25 volumes</measure></extent>
                    <publicationStmt>
                        <publisher>Charles Scribner's Sons</publisher>
                        <authority>Authorized reprint from Edinburgh plates</authority>
                        <pubPlace>New York</pubPlace>
                        <date from="1875" to="1889">1875-1889</date>
                    </publicationStmt>
                    <sourceDesc>
                        <bibl xml:id="ia-uc"><title>Encyclopaedia Britannica: a dictionary of arts,
                            sciences, and general literature</title><publisher><orgName
                            ref="https://archive.org/">Internet Archive</orgName><orgName
                            ref="https://archive.org/details/cdl">University of California
                            Libraries, California Digital Library</orgName></publisher><date
                            when="2019">2006</date><idno type="OCLC">592355607</idno><idno
                            type="ark">13960/t0ks6j612</idno><availability>
                            <p>Internet Archive: NOT_IN_COPYRIGHT</p>
                            </availability></bibl>
                    </sourceDesc>
                </biblFull>
                <listBibl>
                    <head>Alternate image sources for this edition:</head>
                    <desc>Alternate images of the same print editions were substituted when the
                        primary source had unusable images for those pages.</desc>
                    <bibl xml:id="um-ht">Hathi Trust, from print source at the University of
                        Michigan: vol. 14, pp. 34-35; vol. 15, pp. 170-171.</bibl>
                </listBibl>
            </sourceDesc>
        </fileDesc>
        <encodingDesc>
            <editorialDecl>
                <correction method="markup" status="low">
                    <p>This electronic text file was created by optical character recognition (OCR).
                        OCR errors have not been corrected.</p>
                    <p>Illegible text in the original is indicated using <gi>unclear</gi> or
                        <gi>gap</gi>, as appropriate. If corrected, the reference source is
                        indicated with <gi>supplied</gi>.</p>
                </correction>
                <normalization method="silent">
                    <p>Original spelling is preserved. When noticed, obvious misspellings are
                        combined with the correct spelling as <gi>choice</gi> in the TEI. Ligatures
                        are reproduced as multiple letters. Original footnote and marginal note
                        sigla are replaced with sequential numbers for each entry.</p>
                </normalization>
                <punctuation marks="some">
                    <p>Extra space around punctuation marks is removed.</p>
                </punctuation>
                <quotation marks="some">
                    <p>Quotation marks are retained as content in the text. Redundant open quotation
                        marks at the start of lines inside block quotes are silently removed.</p>
                </quotation>
                <hyphenation eol="hard">
                    <p>Soft hyphens are removed silently.</p>
                </hyphenation>
                <segmentation>
                    <p>The <tag>div type="entry"</tag> element divides the text into individual
                        entries.</p>
                    <p>The <tag>div type="section"</tag> and <tag>div type="subsection"</tag>
                        elements are reserved for future entry subsections.</p>
                </segmentation>
                <ab><list rend="bulleted" type="basic">
                    <item>Encoding uses the recommendations for Level 3 of the TEI in Libraries
                        Guidelines.</item>
                    <item>Individual entries and page-breaks are encoded, but column breaks are
                        omitted.</item>
                    <item>Running headers and side descriptions are not included.</item>
                    <item>Some font formatting is preserved: italic, small caps, strike-through,
                        subscript, superscript, underline. The following formatting is ignored:
                        bold, font size, typeface.</item>
                    </list></ab>
            </editorialDecl>
            <tagsDecl>
                <namespace name="http://www.tei-c.org/ns/1.0">
                    <tagUsage gi="div">Unnumbered divs used.</tagUsage>
                </namespace>
            </tagsDecl>
            <projectDesc>
                <p>All text was encoded for the Nineteenth-Century Knowledge Project to provide a
                    machine-readable edition of the Encyclopedia Britannica to analyze.</p>
                <p>Subject-level metadata was added to each entry using the HIVE automated
                    vocabulary server created by the Metadata Research Center at Drexel University
                    (<link target="https://hive2.cci.drexel.edu"/>https://hive2.cci.drexel.edu).</p>
            </projectDesc>
            <samplingDecl>
                <p>The first release is a reproduction of text matter for all entries. It does not
                    include images, tables, formulae, front- or back-matter. It omits volume 1,
                    which consists of "Dissertations" rather than entries.</p>
            </samplingDecl>
            <listPrefixDef>
                <prefixDef ident="fast" matchPattern="(\d+)"
                    replacementPattern="http://id.worldcat.org/fast/$1">
                    <p>URIs with the prefix <code>fast:</code> point to terms in the OCLC FAST
                        (Faceted Application of Subject Terminology) subject heading schema derived
                        from the Library of Congress Subject Headings (LCSH).</p>
                </prefixDef>
                <prefixDef ident="lcsh1910" matchPattern="(\w+)"
                    replacementPattern="https://n2t.net/ark:/99152/$1">
                    <p>URIs with the prefix <code>lcsh1910:</code> point to subject terms in the
                        volume <hi rend="italic">Subject Headings Used in the Dictionary Catalogues
                        of the Library of Congress</hi>, 7 vols., Library of Congress, 1910.</p>
                </prefixDef>
                <prefixDef ident="ht" matchPattern="([\w\-\.;=\&#34;&amp;]+)"
                    replacementPattern="https://babel.hathitrust.org/cgi/pt?id=$1">
                    <p>URIs with the prefix <code>ht:</code> point to page images in the Hathi
                        Trust.</p>
                </prefixDef>
                <prefixDef ident="ia" matchPattern="(\w+)"
                    replacementPattern="https://archive.org/details/$1">
                    <p>URIs with the prefix <code>ia:</code> point to page images in the Internet
                        Archive.</p>
                </prefixDef>
                <prefixDef ident="nls" matchPattern="([\w?\=]+)"
                    replacementPattern="https://digital.nls.uk/encyclopaedia-britannica/archive/$1">
                    <p>URIs with the prefix <code>nls:</code> point to page images in the National
                        Library of Scotland.</p>
                </prefixDef>
            </listPrefixDef>
        </encodingDesc>
        <profileDesc>
            <textClass>
                <keywords scheme="https://id.cci.drexel.edu/">
                    <term ref="lcsh1910:b4ft8dp2t">Sand</term>
                    <term ref="lcsh1910:b45m62b4v">Germans</term>
                    <term ref="lcsh1910:b4125qf4x">Revelation</term>
                    <term ref="lcsh1910:b4v11vw02">Work</term>
                    <term ref="lcsh1910:b4db7vs7f">Dramatists</term>
                    <term ref="lcsh1910:b44f1mm3n">Courts</term>
                    <term ref="lcsh1910:b43775w28">Books</term>
                </keywords>
                <keywords scheme="http://id.worldcat.org/fast/">
                    <term ref="fast:1180188">Work</term>
                    <term ref="fast:897549">Dramatists</term>
                    <term ref="fast:881747">Courts</term>
                    <term ref="fast:1096460">Revelation</term>
                    <term ref="fast:836401">Books</term>
                    <term ref="fast:1102429">Russians</term>
                    <term ref="fast:1104803">Sand</term>
                    <term ref="fast:942100">Germans</term>
                    <term ref="fast:942099">Germanization</term>
                    <term ref="fast:1080735">Prussians</term>
                </keywords>
                <keywords scheme="http://id.worldcat.org/fast/">
                    <term ref="fast:1207312">Russia</term>
                    <term ref="fast:1219920">England</term>
                </keywords>
            </textClass>
        </profileDesc>
        <revisionDesc status="published">
            <change status="public" when="2023-02-28" who="#pml">v.1 published</change>
            <change status="public" when="2023-02-27" who="#pml">v.1 teiHeader XSL finished</change>
        </revisionDesc>
    </teiHeader>
    <text>
        <body>
            <div facs="ia:encyclopediabrit14newyrich/page/n155/mode/1up" type="entry">
                <p><label type="entry">KOTZEBUE, <hi rend="smallcaps">August Friedrich Ferdinand
                    von</hi></label> (1761-1819), German dramatist, was born on the 3d of May 1761,
                    at Weimar, where his father was a councillor of legation. Having attended the
                    gymnasium of Weimar, he went in his sixteenth year to the university of Jena,
                    and afterwards studied about a year in Duisburg. In 1780 he completed his legal
                    studies, and was admitted an advocate. Through the influence of Count Görtz,
                    Prussian ambassador at the Russian court, he became secretary at St Petersburg
                    to the governor-general Von Baur, by whom he was recommended to the empress. In
                    1783 he received the appointment of assessor to the high court of appeal in
                    Revel, where he married a daughter of lieutenant-general Von Essen. He was
                    ennobled in 1785, and became president of the magistracy of the province of
                    Esthonia. Before leaving Germany he had published some unimportant writings; in
                    Revel he acquired a considerable reputation by his <hi rend="italic"
                    >Leiden</hi><hi rend="italic">der</hi><hi rend="italic">Orteηbergischeη</hi><hi
                    rend="italic">Familie</hi> (1785), his <hi rend="italic">Kleine</hi><hi
                    rend="italic">Gesammelte Schriften</hi> (1787-91), and his two plays, <hi
                    rend="italic">Menschenhass und Reue</hi> and <hi rend="italic">Die</hi><hi
                    rend="italic">Indianer</hi><hi rend="italic">in England</hi> (1789). The good
                    impression produced by these works was almost effaced by a cynical book, <hi
                    rend="italic">Doctor Bahrdt</hi><hi rend="italic">mit der eisernen Stirn,</hi>
                    which appeared with the name of Knigge on the title page. After the death of his
                    first wife Kotzebue retired from the Russian service, and resided for some time
                    in a country house which he had built near Narva. At this time he manifested
                    extraordinary literary activity, publishing within a few years, besides <hi
                    rend="italic">Die</hi><hi rend="italic">jüngste</hi><hi rend="italic"
                    >Kinder</hi><hi rend="italic">meiner Laune</hi> (in 5 volumes), upwards of
                    twenty plays. In 1798 he accepted the office of dramatist to the court theatre
                    of Vienna, resigning it in about two years with a pension of 1000 florins. On
                    his way to St Petersburg, where his sons were being educated, he was arrested in
                    April 1800, and sent to Siberia. Fortunately he had written a comedy which
                    flattered the vanity of Paul I.; and a translation of this play so delighted the
                    emperor that Kotzebue was brought back, received an estate from the crown lands
                    in Livonia, and was made director of the German theatre in St Petersburg. He
                    returned to Germany when the emperor Paul died, and in 1802 was admitted into
                    the Academy of Sciences at Berlin. Here, in association with Merkel, he edited
                    <hi rend="italic">Der</hi><hi rend="italic">Freimuthige,</hi> and began his <hi
                    rend="italic">Almanach dramatischer Spiele,</hi> which he continued to issue
                    until his death. He also wrote several plays in Berlin, and made some enemies by
                    the bitterness with which he attacked Goethe. Towards the end of 1806 he was
                    again settled in Russia, and in the security of his estate in Esthonia wrote
                    many satirical articles against Napoleon in <hi rend="italic">Die Biene</hi> and
                    <hi rend="italic">Die Grille.</hi> As councillor of state he was attached in
                    1816 to the department for foreign affairs in St Petersburg, and in 1817 he went
                    to Germany as a sort of spy in the service of Russia, with a salary of 15,000
                    roubles. In his weekly journal (the <hi rend="italic">Literarisches
                    Wochenblatt')</hi> he scoffed at the pretensions of those Germans <pb break="no"
                    facs="ia:encyclopediabrit14newyrich/page/n156/mode/1up"
                    xml:id="kp-eb0914-0156-0145"/> who demanded free institutions, and became an
                    object of such general dislike that he was obliged to leave Weimar for Mannheim.
                    He was especially detested by young enthusiasts for liberty; and one of them,
                    Karl Ludwig Sand, a theological student, formed a deliberate resolution to kill
                    him. On the 23d of March 1819 Sand called at Kotzebue’s house in Mannheim, and
                    stabbed him to the heart, crying, “Here, thou betrayer of the Fatherland!” The
                    assassin was executed, and the Government of Germany made his crime an excuse
                    for placing the universities under strict supervision. Besides his plays and the
                    other works already mentioned, Kotzebue wrote a history of the German empire and
                    a book on the ancient history of Prussia, neither of which has solid merit. He
                    was also the author of <hi rend="italic">Erinnerungen aus</hi><hi rend="italic"
                    >Paris</hi> (1804), and <hi rend="italic">Erinnerungen von einer</hi><hi
                    rend="italic">Heise</hi><hi rend="italic">aus Livland nach</hi><hi rend="italic"
                    >Pom</hi><hi rend="italic">und Neapel</hi> (1805). He wrote more than one
                    hundred plays, the majority of which are now forgotten. Although destitute of
                    poetic insight, he had remarkable facility in the invention of effective
                    situations; and a respectable place in German literature is secured for some of
                    his comedies by the liveliness with which their characters are portrayed, and by
                    the sprightliness of their dialogue. There is a complete edition of his dramatic
                    works in 28 volumes (1797-1823), another in 44 volumes (1827-29), and a third in
                    40 volumes (1840-41).</p>
            </div>
        </body>
    </text>
</TEI>
