<?xml version="1.0" encoding="utf-8"?><?xml-model  href="https://TU-plogan.github.io/code/odd/tei_kp1.rng" type="application/xml" schematypens="http://relaxng.org/ns/structure/1.0"?>
<TEI xml:id="kp-eb0914-0093-0082-01" xml:lang="en" xmlns="http://www.tei-c.org/ns/1.0">
    <teiHeader>
        <fileDesc>
            <titleStmt xml:id="eb07_v1.0">
                <title level="a" type="main">KINGLET (9th edition, volume 14, page 82)</title>
                <title level="m" type="main">Encyclopaedia Britannica, 9th edition</title>
                <title level="m" type="sub">A machine-readable transcription</title>
                <editor>Edited by <persName ref="https://orcid.org/0000-0003-2362-8282"
                    role="editor" xml:id="pml">Peter Melville Logan</persName></editor>
                <respStmt>
                    <orgName xml:id="kp">Nineteenth-Century Knowledge Project Staff,
                        <affiliation>Temple University</affiliation></orgName>
                    <resp>OCR transcription and data management</resp>
                </respStmt>
                <respStmt>
                    <persName ref="https://orcid.org/0000-0001-7819-5360" xml:id="jg">Jane
                        Greenberg, <affiliation>Metadata Research Center, Drexel
                        University</affiliation></persName>
                    <resp>metadata development</resp>
                </respStmt>
                <respStmt>
                    <persName xml:id="dk">Don Kretz, <affiliation>Distributed
                        Proofreading</affiliation></persName>
                    <resp>data management</resp>
                </respStmt>
                <funder><orgName ref="http://viaf.org/viaf/137796012" xml:id="neh">National
                    Endowment for the Humanities</orgName></funder>
                <funder><orgName ref="http://viaf.org/viaf/121974598" xml:id="imls">Institute of
                    Museum and Library Services</orgName></funder>
                <funder><orgName ref="http://viaf.org/viaf/127396206" xml:id="tu">Temple
                    University</orgName></funder>
                <sponsor><orgName ref="http://viaf.org/viaf/3653147665869560670009" xml:id="cci"
                    >Drexel University, College of Computing &amp; Informatics</orgName></sponsor>
            </titleStmt>
            <editionStmt>
                <edition n="1.0">Version 1.0, initial release <date when="2023"
                    >2023</date></edition>
            </editionStmt>
            <extent>387 MB; 17,772 XML files in 47 folders </extent>
            <publicationStmt>
                <publisher corresp="kp"><orgName corresp="kp">Nineteenth-Century Knowledge
                    Project</orgName><email>nckp@temple.edu</email><link
                    target="https://tu-plogan.github.io/index.html"/></publisher>
                <availability status="free">
                    <p>Licensed under a Creative Commons Attribution 4.0 International License.</p>
                    <licence target="https://creativecommons.org/licenses/by/4.0/"> CC BY 4.0
                    </licence>
                </availability>
                <date when="2020">2023</date>
            </publicationStmt>
            <seriesStmt>
                <title level="s">Encyclopaedia Britannica: A machine-readable text
                    transcription</title>
                <editor corresp="pml">Peter Melville Logan</editor>
            </seriesStmt>
            <sourceDesc>
                <biblFull xml:lang="en">
                    <titleStmt>
                        <title level="m">Encyclopaedia Britannica</title>
                        <editor><persName ref="http://viaf.org/viaf/12465694" xml:id="mn">Baynes, T.
                            Spencer (Thomas Spencer), <date from="1823" to="1887"
                            >1823-1887</date></persName></editor>
                    </titleStmt>
                    <editionStmt>
                        <edition>Ninth Edition</edition>
                    </editionStmt>
                    <extent><measure quantity="25" unit="vol">25 volumes</measure></extent>
                    <publicationStmt>
                        <publisher>Charles Scribner's Sons</publisher>
                        <authority>Authorized reprint from Edinburgh plates</authority>
                        <pubPlace>New York</pubPlace>
                        <date from="1875" to="1889">1875-1889</date>
                    </publicationStmt>
                    <sourceDesc>
                        <bibl xml:id="ia-uc"><title>Encyclopaedia Britannica: a dictionary of arts,
                            sciences, and general literature</title><publisher><orgName
                            ref="https://archive.org/">Internet Archive</orgName><orgName
                            ref="https://archive.org/details/cdl">University of California
                            Libraries, California Digital Library</orgName></publisher><date
                            when="2019">2006</date><idno type="OCLC">592355607</idno><idno
                            type="ark">13960/t0ks6j612</idno><availability>
                            <p>Internet Archive: NOT_IN_COPYRIGHT</p>
                            </availability></bibl>
                    </sourceDesc>
                </biblFull>
                <listBibl>
                    <head>Alternate image sources for this edition:</head>
                    <desc>Alternate images of the same print editions were substituted when the
                        primary source had unusable images for those pages.</desc>
                    <bibl xml:id="um-ht">Hathi Trust, from print source at the University of
                        Michigan: vol. 14, pp. 34-35; vol. 15, pp. 170-171.</bibl>
                </listBibl>
            </sourceDesc>
        </fileDesc>
        <encodingDesc>
            <editorialDecl>
                <correction method="markup" status="low">
                    <p>This electronic text file was created by optical character recognition (OCR).
                        OCR errors have not been corrected.</p>
                    <p>Illegible text in the original is indicated using <gi>unclear</gi> or
                        <gi>gap</gi>, as appropriate. If corrected, the reference source is
                        indicated with <gi>supplied</gi>.</p>
                </correction>
                <normalization method="silent">
                    <p>Original spelling is preserved. When noticed, obvious misspellings are
                        combined with the correct spelling as <gi>choice</gi> in the TEI. Ligatures
                        are reproduced as multiple letters. Original footnote and marginal note
                        sigla are replaced with sequential numbers for each entry.</p>
                </normalization>
                <punctuation marks="some">
                    <p>Extra space around punctuation marks is removed.</p>
                </punctuation>
                <quotation marks="some">
                    <p>Quotation marks are retained as content in the text. Redundant open quotation
                        marks at the start of lines inside block quotes are silently removed.</p>
                </quotation>
                <hyphenation eol="hard">
                    <p>Soft hyphens are removed silently.</p>
                </hyphenation>
                <segmentation>
                    <p>The <tag>div type="entry"</tag> element divides the text into individual
                        entries.</p>
                    <p>The <tag>div type="section"</tag> and <tag>div type="subsection"</tag>
                        elements are reserved for future entry subsections.</p>
                </segmentation>
                <ab><list rend="bulleted" type="basic">
                    <item>Encoding uses the recommendations for Level 3 of the TEI in Libraries
                        Guidelines.</item>
                    <item>Individual entries and page-breaks are encoded, but column breaks are
                        omitted.</item>
                    <item>Running headers and side descriptions are not included.</item>
                    <item>Some font formatting is preserved: italic, small caps, strike-through,
                        subscript, superscript, underline. The following formatting is ignored:
                        bold, font size, typeface.</item>
                    </list></ab>
            </editorialDecl>
            <tagsDecl>
                <namespace name="http://www.tei-c.org/ns/1.0">
                    <tagUsage gi="div">Unnumbered divs used.</tagUsage>
                </namespace>
            </tagsDecl>
            <projectDesc>
                <p>All text was encoded for the Nineteenth-Century Knowledge Project to provide a
                    machine-readable edition of the Encyclopedia Britannica to analyze.</p>
                <p>Subject-level metadata was added to each entry using the HIVE automated
                    vocabulary server created by the Metadata Research Center at Drexel University
                    (<link target="https://hive2.cci.drexel.edu"/>https://hive2.cci.drexel.edu).</p>
            </projectDesc>
            <samplingDecl>
                <p>The first release is a reproduction of text matter for all entries. It does not
                    include images, tables, formulae, front- or back-matter. It omits volume 1,
                    which consists of "Dissertations" rather than entries.</p>
            </samplingDecl>
            <listPrefixDef>
                <prefixDef ident="fast" matchPattern="(\d+)"
                    replacementPattern="http://id.worldcat.org/fast/$1">
                    <p>URIs with the prefix <code>fast:</code> point to terms in the OCLC FAST
                        (Faceted Application of Subject Terminology) subject heading schema derived
                        from the Library of Congress Subject Headings (LCSH).</p>
                </prefixDef>
                <prefixDef ident="lcsh1910" matchPattern="(\w+)"
                    replacementPattern="https://n2t.net/ark:/99152/$1">
                    <p>URIs with the prefix <code>lcsh1910:</code> point to subject terms in the
                        volume <hi rend="italic">Subject Headings Used in the Dictionary Catalogues
                        of the Library of Congress</hi>, 7 vols., Library of Congress, 1910.</p>
                </prefixDef>
                <prefixDef ident="ht" matchPattern="([\w\-\.;=\&#34;&amp;]+)"
                    replacementPattern="https://babel.hathitrust.org/cgi/pt?id=$1">
                    <p>URIs with the prefix <code>ht:</code> point to page images in the Hathi
                        Trust.</p>
                </prefixDef>
                <prefixDef ident="ia" matchPattern="(\w+)"
                    replacementPattern="https://archive.org/details/$1">
                    <p>URIs with the prefix <code>ia:</code> point to page images in the Internet
                        Archive.</p>
                </prefixDef>
                <prefixDef ident="nls" matchPattern="([\w?\=]+)"
                    replacementPattern="https://digital.nls.uk/encyclopaedia-britannica/archive/$1">
                    <p>URIs with the prefix <code>nls:</code> point to page images in the National
                        Library of Scotland.</p>
                </prefixDef>
            </listPrefixDef>
        </encodingDesc>
        <profileDesc>
            <textClass>
                <keywords scheme="https://id.cci.drexel.edu/">
                    <term ref="lcsh1910:b4d50g08p">Groups</term>
                    <term ref="lcsh1910:b4jw86n9w">Head</term>
                    <term ref="lcsh1910:b42j68967">Songs</term>
                    <term ref="lcsh1910:b4d795b2n">Authors</term>
                    <term ref="lcsh1910:b4ns0kz00">Authority</term>
                    <term ref="lcsh1910:b4736mb9b">Wrens</term>
                    <term ref="lcsh1910:b4086351k">Larks</term>
                    <term ref="lcsh1910:b4n58ct11">Woodcock</term>
                    <term ref="lcsh1910:b44b2xd0k">Willows</term>
                </keywords>
                <keywords scheme="http://id.worldcat.org/fast/">
                    <term ref="fast:1026826">Motacilla</term>
                    <term ref="fast:916820">Europeans</term>
                    <term ref="fast:1181567">Wrens</term>
                    <term ref="fast:839044">British</term>
                    <term ref="fast:1120260">Sky</term>
                    <term ref="fast:1750261">Inch</term>
                    <term ref="fast:952579">Head</term>
                    <term ref="fast:1174597">White</term>
                    <term ref="fast:1174816">Whites</term>
                    <term ref="fast:1126120">Songs</term>
                </keywords>
                <keywords scheme="http://id.worldcat.org/fast/">
                    <term ref="fast:1242804">Scandinavia</term>
                    <term ref="fast:1239786">America</term>
                    <term ref="fast:1240495">Asia</term>
                    <term ref="fast:1204082">Japan</term>
                </keywords>
            </textClass>
        </profileDesc>
        <revisionDesc status="published">
            <change status="public" when="2023-02-28" who="#pml">v.1 published</change>
            <change status="public" when="2023-02-27" who="#pml">v.1 teiHeader XSL finished</change>
        </revisionDesc>
    </teiHeader>
    <text>
        <body>
            <div facs="ia:encyclopediabrit14newyrich/page/n93/mode/1up" type="entry">
                <p><label type="entry">KINGLET</label>, a name applied in many books to the bird
                    called by Linnaeus <hi rend="italic">Motacilla regulus,</hi> and by most modern
                    ornithologists <hi rend="italic">B,egulus</hi><hi rend="italic">cristatus,</hi>
                    the Golden-crested or Golden-crowned Wren of ordinary persons. This species is
                    the type of a small group which has been generally placed among the <hi
                    rend="italic">Sylviidae</hi> or true Warblers, but by certain systematists it is
                    referred to the Titmouse-Family, <hi rend="italic">Paridae.</hi> That the
                    Kinglets possess many of the habits and actions of the latter is undeniable, but
                    on the other hand they are not known to differ in any important points of
                    organization or appearance from the former—the chief distinction being that the
                    nostril is covered by a single bristly feather directed forwards. The
                    Golden-crested Wren is the smallest of British birds, its whole length being
                    about 3 inches and a half, and its wing measuring only 2 inches from the carpal
                    joint. Generally of an olive-green colour, the top of its head is bright yellow,
                    deepening into orange, and bounded on either side by a black line, while the
                    wing <pb break="no" facs="ia:encyclopediabrit14newyrich/page/n94/mode/1up"
                    xml:id="kp-eb0914-0094-0083"/> coverts are dull black, and some of them tipped
                    with white, forming a somewhat conspicuous bar. The cock has a pleasant but weak
                    song. The nest is a beautiful object, thickly felted of the softest moss, wool,
                    and spiders’ webs, lined with feathers, and usually built under and near the end
                    of the branch of a yew, fir, or cedar, supported by the interweaving of two or
                    three laterally diverging and pendent twigs, and sheltered by the rest. The eggs
                    are from six to ten in number, of a dull white sometimes finely freckled with
                    reddish-brown. The species is particularly social, living for the most of the
                    year in family-parties, and often joining bands of any species of-Titmouse in a
                    common search for food. Though to be met with in Britain at all seasons, the
                    bird in autumn visits the east coast in enormous flocks, apparently emigrants
                    from Scandinavia, while hundreds perish in crossing the North Sea, where they
                    are well known to the fishermen as “Woodcock’s Pilots.” A second and more local
                    European species is the Fire-crested Wren, <hi rend="italic">R.
                    ignicapillus,</hi> easily recognizable by the black streak on each side of the
                    head, before and behind the eye, as well as by the deeper colour of its crown. A
                    third species, <hi rend="italic">R. maderensis,</hi> inhabits the Madeiras, to
                    which it is peculiar; and examples from the Himalayas and Japan have been
                    differentiated as <hi rend="italic">R. himalayensis</hi> and <hi rend="italic"
                    >R. japonicus.</hi> North America has two well-known species, <hi rend="italic"
                    >R. satrapa,</hi> very like the European <hi rend="italic">R. ignicapillus,</hi>
                    and the Ruby-crowned Wren, <hi rend="italic">R. calendula,</hi> which is
                    remarkable for a loud song that has been compared to that of a Canary-bird or a
                    Sky-lark, and for having the characteristic nasal feather in a rudimentary or
                    aborted condition. Under the name of <hi rend="italic">R. modestus,</hi> or
                    “Dalmatian Regulus” of many English authors, two very distinct species are now
                    known to have been confounded, both belonging really to the group of
                    Willow-Wrens, and having nothing to do with <hi rend="italic">Regulus.</hi> One,
                    which has occurred in Britain, is the <hi rend="italic">Motacilla
                    superciliosa</hi> of old or <hi rend="italic">Phylloscopus</hi><hi rend="italic"
                    >superciliosus</hi> of modern authors, and is a native of northern Asia,
                    visiting Europe nearly every year, and the other, also of Asiatic origin, is the
                    <hi rend="italic">Motacilla</hi> or <hi rend="italic">Phylloscopus
                    proτegulus.</hi><hi rend="smallcaps">(a. n.)</hi></p>
            </div>
        </body>
    </text>
</TEI>
