<?xml version="1.0" encoding="utf-8"?><?xml-model  href="https://TU-plogan.github.io/code/odd/tei_kp1.rng" type="application/xml" schematypens="http://relaxng.org/ns/structure/1.0"?>
<TEI xml:id="kp-eb0914-0104-0093-03" xml:lang="en" xmlns="http://www.tei-c.org/ns/1.0">
    <teiHeader>
        <fileDesc>
            <titleStmt xml:id="eb07_v1.0">
                <title level="a" type="main">KIRCHER, Athanasius (9th edition, volume 14, page
                    93)</title>
                <title level="m" type="main">Encyclopaedia Britannica, 9th edition</title>
                <title level="m" type="sub">A machine-readable transcription</title>
                <editor>Edited by <persName ref="https://orcid.org/0000-0003-2362-8282"
                    role="editor" xml:id="pml">Peter Melville Logan</persName></editor>
                <respStmt>
                    <orgName xml:id="kp">Nineteenth-Century Knowledge Project Staff,
                        <affiliation>Temple University</affiliation></orgName>
                    <resp>OCR transcription and data management</resp>
                </respStmt>
                <respStmt>
                    <persName ref="https://orcid.org/0000-0001-7819-5360" xml:id="jg">Jane
                        Greenberg, <affiliation>Metadata Research Center, Drexel
                        University</affiliation></persName>
                    <resp>metadata development</resp>
                </respStmt>
                <respStmt>
                    <persName xml:id="dk">Don Kretz, <affiliation>Distributed
                        Proofreading</affiliation></persName>
                    <resp>data management</resp>
                </respStmt>
                <funder><orgName ref="http://viaf.org/viaf/137796012" xml:id="neh">National
                    Endowment for the Humanities</orgName></funder>
                <funder><orgName ref="http://viaf.org/viaf/121974598" xml:id="imls">Institute of
                    Museum and Library Services</orgName></funder>
                <funder><orgName ref="http://viaf.org/viaf/127396206" xml:id="tu">Temple
                    University</orgName></funder>
                <sponsor><orgName ref="http://viaf.org/viaf/3653147665869560670009" xml:id="cci"
                    >Drexel University, College of Computing &amp; Informatics</orgName></sponsor>
            </titleStmt>
            <editionStmt>
                <edition n="1.0">Version 1.0, initial release <date when="2023"
                    >2023</date></edition>
            </editionStmt>
            <extent>387 MB; 17,772 XML files in 47 folders </extent>
            <publicationStmt>
                <publisher corresp="kp"><orgName corresp="kp">Nineteenth-Century Knowledge
                    Project</orgName><email>nckp@temple.edu</email><link
                    target="https://tu-plogan.github.io/index.html"/></publisher>
                <availability status="free">
                    <p>Licensed under a Creative Commons Attribution 4.0 International License.</p>
                    <licence target="https://creativecommons.org/licenses/by/4.0/"> CC BY 4.0
                    </licence>
                </availability>
                <date when="2020">2023</date>
            </publicationStmt>
            <seriesStmt>
                <title level="s">Encyclopaedia Britannica: A machine-readable text
                    transcription</title>
                <editor corresp="pml">Peter Melville Logan</editor>
            </seriesStmt>
            <sourceDesc>
                <biblFull xml:lang="en">
                    <titleStmt>
                        <title level="m">Encyclopaedia Britannica</title>
                        <editor><persName ref="http://viaf.org/viaf/12465694" xml:id="mn">Baynes, T.
                            Spencer (Thomas Spencer), <date from="1823" to="1887"
                            >1823-1887</date></persName></editor>
                    </titleStmt>
                    <editionStmt>
                        <edition>Ninth Edition</edition>
                    </editionStmt>
                    <extent><measure quantity="25" unit="vol">25 volumes</measure></extent>
                    <publicationStmt>
                        <publisher>Charles Scribner's Sons</publisher>
                        <authority>Authorized reprint from Edinburgh plates</authority>
                        <pubPlace>New York</pubPlace>
                        <date from="1875" to="1889">1875-1889</date>
                    </publicationStmt>
                    <sourceDesc>
                        <bibl xml:id="ia-uc"><title>Encyclopaedia Britannica: a dictionary of arts,
                            sciences, and general literature</title><publisher><orgName
                            ref="https://archive.org/">Internet Archive</orgName><orgName
                            ref="https://archive.org/details/cdl">University of California
                            Libraries, California Digital Library</orgName></publisher><date
                            when="2019">2006</date><idno type="OCLC">592355607</idno><idno
                            type="ark">13960/t0ks6j612</idno><availability>
                            <p>Internet Archive: NOT_IN_COPYRIGHT</p>
                            </availability></bibl>
                    </sourceDesc>
                </biblFull>
                <listBibl>
                    <head>Alternate image sources for this edition:</head>
                    <desc>Alternate images of the same print editions were substituted when the
                        primary source had unusable images for those pages.</desc>
                    <bibl xml:id="um-ht">Hathi Trust, from print source at the University of
                        Michigan: vol. 14, pp. 34-35; vol. 15, pp. 170-171.</bibl>
                </listBibl>
            </sourceDesc>
        </fileDesc>
        <encodingDesc>
            <editorialDecl>
                <correction method="markup" status="low">
                    <p>This electronic text file was created by optical character recognition (OCR).
                        OCR errors have not been corrected.</p>
                    <p>Illegible text in the original is indicated using <gi>unclear</gi> or
                        <gi>gap</gi>, as appropriate. If corrected, the reference source is
                        indicated with <gi>supplied</gi>.</p>
                </correction>
                <normalization method="silent">
                    <p>Original spelling is preserved. When noticed, obvious misspellings are
                        combined with the correct spelling as <gi>choice</gi> in the TEI. Ligatures
                        are reproduced as multiple letters. Original footnote and marginal note
                        sigla are replaced with sequential numbers for each entry.</p>
                </normalization>
                <punctuation marks="some">
                    <p>Extra space around punctuation marks is removed.</p>
                </punctuation>
                <quotation marks="some">
                    <p>Quotation marks are retained as content in the text. Redundant open quotation
                        marks at the start of lines inside block quotes are silently removed.</p>
                </quotation>
                <hyphenation eol="hard">
                    <p>Soft hyphens are removed silently.</p>
                </hyphenation>
                <segmentation>
                    <p>The <tag>div type="entry"</tag> element divides the text into individual
                        entries.</p>
                    <p>The <tag>div type="section"</tag> and <tag>div type="subsection"</tag>
                        elements are reserved for future entry subsections.</p>
                </segmentation>
                <ab><list rend="bulleted" type="basic">
                    <item>Encoding uses the recommendations for Level 3 of the TEI in Libraries
                        Guidelines.</item>
                    <item>Individual entries and page-breaks are encoded, but column breaks are
                        omitted.</item>
                    <item>Running headers and side descriptions are not included.</item>
                    <item>Some font formatting is preserved: italic, small caps, strike-through,
                        subscript, superscript, underline. The following formatting is ignored:
                        bold, font size, typeface.</item>
                    </list></ab>
            </editorialDecl>
            <tagsDecl>
                <namespace name="http://www.tei-c.org/ns/1.0">
                    <tagUsage gi="div">Unnumbered divs used.</tagUsage>
                </namespace>
            </tagsDecl>
            <projectDesc>
                <p>All text was encoded for the Nineteenth-Century Knowledge Project to provide a
                    machine-readable edition of the Encyclopedia Britannica to analyze.</p>
                <p>Subject-level metadata was added to each entry using the HIVE automated
                    vocabulary server created by the Metadata Research Center at Drexel University
                    (<link target="https://hive2.cci.drexel.edu"/>https://hive2.cci.drexel.edu).</p>
            </projectDesc>
            <samplingDecl>
                <p>The first release is a reproduction of text matter for all entries. It does not
                    include images, tables, formulae, front- or back-matter. It omits volume 1,
                    which consists of "Dissertations" rather than entries.</p>
            </samplingDecl>
            <listPrefixDef>
                <prefixDef ident="fast" matchPattern="(\d+)"
                    replacementPattern="http://id.worldcat.org/fast/$1">
                    <p>URIs with the prefix <code>fast:</code> point to terms in the OCLC FAST
                        (Faceted Application of Subject Terminology) subject heading schema derived
                        from the Library of Congress Subject Headings (LCSH).</p>
                </prefixDef>
                <prefixDef ident="lcsh1910" matchPattern="(\w+)"
                    replacementPattern="https://n2t.net/ark:/99152/$1">
                    <p>URIs with the prefix <code>lcsh1910:</code> point to subject terms in the
                        volume <hi rend="italic">Subject Headings Used in the Dictionary Catalogues
                        of the Library of Congress</hi>, 7 vols., Library of Congress, 1910.</p>
                </prefixDef>
                <prefixDef ident="ht" matchPattern="([\w\-\.;=\&#34;&amp;]+)"
                    replacementPattern="https://babel.hathitrust.org/cgi/pt?id=$1">
                    <p>URIs with the prefix <code>ht:</code> point to page images in the Hathi
                        Trust.</p>
                </prefixDef>
                <prefixDef ident="ia" matchPattern="(\w+)"
                    replacementPattern="https://archive.org/details/$1">
                    <p>URIs with the prefix <code>ia:</code> point to page images in the Internet
                        Archive.</p>
                </prefixDef>
                <prefixDef ident="nls" matchPattern="([\w?\=]+)"
                    replacementPattern="https://digital.nls.uk/encyclopaedia-britannica/archive/$1">
                    <p>URIs with the prefix <code>nls:</code> point to page images in the National
                        Library of Scotland.</p>
                </prefixDef>
            </listPrefixDef>
        </encodingDesc>
        <profileDesc>
            <textClass>
                <keywords scheme="https://id.cci.drexel.edu/">
                    <term ref="lcsh1910:b4v11vw02">Work</term>
                    <term ref="lcsh1910:b4fn1111w">Scholars</term>
                    <term ref="lcsh1910:b47w67b9q">Mathematicians</term>
                    <term ref="lcsh1910:b4zw18v1m">War</term>
                    <term ref="lcsh1910:b4h98zp4v">Wars</term>
                    <term ref="lcsh1910:b4tt4fw77">Egyptians</term>
                </keywords>
                <keywords scheme="http://id.worldcat.org/fast/">
                    <term ref="fast:903991">Egyptians</term>
                    <term ref="fast:1182566">Year</term>
                    <term ref="fast:1355303">Wars</term>
                    <term ref="fast:1170328">War</term>
                    <term ref="fast:1047359">Order</term>
                    <term ref="fast:1180188">Work</term>
                    <term ref="fast:1106878">Scholars</term>
                    <term ref="fast:1012154">Mathematicians</term>
                </keywords>
                <keywords scheme="http://id.worldcat.org/fast/">
                    <term ref="fast:1754964">Rome</term>
                    <term ref="fast:1206073">China</term>
                </keywords>
            </textClass>
        </profileDesc>
        <revisionDesc status="published">
            <change status="public" when="2023-02-28" who="#pml">v.1 published</change>
            <change status="public" when="2023-02-27" who="#pml">v.1 teiHeader XSL finished</change>
        </revisionDesc>
    </teiHeader>
    <text>
        <body>
            <div facs="ia:encyclopediabrit14newyrich/page/n104/mode/1up" type="entry">
                <p><label type="entry">KIRCHER, <hi rend="smallcaps">Athanasius</hi></label>
                    (1602-1680), a learned scholar and accomplished mathematician, was born May 2,
                    1602, at Geisa near Fulda, was educated at the Jesuit college of Fulda, and
                    entered upon his noviciate in that order at Mainz in 1618. After continuing his
                    studies at Paderborn, Münster, Cologne, Coblenz, and Mainz, he became professor
                    of philosophy, mathematics, and Oriental languages at Würzburg, whence he was
                    driven (1631) by the troubles of the Thirty Years’ War to Avignon. Through the
                    influence of Cardinal Barberini he next (1635) settled in Rome, where for eight
                    years he taught mathematics in the Collegio Romano, but ultimately resigned this
                    appointment in order that he might devote the closing years of his life entirely
                    to the study of hieroglyphics and other archaeological subjects. He died
                    November 28, 1680.</p>
                <p>Kircher was a man of wide and varied learning, but singularly devoid of judgment
                    and critical discernment. His voluminous writings in philology, natural history,
                    physics, and mathematics often accordingly have a good deal of the historical
                    interest which attaches to pioneering work, however imperfectly performed;
                    otherwise they now take rank as curiosities of literature merely. They include
                    <hi rend="italic">Ars</hi><hi rend="italic">Magnesia,</hi> 1631; <hi
                    rend="italic">Magnes,</hi><hi rend="italic">sive</hi><hi rend="italic"
                    >de</hi><hi rend="italic">arte magnetica</hi><hi rend="italic">opus</hi><hi
                    rend="italic">tripartitum,</hi> 1640; and <hi rend="italic">Magneticum</hi><hi
                    rend="italic">naturae</hi><hi rend="italic">regnum,</hi> 1667; <hi rend="italic"
                    >Prodromus Coptus,</hi> 1636; <hi rend="italic">Lingua</hi><hi rend="italic"
                    >Aegyptiaca</hi><hi rend="italic">restituta,</hi> 1643; <hi rend="italic"
                    >Obeliscus</hi><pb break="no"
                    facs="ia:encyclopediabrit14newyrich/page/n105/mode/1up"
                    xml:id="kp-eb0914-0105-0094"/><hi rend="italic">Pamphilius,</hi> 1650; and <hi
                    rend="italic">Oedipus Aegyptiacus,</hi><hi rend="italic">hoc</hi><hi
                    rend="italic">est</hi><hi rend="italic">universalis</hi><hi rend="italic"
                    >doctrinae hieroglyphicae</hi><hi rend="italic">instauratio,</hi> 1652-55,—works
                    which may claim the merit of having first called the attention of the learned to
                    the Egyptian hieroglyphics; <hi rend="italic">Ars magna lucis</hi><hi
                    rend="italic">et umbrae in</hi><hi rend="italic">mundo,</hi> 1645-46; <hi
                    rend="italic">Musurgia</hi><hi rend="italic">universalis, sive ars</hi><hi
                    rend="italic">magna</hi><hi rend="italic">consoni</hi><hi rend="italic"
                    >et</hi><hi rend="italic">dissoni,</hi> 1650; <hi rend="italic"
                    >Polygraphia,</hi><hi rend="italic">seu artificium linguarum</hi><hi
                    rend="italic">quo cum omnibus</hi><hi rend="italic">mundi populis poterit quis
                    respondere,</hi> 1663; <hi rend="italic">Mundus subterraneus, quo siibterrestris
                    mundi opificium,</hi><hi rend="italic">universae</hi><hi rend="italic"
                    >denique</hi><hi rend="italic">naturae divitiae,</hi><hi rend="italic">abditorum
                    effectuum</hi><hi rend="italic">causae</hi><hi rend="italic">demonstrantur,</hi>
                    1665-78; <hi rend="italic">China</hi><hi rend="italic">illustrata,</hi> 1667;
                    <hi rend="italic">Ars magna sciendi,</hi> 1669; and <hi rend="italic"
                    >Latium,</hi> 1669, a work which may still be consulted with advantage. The <hi
                    rend="italic">Specula</hi><hi rend="italic">Melitensis</hi><hi rend="italic"
                    >Encyclica</hi> (1638) gives an account of what may be described as a kind of
                    calculating machine of his invention. The valuable collection of antiquities
                    which he bequeathed to the Collegio Romano has been described by Buonanni <hi
                    rend="italic">(fiiusaeum</hi><hi rend="italic">Kir-cherianum,</hi> 1709;
                    republished by Battara in 1773).</p>
            </div>
        </body>
    </text>
</TEI>
