<?xml version="1.0" encoding="utf-8"?><?xml-model  href="https://TU-plogan.github.io/code/odd/tei_kp1.rng" type="application/xml" schematypens="http://relaxng.org/ns/structure/1.0"?>
<TEI xml:id="kp-eb0914-0013-0004-02" xml:lang="en" xmlns="http://www.tei-c.org/ns/1.0">
    <teiHeader>
        <fileDesc>
            <titleStmt xml:id="eb07_v1.0">
                <title level="a" type="main">KARATEGIN (9th edition, volume 14, page 4)</title>
                <title level="m" type="main">Encyclopaedia Britannica, 9th edition</title>
                <title level="m" type="sub">A machine-readable transcription</title>
                <editor>Edited by <persName ref="https://orcid.org/0000-0003-2362-8282"
                    role="editor" xml:id="pml">Peter Melville Logan</persName></editor>
                <respStmt>
                    <orgName xml:id="kp">Nineteenth-Century Knowledge Project Staff,
                        <affiliation>Temple University</affiliation></orgName>
                    <resp>OCR transcription and data management</resp>
                </respStmt>
                <respStmt>
                    <persName ref="https://orcid.org/0000-0001-7819-5360" xml:id="jg">Jane
                        Greenberg, <affiliation>Metadata Research Center, Drexel
                        University</affiliation></persName>
                    <resp>metadata development</resp>
                </respStmt>
                <respStmt>
                    <persName xml:id="dk">Don Kretz, <affiliation>Distributed
                        Proofreading</affiliation></persName>
                    <resp>data management</resp>
                </respStmt>
                <funder><orgName ref="http://viaf.org/viaf/137796012" xml:id="neh">National
                    Endowment for the Humanities</orgName></funder>
                <funder><orgName ref="http://viaf.org/viaf/121974598" xml:id="imls">Institute of
                    Museum and Library Services</orgName></funder>
                <funder><orgName ref="http://viaf.org/viaf/127396206" xml:id="tu">Temple
                    University</orgName></funder>
                <sponsor><orgName ref="http://viaf.org/viaf/3653147665869560670009" xml:id="cci"
                    >Drexel University, College of Computing &amp; Informatics</orgName></sponsor>
            </titleStmt>
            <editionStmt>
                <edition n="1.0">Version 1.0, initial release <date when="2023"
                    >2023</date></edition>
            </editionStmt>
            <extent>387 MB; 17,772 XML files in 47 folders </extent>
            <publicationStmt>
                <publisher corresp="kp"><orgName corresp="kp">Nineteenth-Century Knowledge
                    Project</orgName><email>nckp@temple.edu</email><link
                    target="https://tu-plogan.github.io/index.html"/></publisher>
                <availability status="free">
                    <p>Licensed under a Creative Commons Attribution 4.0 International License.</p>
                    <licence target="https://creativecommons.org/licenses/by/4.0/"> CC BY 4.0
                    </licence>
                </availability>
                <date when="2020">2023</date>
            </publicationStmt>
            <seriesStmt>
                <title level="s">Encyclopaedia Britannica: A machine-readable text
                    transcription</title>
                <editor corresp="pml">Peter Melville Logan</editor>
            </seriesStmt>
            <sourceDesc>
                <biblFull xml:lang="en">
                    <titleStmt>
                        <title level="m">Encyclopaedia Britannica</title>
                        <editor><persName ref="http://viaf.org/viaf/12465694" xml:id="mn">Baynes, T.
                            Spencer (Thomas Spencer), <date from="1823" to="1887"
                            >1823-1887</date></persName></editor>
                    </titleStmt>
                    <editionStmt>
                        <edition>Ninth Edition</edition>
                    </editionStmt>
                    <extent><measure quantity="25" unit="vol">25 volumes</measure></extent>
                    <publicationStmt>
                        <publisher>Charles Scribner's Sons</publisher>
                        <authority>Authorized reprint from Edinburgh plates</authority>
                        <pubPlace>New York</pubPlace>
                        <date from="1875" to="1889">1875-1889</date>
                    </publicationStmt>
                    <sourceDesc>
                        <bibl xml:id="ia-uc"><title>Encyclopaedia Britannica: a dictionary of arts,
                            sciences, and general literature</title><publisher><orgName
                            ref="https://archive.org/">Internet Archive</orgName><orgName
                            ref="https://archive.org/details/cdl">University of California
                            Libraries, California Digital Library</orgName></publisher><date
                            when="2019">2006</date><idno type="OCLC">592355607</idno><idno
                            type="ark">13960/t0ks6j612</idno><availability>
                            <p>Internet Archive: NOT_IN_COPYRIGHT</p>
                            </availability></bibl>
                    </sourceDesc>
                </biblFull>
                <listBibl>
                    <head>Alternate image sources for this edition:</head>
                    <desc>Alternate images of the same print editions were substituted when the
                        primary source had unusable images for those pages.</desc>
                    <bibl xml:id="um-ht">Hathi Trust, from print source at the University of
                        Michigan: vol. 14, pp. 34-35; vol. 15, pp. 170-171.</bibl>
                </listBibl>
            </sourceDesc>
        </fileDesc>
        <encodingDesc>
            <editorialDecl>
                <correction method="markup" status="low">
                    <p>This electronic text file was created by optical character recognition (OCR).
                        OCR errors have not been corrected.</p>
                    <p>Illegible text in the original is indicated using <gi>unclear</gi> or
                        <gi>gap</gi>, as appropriate. If corrected, the reference source is
                        indicated with <gi>supplied</gi>.</p>
                </correction>
                <normalization method="silent">
                    <p>Original spelling is preserved. When noticed, obvious misspellings are
                        combined with the correct spelling as <gi>choice</gi> in the TEI. Ligatures
                        are reproduced as multiple letters. Original footnote and marginal note
                        sigla are replaced with sequential numbers for each entry.</p>
                </normalization>
                <punctuation marks="some">
                    <p>Extra space around punctuation marks is removed.</p>
                </punctuation>
                <quotation marks="some">
                    <p>Quotation marks are retained as content in the text. Redundant open quotation
                        marks at the start of lines inside block quotes are silently removed.</p>
                </quotation>
                <hyphenation eol="hard">
                    <p>Soft hyphens are removed silently.</p>
                </hyphenation>
                <segmentation>
                    <p>The <tag>div type="entry"</tag> element divides the text into individual
                        entries.</p>
                    <p>The <tag>div type="section"</tag> and <tag>div type="subsection"</tag>
                        elements are reserved for future entry subsections.</p>
                </segmentation>
                <ab><list rend="bulleted" type="basic">
                    <item>Encoding uses the recommendations for Level 3 of the TEI in Libraries
                        Guidelines.</item>
                    <item>Individual entries and page-breaks are encoded, but column breaks are
                        omitted.</item>
                    <item>Running headers and side descriptions are not included.</item>
                    <item>Some font formatting is preserved: italic, small caps, strike-through,
                        subscript, superscript, underline. The following formatting is ignored:
                        bold, font size, typeface.</item>
                    </list></ab>
            </editorialDecl>
            <tagsDecl>
                <namespace name="http://www.tei-c.org/ns/1.0">
                    <tagUsage gi="div">Unnumbered divs used.</tagUsage>
                </namespace>
            </tagsDecl>
            <projectDesc>
                <p>All text was encoded for the Nineteenth-Century Knowledge Project to provide a
                    machine-readable edition of the Encyclopedia Britannica to analyze.</p>
                <p>Subject-level metadata was added to each entry using the HIVE automated
                    vocabulary server created by the Metadata Research Center at Drexel University
                    (<link target="https://hive2.cci.drexel.edu"/>https://hive2.cci.drexel.edu).</p>
            </projectDesc>
            <samplingDecl>
                <p>The first release is a reproduction of text matter for all entries. It does not
                    include images, tables, formulae, front- or back-matter. It omits volume 1,
                    which consists of "Dissertations" rather than entries.</p>
            </samplingDecl>
            <listPrefixDef>
                <prefixDef ident="fast" matchPattern="(\d+)"
                    replacementPattern="http://id.worldcat.org/fast/$1">
                    <p>URIs with the prefix <code>fast:</code> point to terms in the OCLC FAST
                        (Faceted Application of Subject Terminology) subject heading schema derived
                        from the Library of Congress Subject Headings (LCSH).</p>
                </prefixDef>
                <prefixDef ident="lcsh1910" matchPattern="(\w+)"
                    replacementPattern="https://n2t.net/ark:/99152/$1">
                    <p>URIs with the prefix <code>lcsh1910:</code> point to subject terms in the
                        volume <hi rend="italic">Subject Headings Used in the Dictionary Catalogues
                        of the Library of Congress</hi>, 7 vols., Library of Congress, 1910.</p>
                </prefixDef>
                <prefixDef ident="ht" matchPattern="([\w\-\.;=\&#34;&amp;]+)"
                    replacementPattern="https://babel.hathitrust.org/cgi/pt?id=$1">
                    <p>URIs with the prefix <code>ht:</code> point to page images in the Hathi
                        Trust.</p>
                </prefixDef>
                <prefixDef ident="ia" matchPattern="(\w+)"
                    replacementPattern="https://archive.org/details/$1">
                    <p>URIs with the prefix <code>ia:</code> point to page images in the Internet
                        Archive.</p>
                </prefixDef>
                <prefixDef ident="nls" matchPattern="([\w?\=]+)"
                    replacementPattern="https://digital.nls.uk/encyclopaedia-britannica/archive/$1">
                    <p>URIs with the prefix <code>nls:</code> point to page images in the National
                        Library of Scotland.</p>
                </prefixDef>
            </listPrefixDef>
        </encodingDesc>
        <profileDesc>
            <textClass>
                <keywords scheme="http://id.worldcat.org/fast/">
                    <term ref="fast:1102429">Russians</term>
                    <term ref="fast:916820">Europeans</term>
                    <term ref="fast:1179191">Wood</term>
                    <term ref="fast:1028334">Mountaineering</term>
                    <term ref="fast:1028364">Mountaineers</term>
                    <term ref="fast:1028366">Mountains</term>
                    <term ref="fast:1025853">Months</term>
                    <term ref="fast:1142246">Tales</term>
                </keywords>
                <keywords scheme="https://id.cci.drexel.edu/">
                    <term ref="lcsh1910:b4804xr51">Mohammedans</term>
                    <term ref="lcsh1910:b4v698h77">Mohammedanism</term>
                    <term ref="lcsh1910:b41c1tg27">Wood</term>
                    <term ref="lcsh1910:b40p0ww6s">Journeys</term>
                    <term ref="lcsh1910:b43n20j3f">Mountains</term>
                    <term ref="lcsh1910:b4wm1410b">Mountaineering</term>
                    <term ref="lcsh1910:b4b27pq8k">Numbers</term>
                    <term ref="lcsh1910:b4rx93f63">Chains</term>
                    <term ref="lcsh1910:b4wh2dg8p">Rivers</term>
                </keywords>
                <keywords scheme="http://id.worldcat.org/fast/">
                    <term ref="fast:1240495">Asia</term>
                </keywords>
            </textClass>
        </profileDesc>
        <revisionDesc status="published">
            <change status="public" when="2023-02-28" who="#pml">v.1 published</change>
            <change status="public" when="2023-02-27" who="#pml">v.1 teiHeader XSL finished</change>
        </revisionDesc>
    </teiHeader>
    <text>
        <body>
            <div facs="ia:encyclopediabrit14newyrich/page/n13/mode/1up" type="entry">
                <p><label type="entry">KARATEGIN</label>, a country of Central Asia, now subject to
                    Bokhara, consisting of a highland district between the Hissar and the Darwaz
                    chains. It is bounded on the N. by the Russian province of Ferghana (Khokand),
                    on the E. by Kashgar, on the S. by independent Darwaz, and on the W. by Hissar
                    and other Bokharian provinces. The plateau is traversed by the Surkhab or Kyzyl
                    Su, a right-hand tributary of the Oxus, which rises in the Alai mountains, and
                    for the first 132 miles of its course “runs through gorges of extreme wildness.”
                    Below the hamlet of Khantia-hota (according to Abramof), the valley widens
                    considerably, and at Sar-i-pul, the only point where it is crossed by a bridge,
                    the river has a depth of 7 feet. With the neighbouring lands Karategin has no
                    communication except during summer, that is, from May to September. The winter
                    climate is extremely severe even in the more populous districts; the snow begins
                    to fall in October, and it is May before it disappears. During the warmer
                    months, however, the mountain sides are richly clothed with the foliage of
                    maple, mountain ash, apple, pear, and walnut trees; the orchards furnish, not
                    only apples and pears, but peaches, cherries, mulberries, and apricots; and the
                    farmers grow so much corn that the surplus is a regular article of export to the
                    neighbouring states. Every householder has a portion of the soil which he can
                    call his own; but if he leave it fallow for more than three years in succession,
                    he runs the risk of having it confiscated by the Government. Some proprietors
                    possess as much as from 300 to 500 acres, and keep from ten to twelve yoke of
                    work oxen and from six to twelve labourers. The necessity of storing fodder to
                    last for five months tends to keep low the number of domestic cattle. Both
                    cattle and horses are of a small and hardy breed. The wild animals—bears,
                    wolves, foxes, jackals, lynxes, martens, otters, &amp;c.—are of no small
                    economic importance; but the hunters and trappers are obliged to sell their
                    pelts to the Government at half the market price. Rough woollen cloth and mohair
                    are woven by the natives during their long winter; and they make excellent
                    firearms and other weapons. Trade is still carried on by barter, there being
                    neither coinage nor fixed market-place in the country. Foreign wares—iron,
                    cotton, silk, combs, mirrors, soap, &amp;c.—are introduced by merchants from
                    Kashgar and Hissar, who receive in exchange mainly cattle, hides, and skins.
                    Gold, however, is found in various places, more particularly at Sarym Saly
                    (according to Abramof); and there are salt-pits in the mountains near
                    Langar-sha. The chief town, Harm or Gharm, is a place of some eight hundred
                    houses (Arandarenko says three hundred and forty) situated on a hill on the
                    right bank of the Surkhab. With the exception of about five thousand tents of
                    nomadizing Kirghiz, the inhabitants of Karategin are understood to be
                    Galtchas—by some identified with, by others distinguished from the Tadjiks. They
                    speak a Persian dialect and profess the Mohammedan faith. Schuyler, who met with
                    some of them at Khokand, describes the Karateginese as swarthy, thickset,
                    good-natured fellows, who, gathered in a circle, would after prayers and supper
                    tell tale after tale and legend after legend till they dropped off to sleep. It
                    is calculated that the settled population of Karategin may amount to about
                    382,000 souls, the number of households being 36,672, distributed among four
                    hundred settlements.</p>
                <p>Karategin has hardly been touched by European exploration (the first expedition
                    was that of Oshanin in 1878); and of its history almost nothing is known. The
                    native princes or shahs, who claimed to be descended from Alexander the Great,
                    were till 1868 practically independent, and kept up a considerable degree of
                    state. Their allegiance was indeed claimed in an ineffective way by Khokand, but
                    eventually Bokhara took advantage of intestine feuds to secure their real
                    submission. Some geographers (Kiepert, for example) have been disposed to
                    recognize in Karategin the Paraetaceni of Alexander’s historians, and Colonel
                    Yule has conjecturally identified it with the Holumo (Garma ?) of Hwen
                    Tsang.</p>
                <p>See Abramof in <hi rend="italic">Joum. Roy. Geogr. Soc.,</hi> 1871; Arandarenko’s
                    paper in the <hi rend="italic">Russische</hi><hi rend="italic">Revue,</hi>
                    epitomized in <hi rend="italic">Das Ausland,</hi> 1878; and letters from Oshanin
                    in <hi rend="italic">Globus,</hi> 1878. See also Colonel Yule’s essay prefixed
                    to Wood’s <hi rend="italic">Journey to the Source of the River Oxus,</hi>
                    1872.</p>
            </div>
        </body>
    </text>
</TEI>
