<?xml version="1.0" encoding="utf-8"?><?xml-model  href="https://TU-plogan.github.io/code/odd/tei_kp1.rng" type="application/xml" schematypens="http://relaxng.org/ns/structure/1.0"?>
<TEI xmlns="http://www.tei-c.org/ns/1.0" xml:id="kp-eb0901-0166-0151-04" xml:lang="en">
    <teiHeader>
        <fileDesc>
            <titleStmt xml:id="eb07_v1.0">
                <title level="a" type="main">ADELUNG, Johann Christoph (9th edition, volume 1, page
                    151)</title>
                <title level="m" type="main">Encyclopaedia Britannica, 9th edition</title>
                <title level="m" type="sub">A machine-readable transcription</title>
                <editor>Edited by <persName ref="https://orcid.org/0000-0003-2362-8282"
                        role="editor" xml:id="pml">Peter Melville Logan</persName></editor>
                <respStmt>
                    <orgName xml:id="kp">Nineteenth-Century Knowledge Project Staff,
                            <affiliation>Temple University</affiliation></orgName>
                    <resp>OCR transcription and data management</resp>
                </respStmt>
                <respStmt>
                    <persName ref="https://orcid.org/0000-0001-7819-5360" xml:id="jg">Jane
                        Greenberg, <affiliation>Metadata Research Center, Drexel
                            University</affiliation></persName>
                    <resp>metadata development</resp>
                </respStmt>
                <respStmt>
                    <persName xml:id="dk">Don Kretz, <affiliation>Distributed
                            Proofreading</affiliation></persName>
                    <resp>data management</resp>
                </respStmt>
                <funder><orgName ref="http://viaf.org/viaf/137796012" xml:id="neh">National
                        Endowment for the Humanities</orgName></funder>
                <funder><orgName ref="http://viaf.org/viaf/121974598" xml:id="imls">Institute of
                        Museum and Library Services</orgName></funder>
                <funder><orgName ref="http://viaf.org/viaf/127396206" xml:id="tu">Temple
                        University</orgName></funder>
                <sponsor><orgName ref="http://viaf.org/viaf/3653147665869560670009" xml:id="cci"
                        >Drexel University, College of Computing &amp;
                    Informatics</orgName></sponsor>
            </titleStmt>
            <editionStmt>
                <edition n="1.0">Version 1.0, initial release <date when="2023"
                    >2023</date></edition>
            </editionStmt>
            <extent>387 MB; 17,772 XML files in 47 folders </extent>
            <publicationStmt>
                <publisher corresp="kp"><orgName corresp="kp">Nineteenth-Century Knowledge
                        Project</orgName><email>nckp@temple.edu</email><link
                        target="https://tu-plogan.github.io/index.html"/></publisher>
                <availability status="free">
                    <p>Licensed under a Creative Commons Attribution 4.0 International License.</p>
                    <licence target="https://creativecommons.org/licenses/by/4.0/"> CC BY 4.0
                    </licence>
                </availability>
                <date when="2020">2023</date>
            </publicationStmt>
            <seriesStmt>
                <title level="s">Encyclopaedia Britannica: A machine-readable text
                    transcription</title>
                <editor corresp="pml">Peter Melville Logan</editor>
            </seriesStmt>
            <sourceDesc>
                <biblFull xml:lang="en">
                    <titleStmt>
                        <title level="m">Encyclopaedia Britannica</title>
                        <editor><persName ref="http://viaf.org/viaf/12465694" xml:id="mn">Baynes, T.
                                Spencer (Thomas Spencer), <date from="1823" to="1887"
                                    >1823-1887</date></persName></editor>
                    </titleStmt>
                    <editionStmt>
                        <edition>Ninth Edition</edition>
                    </editionStmt>
                    <extent><measure quantity="25" unit="vol">25 volumes</measure></extent>
                    <publicationStmt>
                        <publisher>Charles Scribner's Sons</publisher>
                        <authority>Authorized reprint from Edinburgh plates</authority>
                        <pubPlace>New York</pubPlace>
                        <date from="1875" to="1889">1875-1889</date>
                    </publicationStmt>
                    <sourceDesc>
                        <bibl xml:id="ia-uc"><title>Encyclopaedia Britannica: a dictionary of arts,
                                sciences, and general literature</title><publisher><orgName
                                    ref="https://archive.org/">Internet Archive</orgName><orgName
                                    ref="https://archive.org/details/cdl">University of California
                                    Libraries, California Digital Library</orgName></publisher><date
                                when="2019">2006</date><idno type="OCLC">592355607</idno><idno
                                type="ark">13960/t0ks6j612</idno><availability>
                                <p>Internet Archive: NOT_IN_COPYRIGHT</p>
                            </availability></bibl>
                    </sourceDesc>
                </biblFull>
                <listBibl>
                    <head>Alternate image sources for this edition:</head>
                    <desc>Alternate images of the same print editions were substituted when the
                        primary source had unusable images for those pages.</desc>
                    <bibl xml:id="um-ht">Hathi Trust, from print source at the University of
                        Michigan: vol. 14, pp. 34-35; vol. 15, pp. 170-171.</bibl>
                </listBibl>
            </sourceDesc>
        </fileDesc>
        <encodingDesc>
            <editorialDecl>
                <correction method="markup" status="low">
                    <p>This electronic text file was created by optical character recognition (OCR).
                        OCR errors have not been corrected.</p>
                    <p>Illegible text in the original is indicated using <gi>unclear</gi> or
                            <gi>gap</gi>, as appropriate. If corrected, the reference source is
                        indicated with <gi>supplied</gi>.</p>
                </correction>
                <normalization method="silent">
                    <p>Original spelling is preserved. When noticed, obvious misspellings are
                        combined with the correct spelling as <gi>choice</gi> in the TEI. Ligatures
                        are reproduced as multiple letters. Original footnote and marginal note
                        sigla are replaced with sequential numbers for each entry.</p>
                </normalization>
                <punctuation marks="some">
                    <p>Extra space around punctuation marks is removed.</p>
                </punctuation>
                <quotation marks="some">
                    <p>Quotation marks are retained as content in the text. Redundant open quotation
                        marks at the start of lines inside block quotes are silently removed.</p>
                </quotation>
                <hyphenation eol="hard">
                    <p>Soft hyphens are removed silently.</p>
                </hyphenation>
                <segmentation>
                    <p>The <tag>div type="entry"</tag> element divides the text into individual
                        entries.</p>
                    <p>The <tag>div type="section"</tag> and <tag>div type="subsection"</tag>
                        elements are reserved for future entry subsections.</p>
                </segmentation>
                <ab><list>
                        <item>Encoding uses the recommendations for Level 3 of the TEI in Libraries
                            Guidelines.</item>
                        <item>Individual entries and page-breaks are encoded, but column breaks are
                            omitted.</item>
                        <item>Running headers and side descriptions are not included.</item>
                        <item>Some font formatting is preserved: italic, small caps, strike-through,
                            subscript, superscript, underline. The following formatting is ignored:
                            bold, font size, typeface.</item>
                    </list></ab>
            </editorialDecl>
            <tagsDecl>
                <namespace name="http://www.tei-c.org/ns/1.0">
                    <tagUsage gi="div">Unnumbered divs used.</tagUsage>
                </namespace>
            </tagsDecl>
            <projectDesc>
                <p>All text was encoded for the Nineteenth-Century Knowledge Project to provide a
                    machine-readable edition of the Encyclopedia Britannica to analyze.</p>
                <p>Subject-level metadata was added to each entry using the HIVE automated
                    vocabulary server created by the Metadata Research Center at Drexel University
                        (<link target="https://hive2.cci.drexel.edu"
                    />https://hive2.cci.drexel.edu).</p>
            </projectDesc>
            <samplingDecl>
                <p>The first release is a reproduction of text matter for all entries. It does not
                    include images, tables, formulae, front- or back-matter. It omits volume 1,
                    which consists of "Dissertations" rather than entries.</p>
            </samplingDecl>
            <listPrefixDef>
                <prefixDef ident="fast" matchPattern="(\d+)"
                    replacementPattern="http://id.worldcat.org/fast/$1">
                    <p>URIs with the prefix <code>fast:</code> point to terms in the OCLC FAST
                        (Faceted Application of Subject Terminology) subject heading schema derived
                        from the Library of Congress Subject Headings (LCSH).</p>
                </prefixDef>
                <prefixDef ident="lcsh1910" matchPattern="(\w+)"
                    replacementPattern="https://n2t.net/ark:/99152/$1">
                    <p>URIs with the prefix <code>lcsh1910:</code> point to subject terms in the
                        volume <hi rend="italic">Subject Headings Used in the Dictionary Catalogues
                            of the Library of Congress</hi>, 7 vols., Library of Congress, 1910.</p>
                </prefixDef>
                <prefixDef ident="ht" matchPattern="([\w\-\.;=\&#34;&amp;]+)"
                    replacementPattern="https://babel.hathitrust.org/cgi/pt?id=$1">
                    <p>URIs with the prefix <code>ht:</code> point to page images in the Hathi
                        Trust.</p>
                </prefixDef>
                <prefixDef ident="ia" matchPattern="(\w+)"
                    replacementPattern="https://archive.org/details/$1">
                    <p>URIs with the prefix <code>ia:</code> point to page images in the Internet
                        Archive.</p>
                </prefixDef>
                <prefixDef ident="nls" matchPattern="([\w?\=]+)"
                    replacementPattern="https://digital.nls.uk/encyclopaedia-britannica/archive/$1">
                    <p>URIs with the prefix <code>nls:</code> point to page images in the National
                        Library of Scotland.</p>
                </prefixDef>
            </listPrefixDef>
        </encodingDesc>
        <profileDesc>
            <textClass>
                <keywords scheme="https://id.cci.drexel.edu/">
                    <term ref="lcsh1910:b45m62b4v">Germans</term>
                    <term ref="lcsh1910:b4h41jp12">Prayer</term>
                    <term ref="lcsh1910:b4s756s76">Prayers</term>
                    <term ref="lcsh1910:b4g44hs3s">Culture</term>
                    <term ref="lcsh1910:b4gf0n262">Periodicals</term>
                    <term ref="lcsh1910:b4kh0f02c">Death</term>
                    <term ref="lcsh1910:b4jw86m8z">Man</term>
                    <term ref="lcsh1910:b45x25g11">Dialects</term>
                    <term ref="lcsh1910:b49p2w849">Dialectics</term>
                </keywords>
                <keywords scheme="http://id.worldcat.org/fast/">
                    <term ref="fast:942100">Germans</term>
                    <term ref="fast:942099">Germanization</term>
                    <term ref="fast:958978">Holsteiners</term>
                    <term ref="fast:910709">English</term>
                    <term ref="fast:1074680">Prayer</term>
                    <term ref="fast:1058072">Periodicals</term>
                    <term ref="fast:888613">Death</term>
                    <term ref="fast:892462">Dialectic</term>
                    <term ref="fast:1106878">Scholars</term>
                    <term ref="fast:1182566">Year</term>
                </keywords>
            </textClass>
        </profileDesc>
        <revisionDesc status="published">
            <change status="public" when="2023-02-28" who="#pml">v.1 published</change>
            <change status="public" when="2023-02-27" who="#pml">v.1 teiHeader XSL finished</change>
        </revisionDesc>
    </teiHeader>
    <text>
        <body>
            <div facs="ia:encyclopediabrit01newyrich/page/n166/mode/1up" type="entry">
                <p><label type="entry">ADELUNG, <hi rend="smallcaps">Johann Christoph</hi></label>,
                    a very eminent German grammarian, philologist, and general scholar, was born at
                    Spantekow, in Pomerania, on the 8th August 1732, and educated at the public
                    schools of Anclam and Closter-bergen, and the university of Halle. In the year
                    1759 he was appointed professor at the gymnasium of Erfurt, but relinquished
                    this situation two years after, and went to reside in a private capacity at
                    Leipsic, where he continued to devote himself for a long period to the
                    cultivation of letters, and particularly to those extensive and laborious
                    philological researches which proved so useful to the language and literature of
                    his native country. In 1787 he received the appointment of principal librarian
                    to the elector of Saxony at Dresden, with the honorary title of Aulic
                    Counsellor. Here he continued to reside during the remainder of his life,
                    discharging with diligence and integrity the duties of his situation, and
                    prosecuting his laborious studies to the last with indefatigable industry and
                    unabated zeal. Possessing a naturally robust constitution, he was able to
                    devote, it has been said, fourteen hours daily to literary toil, down even to
                    the period of his death. He died at Dresden on the 10th of September 1806. The
                    life of a mere scholar is generally destitute of interest; and that of Adelung,
                    which was spent entirely in literary seclusion, presents no variety of incident
                    to tho pen of the biographer. Of his private character and habits few memorials
                    have been preserved, but in these few he is represented as the man of an amiable
                    disposition. He was a lover of good cheer, and spared neither pains nor expense
                    in procuring a variety of foreign wines, of which his cellar, which he
                    facetiously denominated his <hi rend="italic">Bibliotheca Selectissima,</hi> is
                    said to have contained no less than forty different kinds. His manners were easy
                    and affable, and the habitual cheerfulness of his disposition rendered his
                    society most acceptable to a numerous circle of friends. The writings of Adelung
                    are very voluminous, and there is not one of them, perhaps, which does not
                    exhibit some proofs of the genius, industry, and erudition of the author. But
                    although his pen was usefully employed upon a variety of subjects in different
                    departments of literature and science, it is to his philological labours that he
                    is principally indebted for his great reputation; and no man ever devoted
                    himself with more zeal and assiduity, or with greater success, to the
                    improvement of his native language. In a country subdivided into so many
                    distinct sovereign states, possessing no common political centre, and no
                    national institution whose authority could command deference in matters of
                    taste,—in a country whose indigenous literature was but of recent growth, and
                    where the dialect <pb break="no"
                        facs="ia:encyclopediabrit01newyrich/page/n167/mode/1up"
                        xml:id="kp-eb0901-0167-0152"/> of the people was held in contempt at the
                    several courts, it was no easy task for a single writer to undertake to fix the
                    standard of a language which had branched out into a variety of idioms,
                    depending in a great measure upon principles altogether arbitrary. Adelung
                    effected as much in this respect as could well be accomplished by the
                    persevering labours of an individual. By means of his excellent grammars,
                    dictionary, and various works on German style, he contributed greatly towards
                    rectifying the orthography, refining the idiom, and fixing the standard of his
                    native tongue.<note anchored="true" place="bottom" type="authorial"><p>The
                            period in which High German as a written language approached nearest
                            perfection is, according to him, the short interval between 1740 and
                            1760.</p></note> Of all the different dialects he gave a decided
                    preference to that of the margraviate of Misnia, in Upper Saxony, and positively
                    rejected everything that was contrary to the phraseology in use among the best
                    society of that province, and in the writings of those authors whom it had
                    produced. In adopting this narrow principle he is generally thought to have been
                    too fastidious. The dialect of Misnia was undoubtedly the richest, as it was the
                    earliest cultivated of any in Germany; but Adelung probably went too far in
                    restraining the language within the limits of this single idiom, to the
                    exclusion of others from which it might have, and really has, acquired
                    additional richness, flexibility, and force. His German dictionary has been
                    generally regarded as superior to the English one of Johnson, and certainly far
                    surpasses it in etymology. Indeed, the patient spirit of investigation which
                    Adelung possessed in so remarkable a degree, together with his intimate
                    knowledge of the ancient history and progressive revolutions of the different
                    dialects on which the modern German is based, peculiarly qualified him for the
                    duties of a lexicographer. No man before Jacob Grimm did so much for the
                    language of Germany. Shortly before his death he issued the very learned work,
                    at which he had been labouring quietly for years, entitled <hi rend="italic"
                        >Mithridates; or, a General History of Languages, with the Lord’s Prayer, as
                        a specimen, in nearly five hundred languages and dialects.</hi> The hint of
                    this work appears to have been taken from a publication, with a similar title,
                    published by the celebrated Conrad Gesner in 1555; but the plan of Adelung is
                    much more extensive. Unfortunately he did not live to finish what he had
                    undertaken. The first volume, which contains the Asiatic languages, was
                    published immediately after his death; the other three were issued under the
                    superintendence of Professor Vater (1809-17). Of the very numerous works by
                    Adelung, in addition to translations, the following are of greatest importance
                    :—</p>
                <p><hi rend="italic">Geschichte der Streitigkeiten zwischen Dänemark und den
                        Herzogen von Holstein-Gottorp.</hi> Frankf., Leipsic, 1762, 4to.— <hi
                        rend="italic">Pragmatische Staatsgeschichte Europens von dem Ableben Kaiser
                        Karls des 6 <hi rend="superscript"> ten</hi> an.</hi> Vols. i.-ix. Gotha,
                    1762-9, 4to.— <hi rend="italic">Mineralogische Belustigungen.</hi> Vols. i.-vi.
                    Copenhagen and Leipsic, 1767-71, 8vo.— <hi rend="italic">Glossarium Manuale ad
                        Scriptores mediae et infimae Latinitatis, ex magnis Glossariis Caroli du
                        Fresne Domini Ducange et Carpentarii, in compendium redactum.</hi> Tomi vi.
                    Halle, 1772-84. — <hi rend="italic">Versuch eines vollständigen
                        grammatisch-kritischen Wörterbuchs der Hoch Teutschen Mundart.</hi> 1774-86,
                    5 vols. 4to.— <hi rend="italic">Ueber die Geschichte der Deutschen Sprache, über
                        Teutsche Mundarten und Deutsche Sprachlehre.</hi> Leipsic, 1781, 8vo.— <hi
                        rend="italic">Ueber den Ursprung der Sprache und den Bau der Wörter.
                        Ibid.</hi> 1781, 8vo.— <hi rend="italic">Deutsche Sprachlehre, zum Gebrauch
                        der Schulen in den Königl. Preuss. Landen.</hi> Berlin, 1781. — <hi
                        rend="italic">Lehrgebäude der Deutschen Sprache.— Versuch einer Geschichte
                        der Cultur des Menschlichen Geschlechts.</hi> 1782, 8vo.— <hi rend="italic"
                        >Beyträge zur Bürgerlichen Gcschichtc, zur Geschichte der Cultur, zur
                        Naturgeschichte, Naturlchrc, und dem Feldbaue.</hi> Leipsic, 1783, 8vo.— <hi
                        rend="italic">Fortsetzung und Ergänzungen zu Christ. Gottl. Jöchers
                        allgemeinem Gelehrten Lexico.</hi> Leipsic, 1784, 2 vols. 4to. — <hi
                        rend="italic">Ueber den Deutschen Styl.</hi> Berlin, 1785, 3 vols. 8vo.— <hi
                        rend="italic">Vollständige Anweisung zur Deutschen Orthographie.</hi>
                    Leipsic, 1786, 2 vols.— <hi rend="italic">Auszug aus dem Grammatisch-kritischen
                        Wörterbuch der Hohen Deutschen Mundart.</hi> Leipsic, 1793, 1 vol.; 1795, 2
                    vols. 8vo.— <hi rend="italic">Mithridates, oder Allgemeine Sprachenkunde.</hi> 3
                    vols. Berlin, 1806-1812.</p>
            </div>
        </body>
    </text>
</TEI>
