<?xml version="1.0" encoding="utf-8"?><?xml-model  href="https://TU-plogan.github.io/code/odd/tei_kp1.rng" type="application/xml" schematypens="http://relaxng.org/ns/structure/1.0"?>
<TEI xmlns="http://www.tei-c.org/ns/1.0" xml:id="kp-eb0901-0192-0177-03" xml:lang="en">
    <teiHeader>
        <fileDesc>
            <titleStmt xml:id="eb07_v1.0">
                <title level="a" type="main">ADVERTISEMENT (9th edition, volume 1, page 177)</title>
                <title level="m" type="main">Encyclopaedia Britannica, 9th edition</title>
                <title level="m" type="sub">A machine-readable transcription</title>
                <editor>Edited by <persName ref="https://orcid.org/0000-0003-2362-8282"
                        role="editor" xml:id="pml">Peter Melville Logan</persName></editor>
                <respStmt>
                    <orgName xml:id="kp">Nineteenth-Century Knowledge Project Staff,
                            <affiliation>Temple University</affiliation></orgName>
                    <resp>OCR transcription and data management</resp>
                </respStmt>
                <respStmt>
                    <persName ref="https://orcid.org/0000-0001-7819-5360" xml:id="jg">Jane
                        Greenberg, <affiliation>Metadata Research Center, Drexel
                            University</affiliation></persName>
                    <resp>metadata development</resp>
                </respStmt>
                <respStmt>
                    <persName xml:id="dk">Don Kretz, <affiliation>Distributed
                            Proofreading</affiliation></persName>
                    <resp>data management</resp>
                </respStmt>
                <funder><orgName ref="http://viaf.org/viaf/137796012" xml:id="neh">National
                        Endowment for the Humanities</orgName></funder>
                <funder><orgName ref="http://viaf.org/viaf/121974598" xml:id="imls">Institute of
                        Museum and Library Services</orgName></funder>
                <funder><orgName ref="http://viaf.org/viaf/127396206" xml:id="tu">Temple
                        University</orgName></funder>
                <sponsor><orgName ref="http://viaf.org/viaf/3653147665869560670009" xml:id="cci"
                        >Drexel University, College of Computing &amp;
                    Informatics</orgName></sponsor>
            </titleStmt>
            <editionStmt>
                <edition n="1.0">Version 1.0, initial release <date when="2023"
                    >2023</date></edition>
            </editionStmt>
            <extent>387 MB; 17,772 XML files in 47 folders </extent>
            <publicationStmt>
                <publisher corresp="kp"><orgName corresp="kp">Nineteenth-Century Knowledge
                        Project</orgName><email>nckp@temple.edu</email><link
                        target="https://tu-plogan.github.io/index.html"/></publisher>
                <availability status="free">
                    <p>Licensed under a Creative Commons Attribution 4.0 International License.</p>
                    <licence target="https://creativecommons.org/licenses/by/4.0/"> CC BY 4.0
                    </licence>
                </availability>
                <date when="2020">2023</date>
            </publicationStmt>
            <seriesStmt>
                <title level="s">Encyclopaedia Britannica: A machine-readable text
                    transcription</title>
                <editor corresp="pml">Peter Melville Logan</editor>
            </seriesStmt>
            <sourceDesc>
                <biblFull xml:lang="en">
                    <titleStmt>
                        <title level="m">Encyclopaedia Britannica</title>
                        <editor><persName ref="http://viaf.org/viaf/12465694" xml:id="mn">Baynes, T.
                                Spencer (Thomas Spencer), <date from="1823" to="1887"
                                    >1823-1887</date></persName></editor>
                    </titleStmt>
                    <editionStmt>
                        <edition>Ninth Edition</edition>
                    </editionStmt>
                    <extent><measure quantity="25" unit="vol">25 volumes</measure></extent>
                    <publicationStmt>
                        <publisher>Charles Scribner's Sons</publisher>
                        <authority>Authorized reprint from Edinburgh plates</authority>
                        <pubPlace>New York</pubPlace>
                        <date from="1875" to="1889">1875-1889</date>
                    </publicationStmt>
                    <sourceDesc>
                        <bibl xml:id="ia-uc"><title>Encyclopaedia Britannica: a dictionary of arts,
                                sciences, and general literature</title><publisher><orgName
                                    ref="https://archive.org/">Internet Archive</orgName><orgName
                                    ref="https://archive.org/details/cdl">University of California
                                    Libraries, California Digital Library</orgName></publisher><date
                                when="2019">2006</date><idno type="OCLC">592355607</idno><idno
                                type="ark">13960/t0ks6j612</idno><availability>
                                <p>Internet Archive: NOT_IN_COPYRIGHT</p>
                            </availability></bibl>
                    </sourceDesc>
                </biblFull>
                <listBibl>
                    <head>Alternate image sources for this edition:</head>
                    <desc>Alternate images of the same print editions were substituted when the
                        primary source had unusable images for those pages.</desc>
                    <bibl xml:id="um-ht">Hathi Trust, from print source at the University of
                        Michigan: vol. 14, pp. 34-35; vol. 15, pp. 170-171.</bibl>
                </listBibl>
            </sourceDesc>
        </fileDesc>
        <encodingDesc>
            <editorialDecl>
                <correction method="markup" status="low">
                    <p>This electronic text file was created by optical character recognition (OCR).
                        OCR errors have not been corrected.</p>
                    <p>Illegible text in the original is indicated using <gi>unclear</gi> or
                            <gi>gap</gi>, as appropriate. If corrected, the reference source is
                        indicated with <gi>supplied</gi>.</p>
                </correction>
                <normalization method="silent">
                    <p>Original spelling is preserved. When noticed, obvious misspellings are
                        combined with the correct spelling as <gi>choice</gi> in the TEI. Ligatures
                        are reproduced as multiple letters. Original footnote and marginal note
                        sigla are replaced with sequential numbers for each entry.</p>
                </normalization>
                <punctuation marks="some">
                    <p>Extra space around punctuation marks is removed.</p>
                </punctuation>
                <quotation marks="some">
                    <p>Quotation marks are retained as content in the text. Redundant open quotation
                        marks at the start of lines inside block quotes are silently removed.</p>
                </quotation>
                <hyphenation eol="hard">
                    <p>Soft hyphens are removed silently.</p>
                </hyphenation>
                <segmentation>
                    <p>The <tag>div type="entry"</tag> element divides the text into individual
                        entries.</p>
                    <p>The <tag>div type="section"</tag> and <tag>div type="subsection"</tag>
                        elements are reserved for future entry subsections.</p>
                </segmentation>
                <ab><list>
                        <item>Encoding uses the recommendations for Level 3 of the TEI in Libraries
                            Guidelines.</item>
                        <item>Individual entries and page-breaks are encoded, but column breaks are
                            omitted.</item>
                        <item>Running headers and side descriptions are not included.</item>
                        <item>Some font formatting is preserved: italic, small caps, strike-through,
                            subscript, superscript, underline. The following formatting is ignored:
                            bold, font size, typeface.</item>
                    </list></ab>
            </editorialDecl>
            <tagsDecl>
                <namespace name="http://www.tei-c.org/ns/1.0">
                    <tagUsage gi="div">Unnumbered divs used.</tagUsage>
                </namespace>
            </tagsDecl>
            <projectDesc>
                <p>All text was encoded for the Nineteenth-Century Knowledge Project to provide a
                    machine-readable edition of the Encyclopedia Britannica to analyze.</p>
                <p>Subject-level metadata was added to each entry using the HIVE automated
                    vocabulary server created by the Metadata Research Center at Drexel University
                        (<link target="https://hive2.cci.drexel.edu"
                    />https://hive2.cci.drexel.edu).</p>
            </projectDesc>
            <samplingDecl>
                <p>The first release is a reproduction of text matter for all entries. It does not
                    include images, tables, formulae, front- or back-matter. It omits volume 1,
                    which consists of "Dissertations" rather than entries.</p>
            </samplingDecl>
            <listPrefixDef>
                <prefixDef ident="fast" matchPattern="(\d+)"
                    replacementPattern="http://id.worldcat.org/fast/$1">
                    <p>URIs with the prefix <code>fast:</code> point to terms in the OCLC FAST
                        (Faceted Application of Subject Terminology) subject heading schema derived
                        from the Library of Congress Subject Headings (LCSH).</p>
                </prefixDef>
                <prefixDef ident="lcsh1910" matchPattern="(\w+)"
                    replacementPattern="https://n2t.net/ark:/99152/$1">
                    <p>URIs with the prefix <code>lcsh1910:</code> point to subject terms in the
                        volume <hi rend="italic">Subject Headings Used in the Dictionary Catalogues
                            of the Library of Congress</hi>, 7 vols., Library of Congress, 1910.</p>
                </prefixDef>
                <prefixDef ident="ht" matchPattern="([\w\-\.;=\&#34;&amp;]+)"
                    replacementPattern="https://babel.hathitrust.org/cgi/pt?id=$1">
                    <p>URIs with the prefix <code>ht:</code> point to page images in the Hathi
                        Trust.</p>
                </prefixDef>
                <prefixDef ident="ia" matchPattern="(\w+)"
                    replacementPattern="https://archive.org/details/$1">
                    <p>URIs with the prefix <code>ia:</code> point to page images in the Internet
                        Archive.</p>
                </prefixDef>
                <prefixDef ident="nls" matchPattern="([\w?\=]+)"
                    replacementPattern="https://digital.nls.uk/encyclopaedia-britannica/archive/$1">
                    <p>URIs with the prefix <code>nls:</code> point to page images in the National
                        Library of Scotland.</p>
                </prefixDef>
            </listPrefixDef>
        </encodingDesc>
        <profileDesc>
            <textClass>
                <keywords scheme="https://id.cci.drexel.edu/">
                    <term ref="lcsh1910:b44f1ms2d">Reviews</term>
                    <term ref="lcsh1910:b4ww7751w">Press</term>
                    <term ref="lcsh1910:b4zp3w744">Progress</term>
                    <term ref="lcsh1910:b4q23r724">Presents</term>
                    <term ref="lcsh1910:b4b27pq8k">Numbers</term>
                    <term ref="lcsh1910:b43n20g03">Cent</term>
                    <term ref="lcsh1910:b4xd0r05m">Sale</term>
                    <term ref="lcsh1910:b4jw86v3p">Sales</term>
                </keywords>
                <keywords scheme="http://id.worldcat.org/fast/">
                    <term ref="fast:1075837">Press</term>
                    <term ref="fast:934209">French</term>
                    <term ref="fast:1078723">Progress</term>
                    <term ref="fast:850620">Cent</term>
                    <term ref="fast:1103801">Sales</term>
                    <term ref="fast:1136568">Subjectivity</term>
                    <term ref="fast:933281">Founding</term>
                </keywords>
                <keywords scheme="http://id.worldcat.org/fast/">
                    <term ref="fast:1205427">Ireland</term>
                    <term ref="fast:1219920">England</term>
                    <term ref="fast:1206715">Scotland</term>
                </keywords>
            </textClass>
        </profileDesc>
        <revisionDesc status="published">
            <change status="public" when="2023-02-28" who="#pml">v.1 published</change>
            <change status="public" when="2023-02-27" who="#pml">v.1 teiHeader XSL finished</change>
        </revisionDesc>
    </teiHeader>
    <text>
        <body>
            <div facs="ia:encyclopediabrit01newyrich/page/n192/mode/1up" type="entry">
                <p><label type="entry">ADVERTISEMENT</label> (from the French <hi rend="italic"
                        >avertissement,</hi> a giving notice, or announcement) denotes in a general
                    sense any information publicly communicated through the press or otherwise. It
                    is the profit derived from advertisements that supports the larger number of
                    newspapers. While some of these drag out a sickly existence, others derive a
                    large revenue from this source. The duty upon advertisements (which existed in
                        Britain<note anchored="true" place="bottom" type="authorial"><p>There is no
                            duty on advertisements in the United States, Germany, or France. In
                            France, however, there is a duty of 10 per cent. on the raw paper, and a
                            further duty of 20 per cent. on all newspapers printed.</p></note>
                    previous to 1853) was not unjustly branded as a tax upon knowledge. It was
                    certainly very unequal and oppressive, being the same upon the sale of an estate
                    worth £100,000 as on a servant’s notice wanting a place, upon an advertisement
                    of a sixpenny <pb break="no"
                        facs="ia:encyclopediabrit01newyrich/page/n193/mode/1up"
                        xml:id="kp-eb0901-0193-0178"/> pamphlet and an expensive book. Previous to
                    1833 the duty on each advertisement was 3s. Gd. in Great Britain, and 2s. 6d. in
                    Ireland; in that year it was reduced to 1. 6d. in Great Britain, and 1s. in
                    Ireland. In 1832 (the last year of the high duty) the total number of newspaper
                    advertisements in the U. K. was 921,943: viz., 787,649 in England, 108,914 in
                    Scotland, and 125,380 in Ireland; the amount of duty paid in that year being
                    £172,570. In 1841 the number of advertisements had increased to 1,778,957: viz.,
                    1,386,625 for England, 188,189 for Scotland, and 204,143 for Ireland; and the
                    total duty paid amounted to £128,318. In 1851 the amount of duty rose to
                    £175,094, 10s. 8d.; being for England £142,365, 3s. 6d.; Scotland, £19,940,
                    11s.; Ireland, £12,788, 16s. 2d. In compliance with the all but unanimous voice
                    of the public, this duty was abolished in 1853; since which time the system of
                    advertising has increased to an unprecedented extent, in consequence of the low
                    rate at which short advertisements are now inserted. To advertise advantageously
                    requires both experience and judgment; without a knowledge of the character aud
                    circulation of the public journals, much expenditure may be wasted by
                    advertising in papers that have either a limited or inappropriate circulation.
                    The sale of some commodities (such as quack medicines) depends almost wholly on
                    advertising, of which it has been said that if the vender has the courage to
                    continue advertising to the extent of £20,000, he will make his fortune by a
                    drug thoroughly worthless. Advertising often falls disproportionately on books,
                    as it is necessary that new publications should be freely advertised. On small
                    low-priced books the expense is particularly heavy, an advertisement of a one
                    shilling book costing as much as one selling at twenty shillings. From this, and
                    their generally ephemeral character, it may be said that ninety-nine out of a
                    hundred pamphlets are published at a loss.</p>
                <p>Interesting information on the subject of advertisements will be found in an
                    article in the <hi rend="italic">Edinburgh Review</hi> for 1st Feb. 1843, “On
                    the Advertising System,” and in the <hi rend="italic">Quarterly Review</hi> for
                    June 1855, “On the Rise and Progress of Advertisements, from the establishment
                    of the Newspaper Press of this Country till the Present Time.” In the latter
                    article it is stated that the first advertisement occurs in the <hi
                        rend="italic">Mercurius Politicus</hi> for Jan. 1652, the subject of the
                    advertisement being a heroic poem of congratulation on Cromwell’s victories in
                    Ireland. A writer in <hi rend="italic">Notes and Queries</hi> for July 6, 1872,
                    has found two examples of advertisements previous to that date, which occur in
                    the <hi rend="italic">Mercurius</hi><hi rend="italic">Elencticus</hi> of Oct.
                    1648. See also <hi rend="italic">The Newspaper Press,</hi> by James Grant (2
                    vols., 1871), and the article <hi rend="smallcaps">Newspapers.</hi></p>
            </div>
        </body>
    </text>
</TEI>
