<?xml version="1.0" encoding="utf-8"?><?xml-model  href="https://TU-plogan.github.io/code/odd/tei_kp1.rng" type="application/xml" schematypens="http://relaxng.org/ns/structure/1.0"?>
<TEI xmlns="http://www.tei-c.org/ns/1.0" xml:id="kp-eb0901-0453-0418-03" xml:lang="en">
    <teiHeader>
        <fileDesc>
            <titleStmt xml:id="eb07_v1.0">
                <title level="a" type="main">AGRIPPA, Henry Cornelius (von Nettesheim) (9th edition,
                    volume 1, page 418)</title>
                <title level="m" type="main">Encyclopaedia Britannica, 9th edition</title>
                <title level="m" type="sub">A machine-readable transcription</title>
                <editor>Edited by <persName ref="https://orcid.org/0000-0003-2362-8282"
                        role="editor" xml:id="pml">Peter Melville Logan</persName></editor>
                <respStmt>
                    <orgName xml:id="kp">Nineteenth-Century Knowledge Project Staff,
                            <affiliation>Temple University</affiliation></orgName>
                    <resp>OCR transcription and data management</resp>
                </respStmt>
                <respStmt>
                    <persName ref="https://orcid.org/0000-0001-7819-5360" xml:id="jg">Jane
                        Greenberg, <affiliation>Metadata Research Center, Drexel
                            University</affiliation></persName>
                    <resp>metadata development</resp>
                </respStmt>
                <respStmt>
                    <persName xml:id="dk">Don Kretz, <affiliation>Distributed
                            Proofreading</affiliation></persName>
                    <resp>data management</resp>
                </respStmt>
                <funder><orgName ref="http://viaf.org/viaf/137796012" xml:id="neh">National
                        Endowment for the Humanities</orgName></funder>
                <funder><orgName ref="http://viaf.org/viaf/121974598" xml:id="imls">Institute of
                        Museum and Library Services</orgName></funder>
                <funder><orgName ref="http://viaf.org/viaf/127396206" xml:id="tu">Temple
                        University</orgName></funder>
                <sponsor><orgName ref="http://viaf.org/viaf/3653147665869560670009" xml:id="cci"
                        >Drexel University, College of Computing &amp;
                    Informatics</orgName></sponsor>
            </titleStmt>
            <editionStmt>
                <edition n="1.0">Version 1.0, initial release <date when="2023"
                    >2023</date></edition>
            </editionStmt>
            <extent>387 MB; 17,772 XML files in 47 folders </extent>
            <publicationStmt>
                <publisher corresp="kp"><orgName corresp="kp">Nineteenth-Century Knowledge
                        Project</orgName><email>nckp@temple.edu</email><link
                        target="https://tu-plogan.github.io/index.html"/></publisher>
                <availability status="free">
                    <p>Licensed under a Creative Commons Attribution 4.0 International License.</p>
                    <licence target="https://creativecommons.org/licenses/by/4.0/"> CC BY 4.0
                    </licence>
                </availability>
                <date when="2020">2023</date>
            </publicationStmt>
            <seriesStmt>
                <title level="s">Encyclopaedia Britannica: A machine-readable text
                    transcription</title>
                <editor corresp="pml">Peter Melville Logan</editor>
            </seriesStmt>
            <sourceDesc>
                <biblFull xml:lang="en">
                    <titleStmt>
                        <title level="m">Encyclopaedia Britannica</title>
                        <editor><persName ref="http://viaf.org/viaf/12465694" xml:id="mn">Baynes, T.
                                Spencer (Thomas Spencer), <date from="1823" to="1887"
                                    >1823-1887</date></persName></editor>
                    </titleStmt>
                    <editionStmt>
                        <edition>Ninth Edition</edition>
                    </editionStmt>
                    <extent><measure quantity="25" unit="vol">25 volumes</measure></extent>
                    <publicationStmt>
                        <publisher>Charles Scribner's Sons</publisher>
                        <authority>Authorized reprint from Edinburgh plates</authority>
                        <pubPlace>New York</pubPlace>
                        <date from="1875" to="1889">1875-1889</date>
                    </publicationStmt>
                    <sourceDesc>
                        <bibl xml:id="ia-uc"><title>Encyclopaedia Britannica: a dictionary of arts,
                                sciences, and general literature</title><publisher><orgName
                                    ref="https://archive.org/">Internet Archive</orgName><orgName
                                    ref="https://archive.org/details/cdl">University of California
                                    Libraries, California Digital Library</orgName></publisher><date
                                when="2019">2006</date><idno type="OCLC">592355607</idno><idno
                                type="ark">13960/t0ks6j612</idno><availability>
                                <p>Internet Archive: NOT_IN_COPYRIGHT</p>
                            </availability></bibl>
                    </sourceDesc>
                </biblFull>
                <listBibl>
                    <head>Alternate image sources for this edition:</head>
                    <desc>Alternate images of the same print editions were substituted when the
                        primary source had unusable images for those pages.</desc>
                    <bibl xml:id="um-ht">Hathi Trust, from print source at the University of
                        Michigan: vol. 14, pp. 34-35; vol. 15, pp. 170-171.</bibl>
                </listBibl>
            </sourceDesc>
        </fileDesc>
        <encodingDesc>
            <editorialDecl>
                <correction method="markup" status="low">
                    <p>This electronic text file was created by optical character recognition (OCR).
                        OCR errors have not been corrected.</p>
                    <p>Illegible text in the original is indicated using <gi>unclear</gi> or
                            <gi>gap</gi>, as appropriate. If corrected, the reference source is
                        indicated with <gi>supplied</gi>.</p>
                </correction>
                <normalization method="silent">
                    <p>Original spelling is preserved. When noticed, obvious misspellings are
                        combined with the correct spelling as <gi>choice</gi> in the TEI. Ligatures
                        are reproduced as multiple letters. Original footnote and marginal note
                        sigla are replaced with sequential numbers for each entry.</p>
                </normalization>
                <punctuation marks="some">
                    <p>Extra space around punctuation marks is removed.</p>
                </punctuation>
                <quotation marks="some">
                    <p>Quotation marks are retained as content in the text. Redundant open quotation
                        marks at the start of lines inside block quotes are silently removed.</p>
                </quotation>
                <hyphenation eol="hard">
                    <p>Soft hyphens are removed silently.</p>
                </hyphenation>
                <segmentation>
                    <p>The <tag>div type="entry"</tag> element divides the text into individual
                        entries.</p>
                    <p>The <tag>div type="section"</tag> and <tag>div type="subsection"</tag>
                        elements are reserved for future entry subsections.</p>
                </segmentation>
                <ab><list>
                        <item>Encoding uses the recommendations for Level 3 of the TEI in Libraries
                            Guidelines.</item>
                        <item>Individual entries and page-breaks are encoded, but column breaks are
                            omitted.</item>
                        <item>Running headers and side descriptions are not included.</item>
                        <item>Some font formatting is preserved: italic, small caps, strike-through,
                            subscript, superscript, underline. The following formatting is ignored:
                            bold, font size, typeface.</item>
                    </list></ab>
            </editorialDecl>
            <tagsDecl>
                <namespace name="http://www.tei-c.org/ns/1.0">
                    <tagUsage gi="div">Unnumbered divs used.</tagUsage>
                </namespace>
            </tagsDecl>
            <projectDesc>
                <p>All text was encoded for the Nineteenth-Century Knowledge Project to provide a
                    machine-readable edition of the Encyclopedia Britannica to analyze.</p>
                <p>Subject-level metadata was added to each entry using the HIVE automated
                    vocabulary server created by the Metadata Research Center at Drexel University
                        (<link target="https://hive2.cci.drexel.edu"
                    />https://hive2.cci.drexel.edu).</p>
            </projectDesc>
            <samplingDecl>
                <p>The first release is a reproduction of text matter for all entries. It does not
                    include images, tables, formulae, front- or back-matter. It omits volume 1,
                    which consists of "Dissertations" rather than entries.</p>
            </samplingDecl>
            <listPrefixDef>
                <prefixDef ident="fast" matchPattern="(\d+)"
                    replacementPattern="http://id.worldcat.org/fast/$1">
                    <p>URIs with the prefix <code>fast:</code> point to terms in the OCLC FAST
                        (Faceted Application of Subject Terminology) subject heading schema derived
                        from the Library of Congress Subject Headings (LCSH).</p>
                </prefixDef>
                <prefixDef ident="lcsh1910" matchPattern="(\w+)"
                    replacementPattern="https://n2t.net/ark:/99152/$1">
                    <p>URIs with the prefix <code>lcsh1910:</code> point to subject terms in the
                        volume <hi rend="italic">Subject Headings Used in the Dictionary Catalogues
                            of the Library of Congress</hi>, 7 vols., Library of Congress, 1910.</p>
                </prefixDef>
                <prefixDef ident="ht" matchPattern="([\w\-\.;=\&#34;&amp;]+)"
                    replacementPattern="https://babel.hathitrust.org/cgi/pt?id=$1">
                    <p>URIs with the prefix <code>ht:</code> point to page images in the Hathi
                        Trust.</p>
                </prefixDef>
                <prefixDef ident="ia" matchPattern="(\w+)"
                    replacementPattern="https://archive.org/details/$1">
                    <p>URIs with the prefix <code>ia:</code> point to page images in the Internet
                        Archive.</p>
                </prefixDef>
                <prefixDef ident="nls" matchPattern="([\w?\=]+)"
                    replacementPattern="https://digital.nls.uk/encyclopaedia-britannica/archive/$1">
                    <p>URIs with the prefix <code>nls:</code> point to page images in the National
                        Library of Scotland.</p>
                </prefixDef>
            </listPrefixDef>
        </encodingDesc>
        <profileDesc>
            <textClass>
                <keywords scheme="http://id.worldcat.org/fast/">
                    <term ref="fast:1198505">Life</term>
                    <term ref="fast:1023771">Missions</term>
                    <term ref="fast:1182566">Year</term>
                    <term ref="fast:1025507">Monks</term>
                    <term ref="fast:908898">Emperors</term>
                </keywords>
                <keywords scheme="http://id.worldcat.org/fast/">
                    <term ref="fast:1205401">Switzerland</term>
                </keywords>
                <keywords scheme="https://id.cci.drexel.edu/">
                    <term ref="lcsh1910:b4125q963">Dominicans</term>
                    <term ref="lcsh1910:b42j68511">Life</term>
                    <term ref="lcsh1910:b4gx44x4f">Doctors</term>
                    <term ref="lcsh1910:b4sf2md37">Missions</term>
                    <term ref="lcsh1910:b4pn8xn1j">Monks</term>
                    <term ref="lcsh1910:b4sq8qm4p">Emperors</term>
                </keywords>
            </textClass>
        </profileDesc>
        <revisionDesc status="published">
            <change status="public" when="2023-02-28" who="#pml">v.1 published</change>
            <change status="public" when="2023-02-27" who="#pml">v.1 teiHeader XSL finished</change>
        </revisionDesc>
    </teiHeader>
    <text>
        <body>
            <div facs="ia:encyclopediabrit01newyrich/page/n453/mode/1up" type="entry">
                <p><label type="entry">AGRIPPA, <hi rend="smallcaps">Henry Cornelius (von
                            Nettesheim)</hi></label>, knight, doctor, and by common reputation a
                    magician, was born of a noble family at Cologne on the 14th Sept. 1486. Educated
                    at the university of Cologne, he entered when still very young into the service
                    of the Emperor Maximilian, who sent him on a diplomatic mission to Paris in
                    1506.</p>
                <pb break="no" facs="ia:encyclopediabrit01newyrich/page/n454/mode/1up"
                    xml:id="kp-eb0901-0454-0419"/>
                <p>During the next three years he was engaged in a military expedition to Catalonia,
                    and then in the formation of a secret society of theosophists, the first of
                    those alternations between the career of the knight and the career of the
                    student in which his whole life was passed. In 1509 he went by invitation to the
                    university of Dole in Burgundy, and read lectures on Reuchlin’s <hi
                        rend="italic">De</hi><hi rend="italic">Verbo Mirifico,</hi> which gained for
                    him the degree of doctor of divinity and a stipend. It was these lectures that
                    first stirred against him that malignant hatred of the monks which embittered
                    his life and blackened his memory. He was denounced as an impious and heretical
                    cabalist by an obscure monk named Catilinet, in lectures delivered at Ghent
                    (1510) before Margaret of Burgundy, and his hopes of securing the patronage of
                    that princess were thus for the time disappointed. To win her favour, he had
                    composed (1509) and dedicated to her a treatise, <hi rend="italic">De</hi><hi
                        rend="italic">Nobilitate</hi><hi rend="italic">et</hi><hi rend="italic"
                        >Praecel-</hi><hi rend="italic">lentia</hi><hi rend="italic"
                        >Foeminei</hi><hi rend="italic">Sexus,</hi> the publication of which was
                    delayed from motives of prudence until 1532. For the same reason the same course
                    was followed in regard to his treatise <hi rend="italic">De Occulta</hi><hi
                        rend="italic">Philosophia,</hi> which, though completed in the spring of
                    1510, did not appear until 1531. In writing it he had the advice and assistance
                    of the abbot Trithemius of Würzburg. Failing to receive encouragement as a man
                    of letters, Agrippa was forced again to enter the diplomatic service. In 1510
                    the emperor sent him on a mission to London, where he became the guest of Dean
                    Colet at Stepney. Soon after his return home he was summoned to follow his
                    imperial master to the war in Italy, where he won his spurs—probably at the
                    battle of Ravenna. In the autumn of 1511, on the invitation of the Cardinal de
                    Santa Croce, he attended the schismatic council of Pisa as theologian, and by so
                    doing still further provoked the hostility of the papal party. After a period
                    spent in the service of the Marquis of Montferrat, during which he visited
                    Switzerland, Agrippa was invited in 1515 to the university of Pavia, where he
                    delivered lectures on the <hi rend="italic">Pimander</hi> of Hermes
                    Trismegistus, the first of which is preserved among his published works, and
                    received a doctor’s degree in law and medicine. He was still doomed, however, to
                    a harassed, unsettled life. Three years were spent in the service of the Marquis
                    of Montferrat and the buke of Savoy. In 1518 he became syndic at Metz, where he
                    was involved in disputes with the monks, and especially with the inquisitor
                    Nicolas Savin, before whom he boldly and persistently defended a woman accused
                    of witchcraft. He was, chiefly in consequence of this, compelled to resign his
                    office, and quitted Metz for Cologne in January 1520. After two years spent in
                    seclusion in bis native city, he went to Geneva, where he practised medicine for
                    a short time. In 1523 he removed to Friburg, having been appointed town
                    physician. In the following year he was induced to go to Lyons as court
                    physician to the queen-mother, Louisa of Savoy, but the change did not better
                    his condition, since, though he received several empty honours, his salary
                    remained unpaid. It was probably amid the privations of poverty that he
                    composed, in 1526, his <hi rend="italic">De Incertitudine et</hi><hi
                        rend="italic">Vanitate Scientiarum</hi><hi rend="italic">et</hi><hi
                        rend="italic">Artium atque Excellentia Verbi Dei Declamatio,</hi> which was
                    first published in 1530. The work is remarkable for the keenness of its satire
                    on the existing state of science and the pretensions of the learned, and when
                    published furnished fresh occasion for the malicious misrepresentation of his
                    enemies. A quarrel with the queen compelled Agrippa to leave Lyons and betake
                    himself to the Netherlands. In 1529 he was appointed historiographer to the
                    Emperor Charles V., and in that capacity wrote a history of the emperor’s reign.
                    The salary attached to the office was, however, left unpaid, and Agrippa was
                    consequently imprisoned at Brussels, and afterwards banished from Cologne, for
                    debt. He died at Grenoble in 1535.</p>
                <p>The character of Agrippa has been very variously represented. The earlier
                    accounts are grossly disfigured by the calumnies of the Dominicans, whose
                    hatred, following him even to the grave, placed over it an inscription that is
                    probably unique in its spiteful malignity. In later times full justice has been
                    done to his memory. A Life of Agrippa by Henry Morley (London 1856) contains a
                    detailed analysis of his more important works. A complete edition of his
                    writings appeared in two volumes at Leyden in 1550, and has been several times
                    republished.</p>
            </div>
        </body>
    </text>
</TEI>
