<?xml version="1.0" encoding="utf-8"?><?xml-model  href="https://TU-plogan.github.io/code/odd/tei_kp1.rng" type="application/xml" schematypens="http://relaxng.org/ns/structure/1.0"?>
<TEI xmlns="http://www.tei-c.org/ns/1.0" xml:id="kp-eb0901-0455-0420-11" xml:lang="en">
    <teiHeader>
        <fileDesc>
            <titleStmt xml:id="eb07_v1.0">
                <title level="a" type="main">AHAB (9th edition, volume 1, page 420)</title>
                <title level="m" type="main">Encyclopaedia Britannica, 9th edition</title>
                <title level="m" type="sub">A machine-readable transcription</title>
                <editor>Edited by <persName ref="https://orcid.org/0000-0003-2362-8282"
                        role="editor" xml:id="pml">Peter Melville Logan</persName></editor>
                <respStmt>
                    <orgName xml:id="kp">Nineteenth-Century Knowledge Project Staff,
                            <affiliation>Temple University</affiliation></orgName>
                    <resp>OCR transcription and data management</resp>
                </respStmt>
                <respStmt>
                    <persName ref="https://orcid.org/0000-0001-7819-5360" xml:id="jg">Jane
                        Greenberg, <affiliation>Metadata Research Center, Drexel
                            University</affiliation></persName>
                    <resp>metadata development</resp>
                </respStmt>
                <respStmt>
                    <persName xml:id="dk">Don Kretz, <affiliation>Distributed
                            Proofreading</affiliation></persName>
                    <resp>data management</resp>
                </respStmt>
                <funder><orgName ref="http://viaf.org/viaf/137796012" xml:id="neh">National
                        Endowment for the Humanities</orgName></funder>
                <funder><orgName ref="http://viaf.org/viaf/121974598" xml:id="imls">Institute of
                        Museum and Library Services</orgName></funder>
                <funder><orgName ref="http://viaf.org/viaf/127396206" xml:id="tu">Temple
                        University</orgName></funder>
                <sponsor><orgName ref="http://viaf.org/viaf/3653147665869560670009" xml:id="cci"
                        >Drexel University, College of Computing &amp;
                    Informatics</orgName></sponsor>
            </titleStmt>
            <editionStmt>
                <edition n="1.0">Version 1.0, initial release <date when="2023"
                    >2023</date></edition>
            </editionStmt>
            <extent>387 MB; 17,772 XML files in 47 folders </extent>
            <publicationStmt>
                <publisher corresp="kp"><orgName corresp="kp">Nineteenth-Century Knowledge
                        Project</orgName><email>nckp@temple.edu</email><link
                        target="https://tu-plogan.github.io/index.html"/></publisher>
                <availability status="free">
                    <p>Licensed under a Creative Commons Attribution 4.0 International License.</p>
                    <licence target="https://creativecommons.org/licenses/by/4.0/"> CC BY 4.0
                    </licence>
                </availability>
                <date when="2020">2023</date>
            </publicationStmt>
            <seriesStmt>
                <title level="s">Encyclopaedia Britannica: A machine-readable text
                    transcription</title>
                <editor corresp="pml">Peter Melville Logan</editor>
            </seriesStmt>
            <sourceDesc>
                <biblFull xml:lang="en">
                    <titleStmt>
                        <title level="m">Encyclopaedia Britannica</title>
                        <editor><persName ref="http://viaf.org/viaf/12465694" xml:id="mn">Baynes, T.
                                Spencer (Thomas Spencer), <date from="1823" to="1887"
                                    >1823-1887</date></persName></editor>
                    </titleStmt>
                    <editionStmt>
                        <edition>Ninth Edition</edition>
                    </editionStmt>
                    <extent><measure quantity="25" unit="vol">25 volumes</measure></extent>
                    <publicationStmt>
                        <publisher>Charles Scribner's Sons</publisher>
                        <authority>Authorized reprint from Edinburgh plates</authority>
                        <pubPlace>New York</pubPlace>
                        <date from="1875" to="1889">1875-1889</date>
                    </publicationStmt>
                    <sourceDesc>
                        <bibl xml:id="ia-uc"><title>Encyclopaedia Britannica: a dictionary of arts,
                                sciences, and general literature</title><publisher><orgName
                                    ref="https://archive.org/">Internet Archive</orgName><orgName
                                    ref="https://archive.org/details/cdl">University of California
                                    Libraries, California Digital Library</orgName></publisher><date
                                when="2019">2006</date><idno type="OCLC">592355607</idno><idno
                                type="ark">13960/t0ks6j612</idno><availability>
                                <p>Internet Archive: NOT_IN_COPYRIGHT</p>
                            </availability></bibl>
                    </sourceDesc>
                </biblFull>
                <listBibl>
                    <head>Alternate image sources for this edition:</head>
                    <desc>Alternate images of the same print editions were substituted when the
                        primary source had unusable images for those pages.</desc>
                    <bibl xml:id="um-ht">Hathi Trust, from print source at the University of
                        Michigan: vol. 14, pp. 34-35; vol. 15, pp. 170-171.</bibl>
                </listBibl>
            </sourceDesc>
        </fileDesc>
        <encodingDesc>
            <editorialDecl>
                <correction method="markup" status="low">
                    <p>This electronic text file was created by optical character recognition (OCR).
                        OCR errors have not been corrected.</p>
                    <p>Illegible text in the original is indicated using <gi>unclear</gi> or
                            <gi>gap</gi>, as appropriate. If corrected, the reference source is
                        indicated with <gi>supplied</gi>.</p>
                </correction>
                <normalization method="silent">
                    <p>Original spelling is preserved. When noticed, obvious misspellings are
                        combined with the correct spelling as <gi>choice</gi> in the TEI. Ligatures
                        are reproduced as multiple letters. Original footnote and marginal note
                        sigla are replaced with sequential numbers for each entry.</p>
                </normalization>
                <punctuation marks="some">
                    <p>Extra space around punctuation marks is removed.</p>
                </punctuation>
                <quotation marks="some">
                    <p>Quotation marks are retained as content in the text. Redundant open quotation
                        marks at the start of lines inside block quotes are silently removed.</p>
                </quotation>
                <hyphenation eol="hard">
                    <p>Soft hyphens are removed silently.</p>
                </hyphenation>
                <segmentation>
                    <p>The <tag>div type="entry"</tag> element divides the text into individual
                        entries.</p>
                    <p>The <tag>div type="section"</tag> and <tag>div type="subsection"</tag>
                        elements are reserved for future entry subsections.</p>
                </segmentation>
                <ab><list>
                        <item>Encoding uses the recommendations for Level 3 of the TEI in Libraries
                            Guidelines.</item>
                        <item>Individual entries and page-breaks are encoded, but column breaks are
                            omitted.</item>
                        <item>Running headers and side descriptions are not included.</item>
                        <item>Some font formatting is preserved: italic, small caps, strike-through,
                            subscript, superscript, underline. The following formatting is ignored:
                            bold, font size, typeface.</item>
                    </list></ab>
            </editorialDecl>
            <tagsDecl>
                <namespace name="http://www.tei-c.org/ns/1.0">
                    <tagUsage gi="div">Unnumbered divs used.</tagUsage>
                </namespace>
            </tagsDecl>
            <projectDesc>
                <p>All text was encoded for the Nineteenth-Century Knowledge Project to provide a
                    machine-readable edition of the Encyclopedia Britannica to analyze.</p>
                <p>Subject-level metadata was added to each entry using the HIVE automated
                    vocabulary server created by the Metadata Research Center at Drexel University
                        (<link target="https://hive2.cci.drexel.edu"
                    />https://hive2.cci.drexel.edu).</p>
            </projectDesc>
            <samplingDecl>
                <p>The first release is a reproduction of text matter for all entries. It does not
                    include images, tables, formulae, front- or back-matter. It omits volume 1,
                    which consists of "Dissertations" rather than entries.</p>
            </samplingDecl>
            <listPrefixDef>
                <prefixDef ident="fast" matchPattern="(\d+)"
                    replacementPattern="http://id.worldcat.org/fast/$1">
                    <p>URIs with the prefix <code>fast:</code> point to terms in the OCLC FAST
                        (Faceted Application of Subject Terminology) subject heading schema derived
                        from the Library of Congress Subject Headings (LCSH).</p>
                </prefixDef>
                <prefixDef ident="lcsh1910" matchPattern="(\w+)"
                    replacementPattern="https://n2t.net/ark:/99152/$1">
                    <p>URIs with the prefix <code>lcsh1910:</code> point to subject terms in the
                        volume <hi rend="italic">Subject Headings Used in the Dictionary Catalogues
                            of the Library of Congress</hi>, 7 vols., Library of Congress, 1910.</p>
                </prefixDef>
                <prefixDef ident="ht" matchPattern="([\w\-\.;=\&#34;&amp;]+)"
                    replacementPattern="https://babel.hathitrust.org/cgi/pt?id=$1">
                    <p>URIs with the prefix <code>ht:</code> point to page images in the Hathi
                        Trust.</p>
                </prefixDef>
                <prefixDef ident="ia" matchPattern="(\w+)"
                    replacementPattern="https://archive.org/details/$1">
                    <p>URIs with the prefix <code>ia:</code> point to page images in the Internet
                        Archive.</p>
                </prefixDef>
                <prefixDef ident="nls" matchPattern="([\w?\=]+)"
                    replacementPattern="https://digital.nls.uk/encyclopaedia-britannica/archive/$1">
                    <p>URIs with the prefix <code>nls:</code> point to page images in the National
                        Library of Scotland.</p>
                </prefixDef>
            </listPrefixDef>
        </encodingDesc>
        <profileDesc>
            <textClass>
                <keywords scheme="https://id.cci.drexel.edu/">
                    <term ref="lcsh1910:b4np1wt1r">Syrians</term>
                    <term ref="lcsh1910:b4xd0r50f">Phoenicians</term>
                    <term ref="lcsh1910:b45m62f7n">Reading</term>
                    <term ref="lcsh1910:b41r6n577">Queens</term>
                    <term ref="lcsh1910:b4sn01992">Monarchs</term>
                    <term ref="lcsh1910:b4v698j66">Prophets</term>
                </keywords>
                <keywords scheme="http://id.worldcat.org/fast/">
                    <term ref="fast:1141359">Syrians</term>
                    <term ref="fast:1061214">Phoenicians</term>
                    <term ref="fast:1150446">Thrones</term>
                    <term ref="fast:1090626">Reading</term>
                    <term ref="fast:875336">Connectionism</term>
                    <term ref="fast:1085637">Queens</term>
                </keywords>
                <keywords scheme="http://id.worldcat.org/fast/">
                    <term ref="fast:1204236">Israel</term>
                </keywords>
            </textClass>
        </profileDesc>
        <revisionDesc status="published">
            <change status="public" when="2023-02-28" who="#pml">v.1 published</change>
            <change status="public" when="2023-02-27" who="#pml">v.1 teiHeader XSL finished</change>
        </revisionDesc>
    </teiHeader>
    <text>
        <body>
            <div facs="ia:encyclopediabrit01newyrich/page/n455/mode/1up" type="entry">
                <p><label type="entry">AHAB</label>, king of Israel, was the son and successor of
                    Omri. He ascended the throne in the 38th year of Asa, king of Judah, <hi
                        rend="italic">i.e.,</hi> 918 B.c., and reigned over Samaria 22 years. Having
                    married Jezebel, daughter of Ethbaal, king of the Sidonians, he was brought into
                    closer connec <pb break="no"
                        facs="ia:encyclopediabrit01newyrich/page/n456/mode/1up"
                        xml:id="kp-eb0901-0456-0421"/> tion with the neighbouring powers in the
                    north, and strengthened himself considerably, so that he was able to consolidate
                    the disunited kingdom, and render it powerful against Judah. Some notices out of
                    Menander, preserved by Josephus, lead to the conclusion that Ethbaal, father of
                    Jezebel, was identical with Ithobal, priest of Astarte, who usurped the throne
                    of Tyre after murdering Pheles the king. It is not improbable that Ahab’s
                    marriage with such a princess was the means of procuring him great riches, which
                    brought pomp and luxury in their train, along with the material and social
                    influence that give a certain security to monarchy. We read of his building an
                    ivory palace and founding new cities, the effect perhaps of a share in the
                    flourishing commerce of Phoenicia. But his matrimonial connection with Tyre and
                    Sidon, however fruitful in wealth, was in many respects detrimental. His wife
                    was a strong-minded, passionate devotee of idolatry, who exercised an injurious
                    influence over him. Led by her, he gave a great impulse to the worship of Baal
                    and Astarte in his kingdom. For the former he built a temple with an altar <hi
                        rend="italic">; of</hi> the latter he made the well-known image which
                    existed long after. Under the patronage of Jezebel, the Phoenician cultus
                    assumed important dimensions, for Baal is said to have had 450, Astarte 400
                    priests and prophets. The infatuated queen was especially hostile to the
                    prophets and priests of Jehovah, whom she tried to exterminate; but the former
                    in particular, though sore pressed, were not entirely cut off. They still held
                    their ground; and Elijah, the most conspicuous of them, came off victor in the
                    contest with Baal’s ministers. Jehovism triumphed in the person of the intrepid
                    Tishbite, whom the queen was unable to get into her power. Ahab was a
                    public-spirited and courageous monarch. He defeated the Syrians twice, and
                    concluded a peace with Benhadad on favourable terms. Mesha, king of Moab, paid
                    him a large yearly tribute. In conjunction with Jehoshaphat, king of Judah, he
                    went forth to battle a third time against the Syrians, and was slain at
                    Ramoth-Gilead. It speaks favourably for his disposition that he repented of the
                    cruel measures taken against Naboth, and that he humbled himself before the
                    Lord. Though he feared Elijah and Micaiah, he was not insensible to their
                    utterances <hi rend="italic">; nor</hi> could he have suffered so many as 400
                    prophets to live in his kingdom without some little regard for their office. The
                    prophetic voice, held as it was in small esteem, must have had some influence
                    upon his administration, especially when political grounds coincided with it.
                    His evil courses were due much more to the influence of Jezebel than to his own
                    vicious impulses.</p>
                <p>As the accounts of Ahab are fragmentary, it is not always easy to make out from
                    them a clear or connected history of his reign. There is room for conjecture and
                    misconception. Thus Ewald represents him as building a splendid temple, with an
                    oraclegrove of Astarte near his favourite palace at Jezreel, on the basis of 1
                    Kings xvi. 32, xviii. 19; but this is imaginary, since the original does not
                    speak of <hi rend="italic">a grove</hi> but of <hi rend="italic">Astarte</hi>
                    (xviii. 19); nor is it probable that a second structure of the kind mentioned
                    existed elsewhere in addition to Baal’s temple in Samaria. Neither can it be
                    held as likely that a large statue of Baal was set up in front of his temple,
                    and small statues of him in the interior, merely because we read in 2 Kings x.
                    26, 27, first of bringing forth the <hi rend="italic">images</hi> of Baal, and
                    then of breaking <hi rend="italic">the image</hi> of the same sun-god. Rather
                    were the smaller images in the porch and the chief one in the interior, so that
                    the reading or punctuation of verse 26 should be slightly altered. Whether the
                    450 or 400 prophets were distinct from the priests is doubtful. Identifying
                    them, we believe that the priests acted as prophets, procuring for themselves
                    greater renown among the ignorant people by their arts of necromancy and
                    magic.</p>
                <p>For the biography of this monarch we are indebted almost exclusively to the books
                    of Kings, where the writers consider him in a theocratic rather than a political
                    aspect. Viewing him from their later prophetic standpoint, their portrait is
                    somewhat one-sided, though correct in the main. It is observable that the
                    portions of the Kings in which he is spoken of are somewhat different in
                    character and expression, betraying the use of different sources by the
                    compiler. 1 Kings xvi. 29-33, xxii. 39, 2 Kings x. 25-28, are more historical
                    than the rest, which contain almost all that is related of Ahab, and were
                    derived from tradition. It has been conjectured by Hitzig that the 45th psalm
                    owes its origin to Ahab, being the joyous poetical expression of a matrimonial
                    connection with 'Tyre, which augured unusual prosperity for the distracted
                    kingdom. But the assumption is improbable, because, as De Wette observes, an
                    event belonging to Ephraim was hardly a fitting subject for a poem included in
                    the canon.</p>
                <p>Another Ahab, a false prophet in the time of the Babylonian exile, is mentioned
                    by Jeremiah (xxix. 21), and threatened with terrible punishment. (s. <hi
                        rend="smallcaps">d.)</hi></p>
            </div>
        </body>
    </text>
</TEI>
