<?xml version="1.0" encoding="utf-8"?><?xml-model  href="https://TU-plogan.github.io/code/odd/tei_kp1.rng" type="application/xml" schematypens="http://relaxng.org/ns/structure/1.0"?>
<TEI xml:id="kp-eb0924-0840-0791-01" xml:lang="en" xmlns="http://www.tei-c.org/ns/1.0">
    <teiHeader>
        <fileDesc>
            <titleStmt xml:id="eb09_v1.1">
                <title level="a" type="main">ZODIAC</title>
                <title level="m" type="main">Encyclopaedia Britannica: A machine-readable
                    transcription</title>
                <title level="m" type="sub">9th edition, volume 24, page 791</title>
                <editor>Edited by <persName ref="https://orcid.org/0000-0003-2362-8282"
                    role="editor" xml:id="pml">Peter Melville Logan</persName></editor>
                <respStmt>
                    <orgName xml:id="kp">Nineteenth-Century Knowledge Project Staff,
                        <affiliation>Temple University</affiliation></orgName>
                    <resp>OCR transcription and data management</resp>
                </respStmt>
                <respStmt>
                    <persName ref="https://orcid.org/0000-0001-7819-5360" xml:id="jg">Jane
                        Greenberg, <affiliation>Metadata Research Center, Drexel
                        University</affiliation></persName>
                    <resp>metadata development</resp>
                </respStmt>
                <respStmt>
                    <persName xml:id="dk">Don Kretz, <affiliation>Distributed
                        Proofreading</affiliation></persName>
                    <resp>data management</resp>
                </respStmt>
                <funder><orgName ref="http://viaf.org/viaf/137796012" xml:id="neh">National
                    Endowment for the Humanities</orgName></funder>
                <funder><orgName ref="http://viaf.org/viaf/121974598" xml:id="imls">Institute of
                    Museum and Library Services</orgName></funder>
                <funder><orgName ref="http://viaf.org/viaf/127396206" xml:id="tu">Temple
                    University</orgName></funder>
                <sponsor><orgName ref="http://viaf.org/viaf/3653147665869560670009" xml:id="cci"
                    >Drexel University, College of Computing &amp; Informatics</orgName></sponsor>
            </titleStmt>
            <editionStmt>
                <edition n="1.1">Version 1.1 <date when="2025">2025</date></edition>
            </editionStmt>
            <extent>486 MB; 17,775 XML files</extent>
            <publicationStmt>
                <publisher corresp="kp"><orgName corresp="kp">Nineteenth-Century Knowledge
                    Project</orgName><email>nckp@temple.edu</email><link
                    target="https://github.com/TU-plogan/KnowledgeProject"/></publisher>
                <availability status="free">
                    <p>Licensed under a Creative Commons Attribution 4.0 International License.</p>
                    <licence target="https://creativecommons.org/licenses/by/4.0/"> CC BY 4.0
                    </licence>
                </availability>
                <date when="2025">2025</date>
            </publicationStmt>
            <seriesStmt>
                <title level="s">Encyclopaedia Britannica: A machine-readable transcription</title>
                <editor corresp="pml">Peter Melville Logan</editor>
            </seriesStmt>
            <sourceDesc>
                <biblFull xml:lang="en">
                    <titleStmt>
                        <title level="m">Encyclopaedia Britannica</title>
                        <editor><persName ref="http://viaf.org/viaf/12465694" xml:id="mn">Baynes, T.
                            Spencer (Thomas Spencer), <date from="1823" to="1887"
                            >1823-1887</date></persName></editor>
                    </titleStmt>
                    <editionStmt>
                        <edition>Ninth Edition</edition>
                    </editionStmt>
                    <extent><measure quantity="25" unit="vol">25 volumes</measure></extent>
                    <publicationStmt>
                        <publisher>Charles Scribner's Sons</publisher>
                        <authority>Authorized reprint from Edinburgh plates</authority>
                        <pubPlace>New York</pubPlace>
                        <date from="1875" to="1889">1875-1889</date>
                    </publicationStmt>
                    <sourceDesc>
                        <bibl xml:id="ia-uc"><title>Encyclopaedia Britannica: a dictionary of arts,
                            sciences, and general literature</title><publisher><orgName
                            ref="https://archive.org/">Internet Archive</orgName><orgName
                            ref="https://archive.org/details/cdl">University of California
                            Libraries, California Digital Library</orgName></publisher><date
                            when="2019">2006</date><idno type="OCLC">592355607</idno><idno
                            type="ark">13960/t0ks6j612</idno><availability>
                            <p>Internet Archive: NOT_IN_COPYRIGHT</p>
                            </availability></bibl>
                    </sourceDesc>
                </biblFull>
                <listBibl>
                    <head>Alternate image sources for this edition:</head>
                    <desc>Alternate images of the same print editions were substituted when the
                        primary source had unusable images for those pages.</desc>
                    <bibl xml:id="um-ht">Hathi Trust, from print source at the University of
                        Michigan: vol. 14, pp. 34-35; vol. 15, pp. 170-171.</bibl>
                </listBibl>
            </sourceDesc>
        </fileDesc>
        <encodingDesc>
            <editorialDecl>
                <ab><list rend="bulleted" type="basic">
                    <item>Encoding has been done using the recommendations for Level 3 of the "TEI
                        in Libraries Guidelines."</item>
                    <item>Individual entries and page-breaks are encoded, but column breaks are
                        omitted.</item>
                    <item>Print page headers and side descriptions are not included.</item>
                    <item>OCR successfully reproduced simple tables, but complex tabular data is not
                        captured dependably and the results should not be relied upon.</item>
                    <item>OCR was not able to successfully reproduce math and chemical formulas. The
                        uncorrected results remain in the text.</item>
                    <item>Some font formatting is preserved: <val>italic</val>,
                        <val>smallcaps</val>, <val>strikethrough</val>, <val>subscript</val>,
                        <val>superscript</val>, <val>underline</val>. The following print styles are
                        ignored: bold, font size, typeface.</item>
                    </list></ab>
                <correction method="markup" status="low">
                    <p>This electronic text file was created by optical character recognition (OCR).
                        OCR errors have not been corrected.</p>
                    <p>Illegible text in the original is indicated using <gi>unclear</gi> or
                        <gi>gap</gi>, as appropriate. If corrected, the reference source is
                        indicated with <gi>supplied</gi>.</p>
                </correction>
                <normalization method="silent">
                    <p>Original spelling is preserved. When noticed, obvious misspellings are
                        combined with the correct spelling as <gi>choice</gi> in the TEI. Ligatures
                        are reproduced as multiple letters. Original footnote and marginal note
                        sigla are replaced with sequential numbers for each entry.</p>
                </normalization>
                <punctuation marks="some">
                    <p>Extra space around punctuation marks is removed.</p>
                </punctuation>
                <quotation marks="some">
                    <p>Quotation marks are retained as content in the text. Redundant open quotation
                        marks at the start of lines inside block quotes are silently removed.</p>
                </quotation>
                <hyphenation eol="hard">
                    <p>Soft hyphens are silently removed.</p>
                </hyphenation>
                <segmentation>
                    <p>The <tag>div type="entry"</tag> element divides the text into individual
                        entries.</p>
                    <p>The <tag>div type="section"</tag> and <tag>div type="subsection"</tag>
                        elements are reserved for future entry subsections.</p>
                </segmentation>
            </editorialDecl>
            <tagsDecl>
                <namespace name="http://www.tei-c.org/ns/1.0">
                    <tagUsage gi="div">Unnumbered divs used.</tagUsage>
                </namespace>
            </tagsDecl>
            <projectDesc>
                <p>All text was encoded for the Nineteenth-Century Knowledge Project to provide a
                    machine-readable edition of the Encyclopedia Britannica to analyze using
                    machine-learning methods.</p>
                <p>Subject keywords are added to <gi>teiHeader</gi> for each entry; they were
                    generated by the HIVE2 automated vocabulary server, created by the Metadata
                    Research Center at Drexel University (<link
                    target="https://hive2.cci.drexel.edu"/>https://hive2.cci.drexel.edu).</p>
            </projectDesc>
            <samplingDecl>
                <p>This release reproduces the text matter for all entries. It does not include
                    images, front- or back-matter. The reproduction of tables and formulae is
                    unreliable. </p>
            </samplingDecl>
            <listPrefixDef>
                <prefixDef ident="fast" matchPattern="(\d+)"
                    replacementPattern="http://id.worldcat.org/fast/$1">
                    <p>URIs with the prefix <code>fastgeo:</code> point to terms in the OCLC FAST
                        (Faceted Application of Subject Terminology) Geographical subject heading
                        schema derived from the Library of Congress Subject Headings (LCSH).</p>
                </prefixDef>
                <prefixDef ident="fast" matchPattern="(\d+)"
                    replacementPattern="http://id.worldcat.org/fast/$1">
                    <p>URIs with the prefix <code>fasttopic:</code> point to terms in the OCLC FAST
                        (Faceted Application of Subject Terminology) Topical subject heading schema
                        derived from the Library of Congress Subject Headings (LCSH).</p>
                </prefixDef>
                <prefixDef ident="lcsh1910" matchPattern="(\w+)"
                    replacementPattern="https://n2t.net/ark:/99152/$1">
                    <p>URIs with the prefix <code>lcsh1910:</code> point to subject terms in <hi
                        rend="italic">Subject Headings Used in the Dictionary Catalogues of the
                        Library of Congress</hi>, 2 vols., Library of Congress, 1910.</p>
                </prefixDef>
                <prefixDef ident="ht" matchPattern="([\w\-\.;=\&#34;&amp;]+)"
                    replacementPattern="https://babel.hathitrust.org/cgi/pt?id=$1">
                    <p>URIs with the prefix <code>ht:</code> point to page images in the Hathi
                        Trust.</p>
                </prefixDef>
                <prefixDef ident="ia" matchPattern="(\w+)"
                    replacementPattern="https://archive.org/details/$1">
                    <p>URIs with the prefix <code>ia:</code> point to page images in the Internet
                        Archive.</p>
                </prefixDef>
                <prefixDef ident="nls" matchPattern="([\w?\=]+)"
                    replacementPattern="https://digital.nls.uk/encyclopaedia-britannica/archive/$1">
                    <p>URIs with the prefix <code>nls:</code> point to page images in the National
                        Library of Scotland.</p>
                </prefixDef>
            </listPrefixDef>
        </encodingDesc>
        <profileDesc>
            <textClass default="false">
                <keywords scheme="https://id.cci.drexel.edu/">
                    <term n="34" ref="lcsh1910:b4v98021v">Zodiac</term>
                    <term n="18" ref="lcsh1910:b4vh5cj23">Sun</term>
                    <term n="15" ref="lcsh1910:b4wh2df3t">Moon</term>
                    <term n="7" ref="lcsh1910:b4cf9j663">Planets</term>
                    <term n="7" ref="lcsh1910:b4gf0n262">Periodicals</term>
                    <term n="5" ref="lcsh1910:b4rn30g5s">Scorpions</term>
                    <term n="5" ref="lcsh1910:b4zk55m05">Indians</term>
                    <term n="3" ref="lcsh1910:b48g8fh7d">Greeks</term>
                    <term n="3" ref="lcsh1910:b4q23r851">Tigers</term>
                    <term n="3" ref="lcsh1910:b4599z38f">Serpents</term>
                </keywords>
                <keywords scheme="http://id.worldcat.org/fast/">
                    <term n="34" ref="fasttopic:1184573">Zodiac</term>
                    <term n="8" ref="fasttopic:1048190">Originality</term>
                    <term n="7" ref="fasttopic:1058072">Periodicals</term>
                    <term n="7" ref="fasttopic:1065127">Planets</term>
                    <term n="6" ref="fasttopic:1131648">Stars</term>
                    <term n="5" ref="fasttopic:969307">Indians</term>
                    <term n="5" ref="fasttopic:1109103">Scorpions</term>
                    <term n="5" ref="fasttopic:1109100">Scorpionates</term>
                    <term n="4" ref="fasttopic:1019244">Mexicans</term>
                    <term n="4" ref="fasttopic:819237">Assyrians</term>
                </keywords>
                <keywords scheme="http://id.worldcat.org/fast/">
                    <term n="4" ref="fastgeo:1210276">India</term>
                    <term n="3" ref="fastgeo:1204082">Japan</term>
                    <term n="3" ref="fastgeo:1206073">China</term>
                    <term n="2" ref="fastgeo:1219920">England</term>
                    <term n="2" ref="fastgeo:1208755">Egypt</term>
                    <term n="2" ref="fastgeo:1240495">Asia</term>
                    <term n="1" ref="fastgeo:1239786">America</term>
                    <term n="1" ref="fastgeo:1211700">Mexico</term>
                    <term n="1" ref="fastgeo:1208757">Syria</term>
                </keywords>
            </textClass>
        </profileDesc>
        <revisionDesc status="published">
            <listChange>
                <change status="public" when="2025-08-15" who="#pml">v1.1. Isolates one entry;
                    corrects "B.c." and variants; replaces "bom" with "born", removed 783 instances
                    of extra space before semicolon. Separates metadata in <gi>teiHeader</gi> into
                    two separate facets: FAST Topical and FAST Geographical.</change>
                <change status="public" when="2023-02-28" who="#pml">v.1 published</change>
                <change status="public" when="2023-02-27" who="#pml">v.1 teiHeader XSL
                    finished</change>
            </listChange>
        </revisionDesc>
    </teiHeader>
    <text>
        <body>
            <div facs="ia:encyclopediabrit24newyrich/page/n840/mode/1up" type="entry">
                <p><label type="entry">ZODIAC</label> (ό <hi rend="italic">ζωδιακός κύκλος,</hi>
                    from ζ <hi rend="italic">ώδιοv</hi>, “a little animal ”), an imaginary zone of
                    the heavens within which lie the paths of the sun, moon, and principal planets.
                    It is bounded by two circles equidistant from the ecliptic, about eighteen
                    degrees apart; and it is divided into twelve signs, and marked by twelve
                    constellations. The signs— the Greek <hi rend="italic">δωδεκaτημόρια—</hi> are
                    geometrical divisions thirty degrees in extent, counted from the spring equinox
                    in the direction of the sun’s progress through them. The whole series
                    accordingly shifts westward through the effect of precession by about one degree
                    in seventy-two years. At the moment of crossing the equator towards the north
                    the sun is said to be at the first point of Aries; some thirty days later it
                    enters Taurus, and so on through Gemini, Cancer, Leo, Virgo, Libra, Scorpio,
                    Sagittarius, Capricornus, Aquarius, and Pisces (see <hi rend="smallcaps"
                    >Astronomy,</hi> vol. ii. p. 771). The constellations bearing the same names
                    coincided approximately in position, when Hipparchus observed them at Rhodes,
                    with the divisions they designate. The discrepancy now, however, amounts to the
                    entire breadth of a sign, the sun’s path in Aries lying among the stars of
                    Pisces, in Taurus among those of Aries, &amp;c.</p>
                <p>The twelvefold division of the zodiac was evidently suggested by the occurrence
                    of twelve full moons in successive parts of it in the course of each year. This
                    approximate relation was first systematically developed by the early inhabitants
                    of Mesopotamia, and formed the starting-point for all their divisions of time.
                    As the year separated, as it were of itself, into twelve months, so the day was
                    divided into twelve “double hours,” and the great cosmical period of 43,200
                    years into twelve “sars.” Each sar, month, and hour was represented at once
                    visibly and symbolically by a twelfth part of the “furrow” drawn by the solar
                    Bull across the heavens. The idea of tracing the sun’s path among the stars was,
                    when it occurred to Chaldaean astronomers, an original and, relatively to their
                    means, a recondite one. We owe to its realization by them the constitution and
                    nomenclature of the twelve signs of the zodiac. Assyrian cylinders and
                    inscriptions indicate for the familiar series of our text-books an antiquity of
                    some four thousand years. Ages before Asurbanipal reigned at Nineveh the eighth
                    month (Marchesvan) was known as “the month of the star of the Scorpion,” the
                    tenth (Tebet) belonged to the “star of the Goat,” the twelfth (Adar) to the
                    “star of the Fish of Hea.”<note anchored="true" place="bottom" type="authorial"
                    ><p>Lenormant, <hi rend="italic">Origines de l'Histoire,</hi> vol. i. p.
                    236.</p></note> The motive underlying the choice of symbols is in a few cases
                    obvious, but in most remains conjectural. The attributes of the deities
                    appointed to preside over the months and signs were to some extent influential.
                    Two of them, indeed, took direct possession of their respective portions of the
                    sky. The zodiacal Virgo is held to represent the Assyrian Venus, Ishtar, the
                    ruling divinity of the sixth month, and Sagittarius the archer-god Nergal, to
                    whom the ninth month was dedicated. But no uniform system of selection was
                    pursued; <hi rend="italic">or</hi> rather perhaps the results of several,
                    adopted at various epochs, and under the influence of varying currents of ideas,
                    became amalgamated in the final series.</p>
                <p>This, there is reason to believe, was the upshot of a prehistoric reform. So far
                    as positive records go, Aries was always the first sign. But the arrangement is,
                    on the face of it, a comparatively modern one. None of the brighter stars of the
                    constellation could be said even roughly to mark the equinox much before 1800
                    <hi rend="smallcaps">b.c.;</hi> during a long stretch of previous time the
                    leading position belonged to the stars of Taurus.<note anchored="true"
                    place="bottom" type="authorial"><p>The possibility should not, however, be
                    overlooked that the “stars of the months” were determined by their heliacal
                    risings (see Bosanquet and Sayce on Babylonian astronomy, in <hi rend="italic"
                    >Monthly Notices Roy. Astr. Soc.,</hi> vol. xl. p. 117). This would give a
                    further extension backwards of over 1000 years, during which the equinox might
                    have occurred in the month of the Ram.</p></note> Numerous indications
                    accordingly point to a corresponding primitive zodiac. Setting aside as doubtful
                    evidence derived from interpretations of cuneiform inscriptions, we meet, in
                    connexion with Mithraic and Mylittic legends, reminiscences of a zodiac and
                    religious calendar in which the Bull led the way.<note anchored="true"
                    place="bottom" type="authorial"><p>Lajard, <hi rend="italic">Recherches sur le
                    Culte de Mithra,</hi> p. 605.</p></note> Virgil’s</p>
                <p>Candidus auratis aperit cum cornibus annum Taurus perpetuates the tradition. And
                    we shall see presently that the Pleiades, not only were originally, but
                    continued to be until well within historical memory, the first asterism of the
                    <hi rend="italic">lunar</hi> zodiac.</p>
                <p>In the Chaldaean signs fragments of several distinct strata of thought appear to
                    be embedded. From one point of view, they shadow out the great epic of the
                    destinies of the human race; again, the universal solar myth claims a share in
                    them; hoary traditions were brought into <hi rend="italic">ex. post facto</hi>
                    connexion with them; or they served to commemorate simple meteorological and
                    astronomical facts.</p>
                <p>The first Babylonian month Nisan, dedicated to Anu and Bel, was that of
                    “sacrifice”; and its association with the Ram as the chief primitive object of
                    sacrifice is thus intelligible.<note anchored="true" place="bottom"
                    type="authorial"><p>Sayce, <hi rend="italic">Trans. Society of Biblical
                    Archaeology,</hi> vol. iii. p. 162.</p></note> According to an alternative
                    explanation, however, the heavenly Ram, placed as leader in front of the flock
                    of the stars, merely embodied a spontaneous figure of the popular imagination.
                    An antique persuasion, that the grand cycle of creation opened under the first
                    sign, has been transmitted to modern cognizance by Dante <hi rend="italic"
                    >(Inf,</hi> i. 38). The human race, on the other hand, was supposed to have come
                    into being under Taurus. The solar interpretation of the sign goes back to the
                    far-off time when the year began with Taurus, and the sun was conceived of as a
                    bull entering upon the great furrow of heaven as he ploughed his way among the
                    stars. In the third month and sign the building of the first city and the
                    fratricidal brothers—the Romulus and Remus of Roman legend— were brought to
                    mind. The appropriate symbol was at first indifferently a pile of bricks or two
                    male children, always on early monuments placed feet to feet. The retrograde
                    movement of a crab typified, by an easy association of ideas, the retreat of the
                    sun from his farthest northern excursion, and Cancer was constituted the sign of
                    the summer solstice. The Lion, as the symbol of fire, represented the
                    culmination of the solar heat. In the sixth month, the descent of Ishtar to
                    Hades in search of her lost husband Tammuz was celebrated, and the sign of the
                    Virgin had thus a purely mythological signification.</p>
                <p>The history of the seventh sign is somewhat complicated. The earlier Greek
                    writers,—Eudoxus, Eratosthenes, Hipparchus,—knew of only eleven zodiacal
                    symbols, but made one do double duty, extending the Scorpion across the seventh
                    and eighth divisions. The Balance, obviously indicating the equality of day and
                    night, is first mentioned as the sign of the autumnal equinox by Geminus and
                    Varro, and obtained, through Sosigenes of Alexandria, official recognition in
                    the Julian calendar. Nevertheless, Virgil <hi rend="italic">(Georg.,</hi> i. 32)
                    regarded the space it presided over as so much waste land, provisionally
                    occupied by the “Claws” of the Scorpion, but readily available for the <pb
                    break="no" facs="ia:encyclopediabrit24newyrich/page/n841/mode/1up"
                    xml:id="kp-eb0924-0841-0792"/> apotheosis of Augustus. Libra was not of Greek
                    invention. Ptolemy, who himself chiefly used the “Claws” (X <hi rend="italic"
                    >ηλαί</hi>), speaks of it as a distinctively Chaldaean sign;<note
                    anchored="true" place="bottom" type="authorial"><p>In citing a Chaldaean
                    observation of Mercury dating from 235 B. c. <hi rend="italic">(Almagest,</hi>
                    vol. ii. p. 170, ed. Halma).</p></note> and it occurs as an extra-zodiacal
                    asterism in the Chinese sphere. An ancient Chinese law, moreover, prescribed the
                    regularization of weights and measures at the <hi rend="italic">spring</hi>
                    equinox.<note anchored="true" place="bottom" type="authorial"><p>See <hi
                    rend="italic">Uranographie Chinoise,</hi> by Gustav Schlegel, who, however,
                    claims an extravagant antiquity for the Chinese constellational
                    system.</p></note> No representation of the seventh sign has yet been discovered
                    on any Euphratean monument; but it is noticeable that the eighth is frequently
                    doubled,<note anchored="true" place="bottom" type="authorial"><p>Lenormant, <hi
                    rend="italic">Origines,</hi> vol. i. p. 267.</p></note> and it is difficult to
                    avoid seeing in the pair of zodiacal scorpions carved on Assyrian cylinders the
                    prototype of the Greek scorpion and claws. Both Libra and the sign it eventually
                    superseded thus owned a Chaldaean birthplace. The struggle of rival systems of
                    nomenclature, from which our zodiacal series resulted, is plainly visible in
                    their alternations; and the claims of the competing signs were long sought to be
                    conciliated by representing the Balance as held between the claws of the
                    Scorpion.</p>
                <p>The definitive decline of the sun’s power after the autumnal equinox was typified
                    by placing a Scorpion as the symbol of darkness in the eighth sign. Sagittarius,
                    figured later as a Centaur, stood for the Babylonian Mars. Capricornus, the sign
                    of the winter solstice, is plausibly connected with the caprine nurse of the
                    young solar god in Oriental legends, of which that of Zeus and Amalthea is a
                    variant.<note anchored="true" place="bottom" type="authorial"><p><hi
                    rend="italic">Ibid.,</hi> p. 259.</p></note> The fish-tailed Goat of the zodiac
                    presents a close analogy with the Mexican calendar sign Cipactli, a kind of
                    marine monster resembling a narwhal.<note anchored="true" place="bottom"
                    type="authorial"><p>Humboldt, <hi rend="italic">Vues des Cordillères,</hi> 1810,
                    p. 157.</p></note> Aquarius is a still more exclusively meteorological sign than
                    Leo. The eleventh month was known in Euphratean regions as that of “want and
                    rain.” The deluge was traditionally associated with it. It was represented in
                    zodiacal symbolism by the god Ramman, crowned with a tiara and pouring water
                    from a vase, or more generally by the vase and water without the god. The
                    resumption of agricultural labours after the deluge was commemorated in the
                    twelfth month, and a mystical association of the fishes, which were its sign,
                    with the life after death is evident in a monument of Assyrian origin described
                    by M. Clermont-Ganneau, showing a corpse guarded by a pair of fish-gods.<note
                    anchored="true" place="bottom" type="authorial"><p><hi rend="italic">Rev.
                    Archéol.,</hi> 1879, p. 344.</p></note> The doubling of the sign of Pisces still
                    recalls, according to Mr Sayce,<note anchored="true" place="bottom"
                    type="authorial"><p><hi rend="italic">Trans. Soc. Bibl. Archaeol.,</hi> vol.
                    iii. p. 166.</p></note> the arrangement of the Babylonian calendar, in which a
                    year of 360 days was supplemented once in six years by a thirteenth month, a
                    second Adar. To the double month corresponded the double sign of the “Fishes of
                    Hea.”<note anchored="true" place="bottom" type="authorial"><p>The god Hea, the
                    Oannes of Berosus, equivalent to the fish-god Dagon, came to the rescue of the
                    protagonist in the Chaldaean drama of the deluge.</p></note></p>
                <p>The cyclical meaning of the succession of zodiacal signs, though now obscured by
                    interpolations and substitutions, was probably once clear and entire. It is
                    curiously reflected in the adventures of the Babylonian Hercules, the solar hero
                    Izdubar.<note anchored="true" place="bottom" type="authorial"><p>Sir H.
                    Rawlinson, <hi rend="italic">Athenaeum,</hi> 7th December 1872.</p></note> They
                    were recorded in the comparatively late surviving version of the 7th century <hi
                    rend="smallcaps">b.c.,</hi> on twelve tablets, with an obvious design of
                    correlation with the twelve divisions of the sun’s annual course. Izdubar’s
                    conquest of the winged bull Heabani was placed under Taurus; his slaying of the
                    tyrant Houmbaba (the prototype of Geryon) in the fifth month typified the
                    victory of light over darkness, represented in plastic art by the group of a
                    lion killing a bull, which is the form ordinarily given to the sign Leo on
                    Ninevite cylinders.<note anchored="true" place="bottom" type="authorial"
                    ><p>Lenormant, <hi rend="italic">Origines,</hi> vol. i. p. 240.</p></note> The
                    wooing of Ishtar by the hero of the epic falls under Virgo, and his encounter
                    with two scorpion men, guardians of the rising and the setting sun, under
                    Scorpio. The eleventh tablet narrates the deluge; the twelfth associates the
                    apotheosis of Heabani (the Babylonian Chiron) with the zodiacal emblems of the
                    resurrection.</p>
                <p>In the formation of the constellations of the zodiac very little regard was paid
                    to stellar configurations. The Chaldaeans chose three stars in each sign to be
                    the “councillor gods” of the planets.<note anchored="true" place="bottom"
                    type="authorial"><p>Diod. Sic., <hi rend="italic">Hist.,</hi> ii. 30, where,
                    however, by an obvious mistake the number of “councillor gods” is stated at only
                    thirty.</p></note> These were called by the Greeks “decans,” because ten degrees
                    of the ecliptic and ten days of the year were presided over by each. The college
                    of the decans was conceived as moving, by their annual risings and settings, in
                    an “eternal circuit” between the infernal and supernal regions. Our modern
                    asterisms first appear in the <hi rend="italic">Phaenomena</hi> of Eudoxus about
                    370 <hi rend="smallcaps">b.c.</hi> But Eudoxus, there is reason to believe,
                    consulted, not the heavens, but a celestial globe of an anterior epoch, on which
                    the stars and the signs were forced into unnatural agreement. The representation
                    thus handed down to us (in the verses of Aratus) has been thought to tally best
                    with the state of the sky about 2000 <hi rend="smallcaps">b.c.;</hi><note
                    anchored="true" place="bottom" type="authorial"><p>R. Brown, <hi rend="italic"
                    >Babylonian Record,</hi> No. 3, p. 34.</p></note> and the mention of a
                    pole-star, for which Eudoxus was rebuked by Hipparchus, seems, as Mr W. T. Lynn
                    has pointed out,<note anchored="true" place="bottom" type="authorial"><p><hi
                    rend="italic">Babylonian Record,</hi> No. 5, p. 79.</p></note> to refer to the
                    time when α Draconis stood near the pole. The data afforded by Eudoxus, however,
                    are far too vague to serve as the basis of any chronological conclusion.</p>
                <p>The Egyptians adopted from the Greeks, with considerable modifications of its
                    attendant symbolism, the twelvefold division of the zodiac. Aries became the
                    Fleece; two Sprouting Plants, typifying equality or resemblance, stood for
                    Gemini; Cancer was re-named Scarabaeus; Leo was converted, from the axe-like
                    configuration of its chief stars, into the Knife; Libra into the Mountain of the
                    Sun, a reminiscence, apparently, of the Euphratean association of the seventh
                    month with a “holy mound,” designating the Biblical tower of Babel. A Serpent
                    was the Egyptian equivalent of Scorpio; the Arrow only of Sagittarius was
                    retained; Capricornus became “Life,” or a Mirror as an image of life; Aquarius
                    survived as Water; Taurus, Virgo, and Pisces remained unchanged.<note
                    anchored="true" place="bottom" type="authorial"><p>Brugsch, <hi rend="italic">Z.
                    D. Μ. G.,</hi> vol. ix. p. 513.</p></note> The motive of some of the
                    substitutions was to avoid the confusion which must have ensued from the
                    duplication of previously existing native asterisms; thus, the Egyptian and
                    Greek Lions were composed of totally different stars. Abstractions in other
                    cases replaced concrete objects, with the general result of effacing the
                    distinctive character of the Greek zodiac as a “circle of living things.”</p>
                <p>Early Zoroastrian writings, though impregnated with star-worship, show no traces
                    of an attempt to organize the heavenly array. In the <hi rend="italic"
                    >Bundehish,</hi> however (9th century), the twelve “Akhtârs,” designated by the
                    same names as our signs, lead the army of Ormuzd, while the seven “Awakhtârs” or
                    planets (including a meteor and a comet) fight for Ahriman. The knowledge of the
                    solar zodiac thus turned to account for dualistic purposes was undoubtedly
                    derived from the Greeks. By them, too, it was introduced into Hindustan.
                    Aryabhata, about the beginning of our era, reckoned by the same signs as
                    Hipparchus. They were transmitted from India by Buddhist missionaries to China,
                    but remained in abeyance until the Jesuit reform of Chinese astronomy in the
                    17th century.</p>
                <p>The native zodiacal system was of unexampled complexity. Besides divisions into
                    twenty-eight and twenty-four <pb break="no"
                    facs="ia:encyclopediabrit24newyrich/page/n842/mode/1up"
                    xml:id="kp-eb0924-0842-0793"/> parts, it included two distinct duodenary series.
                    The <hi rend="italic">tse</hi> or “stations” were referred by Biot to the date
                    1111 <hi rend="smallcaps">b.c.</hi> Measured from the winter solstice of that
                    epoch, they corresponded, in conformity with the Chinese method of observation
                    by intervals of what we now call right ascension, to equal portions of the
                    celestial equator.<note anchored="true" place="bottom" type="authorial"><p>Biot,
                    <hi rend="italic">Journ. des Savans,</hi> 1839, p. 729, and 1840, p. 151;
                    Gaubil, <hi rend="italic">Hist. de l'Astr. Chinoise,</hi> p. 9.</p></note>
                    Projected upon the ecliptic, these were, of course, considerably unequal, and
                    the <hi rend="italic">tse</hi> accordingly differed essentially from the
                    Chaldaean and Greek signs. Their use was chiefly astrological, and their highly
                    figurative names—“Great Splendour,” “Immense Void,” “Fire of the Phoenix,”
                    &amp;c. —had reference to no particular stars. They became virtually merged in
                    the European series, stamped with official recognition upwards of two centuries
                    ago. The twenty-four <hi rend="italic">tsieki</hi> or demi- <hi rend="italic"
                    >tse</hi> were probably invented to mark the course of weather changes
                    throughout the year. Their appellations are purely meteorological.</p>
                <p>The characteristic Chinese mode of dividing the “yellow road” of the sun was,
                    however, by the twelve “cyclical animals,”—Rat, Ox, Tiger, Hare, Dragon or
                    Crocodile, Serpent, Horse, Sheep, Monkey, Hen, Dog, Pig. The opening sign
                    corresponds to our Aquarius, and it is remarkable that the rat is, in the far
                    East, frequently used as an ideograph for “water.” But here the agreement
                    ceases. For the Chinese series has the strange peculiarity of proceeding in a
                    retrograde direction or <hi rend="italic">against</hi> the course of the sun.
                    Thus, the second sign (of the Ox) occupies the position of Capricorn, the third
                    that of Sagittarius, and so on. The explanation of this seeming anomaly is to be
                    found in the primitive destination of the “animals” to the purposes of an
                    “horary zodiac.” Their succession, established to mark the hours of day and
                    night, was not unnaturally associated with the diurnal revolution of the sphere
                    from east to west.<note anchored="true" place="bottom" type="authorial"
                    ><p>Humboldt, <hi rend="italic">Vues des Cordillères,</hi> p. 168.</p></note>
                    They are unquestionably of native origin. Tradition ascribes their invention to
                    Tajao, minister of the emperor Hwang-te, who reigned <hi rend="italic">c.</hi>
                    2697 <hi rend="smallcaps">b.c.,</hi> and it can scarcely be placed later than
                    the 7th century <hi rend="smallcaps">b.c.Z</hi><note anchored="true"
                    place="bottom" type="authorial"><p>G. Schlegel, <hi rend="italic">Ur.
                    Chin.,</hi> pp. 37, 561.</p></note></p>
                <p>The Chinese circle of the “animals” obtained early a wide diffusion. It was
                    adopted by Tartars, Turks, and Mongols, in Tibet and Tong-king, Japan and Corea.
                    It is denominated by Humboldt<note anchored="true" place="bottom"
                    type="authorial"><p><hi rend="italic">Op. cit.,</hi> p. 219.</p></note> the
                    “zodiac of hunters and shepherds,” and he adds that the presence in it of a
                    tiger gives it an exclusively Asiatic character. It appears never to have been
                    designed for astronomical employment. From the first it served to characterize
                    the divisions of time. The nomenclature not only of the hours of the day and of
                    their minutest intervals was supplied by it, but of the months of the year, of
                    the years in the Oriental sixty-year cycle, and of the days in the “little
                    cycle” of twelve days. Nor has it yet fallen into desuetude. Years “of the Rat,”
                    “of the Tiger,” “of the Pig,” still figure in the almanacs of Central Asia,
                    Cochin China, and Japan.</p>
                <p>A large detachment of the “cyclical animals” even found its way to the New World.
                    Seven of the twenty days constituting the Aztec month bore names evidently
                    borrowed from those of the Chinese horary signs. The Hare (or Rabbit), Monkey,
                    Dog, and Serpent reappeared without change; for the Tiger, Crocodile, and Hen,
                    unknown in America, the Ocelot, Lizard, and Eagle were substituted as
                    analogous.<note anchored="true" place="bottom" type="authorial"><p><hi
                    rend="italic">Ibid.,</hi> p. 152; Prescott, <hi rend="italic">Conquest of
                    Mexico,</hi> vol. iii. p. 321 (ed. 1860).</p></note> The Aztec calendar dated
                    from the 7th century; but the zodiacal tradition embodied by it was doubtless
                    much more ancient. Of the zodiac in its true sense of a partitioned belt of the
                    sphere there was no aboriginal knowledge on the American continent. Mexican
                    acquaintance with the signs related only to their secondary function as dies (so
                    to speak) with which to stamp recurring intervals of time.</p>
                <p>The <hi rend="italic">synodical</hi> revolution of the moon laid down the lines
                    of the solar, its <hi rend="italic">sidereal</hi> revolution those of the lunar
                    zodiac. The first was a circlet of “full moons”; the second marked the diurnal
                    stages of the lunar progress round the sky, from and back again to any selected
                    star. The moon was the earliest “measurer” both of time and space; but its
                    services can scarcely have been rendered available until stellar “milestones”
                    were established at suitable points along its path. Such were the Hindu <hi
                    rend="italic">nakshatras,</hi> a word originally signifying stars in general,
                    but appropriated to designate certain small stellar groups marking the divisions
                    of the lunar track. They exhibit in an exaggerated form the irregularities of
                    distribution visible in our zodiacal constellations, and present the further
                    anomaly of being frequently reckoned as twenty-eight in number, while the
                    ecliptical arcs they characterize are invariably twenty-seven. Now, since the
                    moon revolves round the earth in 27⅓ days, hesitation between the two full
                    numbers might easily arise; yet the real explanation of the difficulty appears
                    to be different. The superfluous asterism, named <hi rend="italic">Abhijit,</hi>
                    included the bright star α Lyrae, under whose influence the gods had vanquished
                    the Asuras. Its invocation with the other <hi rend="italic">nakshatras,</hi>
                    remoteness from the ecliptic notwithstanding, was thus due (according to Prof.
                    Max Müller’s plausible conjecture)<note anchored="true" place="bottom"
                    type="authorial"><p><hi rend="italic">Rig-Veda Samhita,</hi> vol. iv., 1862,
                    Preface, p. lxii.</p></note> to its being regarded as of especially good omen.
                    Acquaintance with foreign systems of twenty-eight lunar divisions tended
                    doubtless to fix its position, which remained, nevertheless, always
                    equivocal.<note anchored="true" place="bottom" type="authorial"><p>Whitney, <hi
                    rend="italic">Journ. Am. Orient. Soc.,</hi> vol. viii. p. 394.</p></note>
                    Alternately admitted into or rejected from the series, it was finally, some six
                    or seven centuries ago, eliminated by the effects of precession in reversing the
                    order of culmination of its limiting stars.</p>
                <p>The notion of a twenty-seven-fold division of the zodiac was deeply rooted in
                    Hindu tradition. The number and the name were in early times almost synonymous.
                    Thus, a <hi rend="italic">nakshatra-mālā</hi> denoted a necklace of twenty-seven
                    pearls;<note anchored="true" place="bottom" type="authorial"><p>Max Miiller, <hi
                    rend="italic">op. cit.,</hi> p. lxiv.</p></note> and the fundamental equality of
                    the parts was figured in an ancient legend, by the compulsion laid upon King
                    Soma (the Moon) to share his time impartially between all his wives, the
                    twenty-seven daughters of Pra-jápati. Everything points to a native origin for
                    the system of <hi rend="italic">nakshatras.</hi> Some were named after
                    exclusively Vedic deities; they formed the basis of the sacrificial calendar of
                    the Brahmans; the old Indian names of the months were derived from them; their
                    existence was presupposed in the entire structure of Hindu ritual and
                    science.<note anchored="true" place="bottom" type="authorial"><p><hi
                    rend="italic">Ibid.,</hi> p. 42.</p></note> They do not, however, obtain full
                    recognition in Sanskrit literature until the Brāhmana period (7th or 8th century
                    <hi rend="smallcaps">b.c.).</hi> The <hi rend="italic">Rig-Veda</hi> contains
                    only one allusion to them, where it is said that “Soma is placed in the lap of
                    the <hi rend="italic">nakshatras</hi>”; and this is in a part including later
                    interpolations.</p>
                <p>Positive proof of the high antiquity of the Hindu lunar zodiac is nevertheless
                    afforded by the undoubted fact that the primitive series opened with Krittikā
                    (the Pleiades) as the sign of the vernal equinox. The arrangement would have
                    been correct about 2300 B.c.; it would scarcely have been possible after 1800
                    B.c.<note anchored="true" place="bottom" type="authorial"><p>A. Weber, <hi
                    rend="italic">Indische Studien,</hi> vol. x. p. 241.</p></note> We find nowhere
                    else a well-authenticated zodiacal sequence corresponding to so early a date.
                    The reform by which Krittikā, now relegated to the third place, was superseded
                    as the head of the series by “Açvini”<note anchored="true" place="bottom"
                    type="authorial"><p>Named from the Acvins, the Hindu Castor and Pollux. It
                    is</p></note> was accomplished under Greek <pb break="no"
                    facs="ia:encyclopediabrit24newyrich/page/n843/mode/1up"
                    xml:id="kp-eb0924-0843-0794"/> influence somewhere near the beginning of our
                    era. For purposes of ritual, however, the Pleiades, with Agni or “Fire” as their
                    presiding deity, continued to be the first sign. Hindu astronomy received its
                    first definite organization in the 6th century, with results embodied in the <hi
                    rend="italic">Sūrya-Siddhānta.</hi> Here the “signs’’and the “constellations” of
                    the lunar zodiac form two essentially distinct systems. The ecliptic is divided
                    into twenty-seven equal parts, called <hi rend="italic">bhogas</hi> or arcs, of
                    800' each. But the <hi rend="italic">nakshatras</hi> are twenty-eight, and are
                    represented by as many “junction stars” <hi rend="italic">(yogātāra),</hi>
                    carefully determined by their spherical coordinates. The successive entries of
                    the moon and planets into the <hi rend="italic">nakshatras</hi> (the
                    ascertainment of which was of great astrological importance) were fixed by means
                    of their conjunctions with the <hi rend="italic">yogātāras.</hi> These, however,
                    soon ceased to be observed, and already in the 11th century Al-Bīrūnī could meet
                    with no Hindu astronomer capable of pointing out to him the complete series.
                    Their successful identification by Colebrooke<note anchored="true"
                    place="bottom" type="authorial"><p><hi rend="italic">As. Res.,</hi> vol. ix. p.
                    330.</p></note> in 1807 had a purely archaeological interest. The modern <hi
                    rend="italic">nakshatras</hi> are twenty-seven equal ecliptical divisions, the
                    origin of which shifts, like that of the solar signs, with the vernal equinox.
                    They are, in fact, the <hi rend="italic">bhogas</hi> of the <hi rend="italic"
                    >Sūrya-Siddhānta.</hi> The mean place of the moon in them, published in all
                    Hindu almanacs, is found to serve unexceptionally the ends of astral
                    vaticination.<note anchored="true" place="bottom" type="authorial"><p>J. B.
                    Biot, <hi rend="italic">Études sur l' Astronomie Indienne,</hi> p.
                    225.</p></note></p>
                <p>The system upon which it is founded is of great antiquity. Belief in the power of
                    the <hi rend="italic">nakshatras</hi> evidently inspired the invocations of them
                    in the <hi rend="italic">Atharva-Veda.</hi> In the Brāhmana period they were
                    distinguished as “deva” and “yama,” the fourteen lucky asterisms being probably
                    associated with the waxing, the fourteen unlucky with the waning moon.<note
                    anchored="true" place="bottom" type="authorial"><p>A. Weber, “Die Vedischen
                    Nachrichten von den Naxatra,” in <hi rend="italic">Berliner Abhandlungen,</hi>
                    1861, p. 309.</p></note> A special <hi rend="italic">nakshatra</hi> was
                    appropriated to every occurrence of life. One was propitious to marriage,
                    another to entrance upon school-life, a third to the first ploughing, a fourth
                    to laying the foundation of a house. Festivals for the dead were appointed to be
                    held under those that included but one star. Propitiatory abstinences were
                    recommended when the natal asterism was menaced by unfavourable planetary
                    conjunctions. The various members of the body were parcelled out among the <hi
                    rend="italic">nak-shatras,</hi> and a rotation of food was prescribed as a
                    wholesome accompaniment of the moon’s revolution among them.<note
                    anchored="true" place="bottom" type="authorial"><p><hi rend="italic">Ibid.,</hi>
                    p <hi rend="italic">.</hi> 322; H. Kern, <hi rend="italic">Die Yogatara des
                    Varamihira∙,</hi> Weber’s <hi rend="italic">Ind. Stud.,</hi> vol. xv. pp.
                    174-181.</p></note></p>
                <p>The nomenclature of the Hindu signs of the zodiac, save as regards a few standard
                    asterisms, such as Açvini and Krittikā, was far from uniform. Considerable
                    discrepancies occur in the lists given by different authorities.<note
                    anchored="true" place="bottom" type="authorial"><p>Sir William Jones, <hi
                    rend="italic">As. Res.,</hi> vol. ii. pp. 294-5.</p></note> Hence it is not
                    surprising to meet in them evidence of foreign communications. Reminiscences of
                    the Greek signs of Gemini, Leo, Libra, Sagittarius, Capricornus, and Pisces are
                    obvious severally in the Hindu Two Faces, Lion’s Tail, Beam of a Balance, Arrow,
                    Gazelle’s Head (figured as a marine nondescript), and Fish. The correspondence
                    does not, however, extend to the stars; and some coincidences adverted to by
                    Humboldt between the <hi rend="italic">nakshatras</hi> and the zodiacal animals
                    of Central Asia are of the same nominal character.<note anchored="true"
                    place="bottom" type="authorial"><p>Humboldt, <hi rend="italic">Vues des
                    Cordillères,</hi> p. 154.</p></note> Mexican loans are more remarkable. They
                    were apparently direct as well as indirect. The Aztec calendar includes <hi
                    rend="italic">nakshatra</hi> titles borrowed, not only through the medium of the
                    Tartar zodiac, but likewise straight from the Indian scheme, apart from any
                    known intervention. The “three footprints of Vishnu,” for ex ample, unmistakably
                    gave its name to the Mexican day Ollin, signifying the “track of the sun”; and
                    both series further contain a “flint weapon,” a “stick,” and a “house.”<note
                    anchored="true" place="bottom" type="authorial"><p><hi rend="italic">Ibid.,</hi>
                    p. 152.</p></note> Several houses and couches were ranged along the Hindu zodiac
                    with the naive idea of providing resting-places for the wandering moon.</p>
                <p>Relationship of a more intimate kind connects the Hindu lunar mansions with those
                    of the Arabs and Chinese. The resemblance between the three systems is indeed so
                    close that it has been assumed, almost as axiomatic, that they must have been
                    framed from a single model; and the question of their origin has been debated
                    with all the resources of varied erudition by scholars such as Biot, Weber,
                    Whitney, and Max Müller. As the upshot of the controversy it appears
                    nevertheless to have become tolerably clear that the <hi rend="italic"
                    >nakshatras</hi> were both native to India, and the <hi rend="italic">sieu</hi>
                    to China, but that the <hi rend="italic">manāzil</hi> were mainly of Indian
                    derivation. The assertion, paradoxical at first sight, that the twenty-eight
                    “hostelries” of the Chinese sphere had nothing to do with the moon’s daily
                    motion seems to convey the actual fact. Their number, as a multiple of four, was
                    prescribed by the quaternary partition of the heavens, fundamental in Chinese
                    astronomy. It was considered by Biot to have been originally twenty-four, but to
                    have been enlarged to twenty-eight about 1100 <hi rend="smallcaps">b.c.,</hi> by
                    the addition of determinants for the solstices and equinoxes of that
                    period.<note anchored="true" place="bottom" type="authorial"><p>Biot, <hi
                    rend="italic">Jour. des Savans,</hi> 1845, p. 40.</p></note> The essential
                    difference, however, between the <hi rend="italic">nakshatras</hi> and the <hi
                    rend="italic">sieu</hi> is that the latter were equatorial, not ecliptical,
                    divisions. They were measured by the meridian-passages of the limiting stars,
                    and varied in amplitude from 2° 42' to 30° 24'.<note anchored="true"
                    place="bottom" type="authorial"><p>G. Schlegel, <hi rend="italic">Ur.
                    Chin.,</hi> p. 77.</p></note> The use of the specially observed stars
                    constituting or representing the <hi rend="italic">sieu</hi> was as points of
                    reference for the movements of sun, moon, and planets. They served, in fact, and
                    still serve (though with astrological ends in view), the precise purpose of
                    “fundamental stars” in European astronomy. All that is certainly known about the
                    antiquity of the <hi rend="italic">sieu</hi> is that they were well established
                    in the 3d century <hi rend="smallcaps">b.c.</hi> Their initial point at the
                    autumnal equinox marked by Kio (Spica Virginis) suits a still later date; and
                    there is no valid evidence that the modern series resulted from the
                    rectification of an older superannuated arrangement, analogous to the Krittikā
                    sequence of <hi rend="italic">nakshatras.</hi> The Hindu zodiacal constellations
                    belong then to an earlier epoch than the Chinese “stations,” such as they have
                    been transmitted to our acquaintance. Yet not only were the latter an
                    independent invention, but it is almost demonstrable that the <hi rend="italic"
                    >nakshatras,</hi> in their more recent organization, were, as far as possible,
                    assimilated to them. The whole system of junction stars was doubtless an
                    imitation of the <hi rend="italic">sieu;</hi> the choice of them by the Hindu
                    astronomers of the 6th century <hi rend="smallcaps">a.d.</hi> was plainly
                    instigated by a consideration of the Chinese list, compiled with a widely
                    different intent Where they varied from it, some intelligible reason can
                    generally be assigned for the change. Eight junction stars lie quite close to,
                    seven others are actually identical with, Chinese determinants;<note
                    anchored="true" place="bottom" type="authorial"><p>Biot, <hi rend="italic"
                    >Études,</hi> p. 136.</p></note> and many of these coincidences are between
                    insignificant and, for the purposes of ecliptical division, inconveniently
                    situated objects.</p>
                <p>The small stellar groups characterizing the Arab “mansions of the moon” <hi
                    rend="italic">(manāzil al-kamār)</hi> were more equably distributed than either
                    the Hindu or Chinese series. They presented, nevertheless, striking resemblances
                    to both. Twenty-four out of twenty-eight were formed, at least in part, of <hi
                    rend="italic">nakshatra</hi> or <hi rend="italic">sieu</hi> stars.<note
                    anchored="true" place="bottom" type="authorial"><p>Whitney, Notes to <hi
                    rend="italic">Sûrya-Siddhânta,</hi> p. 200.</p></note> That the Arab was
                    essentially a copy of the Hindu lunar zodiac can scarcely admit composed of the
                    stars in the head of Aries, and is figured by a horse’s head.</p>
                <pb break="no" facs="ia:encyclopediabrit24newyrich/page/n844/mode/1up"
                    xml:id="kp-eb0924-0844-0795"/>
                <p>of a doubt. They were divided on the same principle; each opened at the spring
                    equinox; the first Arab sign Sharatān was strictly equivalent to the Hindu
                    Açvini; and eighteen constellations in each were virtually coincident. The model
                    of the <hi rend="italic">sieu</hi> was, however, also regarded. Eighteen Chinese
                    determinants were included in the Arab asterisms, and of these five or six were
                    not <hi rend="italic">nakshatra</hi> stars; consequently, they must have been
                    taken directly from the Chinese series. Nor were the Greek signs without effect
                    in determining the names of the <hi rend="italic">manāzil,</hi><note
                    anchored="true" place="bottom" type="authorial"><p>Whitney, Notes to <hi
                    rend="italic">Sūrya-Siddhânta,</hi> p. 206.</p></note> the late appearance of
                    which, in a complete form, removes all difficulty in accounting for the various
                    foreign influences brought to bear upon them. They were first enumerated by
                    Alfar-ghāni early in the 9th century, when the Arabs were in astronomy the
                    avowed disciples of the Hindus. But, although they then received perhaps their
                    earliest quasi-scientific organization, the mansions of the moon had for ages
                    previously figured in the popular lore of the Bedouin. A set of twenty-eight
                    rhymes associated their heliacal risings with the changes of season and the
                    vicissitudes of nomad life; their settings were of meteorological and
                    astrological import;<note anchored="true" place="bottom" type="authorial"><p>A.
                    Sprenger, <hi rend="italic">Z. D. Μ. G.,</hi> vol. xiii. p. 161; Bīrūnī, <hi
                    rend="italic">Chronology,</hi> trans. by Sachau (London, 1879), p. 336 <hi
                    rend="italic">sq</hi>.</p></note> in the Koran (x. 5) they are regarded as
                    indispensable for the reckoning of time. Yet even this intimate penetration into
                    the modes of thought of the desert may be explained by prehistoric Indian
                    communication. The alternative view, advocated by Weber, that the lunar zodiac
                    was primitively Chaldaean, rests on a very shadowy foundation. It is true that a
                    word radically identical with <hi rend="italic">manāzil</hi> occurs twice in the
                    Bible, under the forms <hi rend="italic">mazzaloth</hi> and <hi rend="italic"
                    >mazzaroth</hi> (2 Kings xxiii. <hi rend="italic">5;</hi> Job xxxviii. 32); but
                    the heavenly halting-places which it seems to designate may be solar rather than
                    lunar. Euphratean exploration has so far brought to light no traces of
                    ecliptical partition by the moon’s diurnal motion, unless, indeed, zodiacal
                    associations be claimed for a set of twenty-eight deprecatory formulae against
                    evil spirits inscribed on a Ninevite tablet.<note anchored="true" place="bottom"
                    type="authorial"><p>Lenormant, <hi rend="italic">Chaldean Magic,</hi> p.
                    1.</p></note></p>
                <p>The safest general conclusions regarding this disputed subject appear to be that
                    the <hi rend="italic">sieu,</hi> distinctively and unvaryingly Chinese, cannot
                    properly be described as divisions of a lunar zodiac, that the <hi rend="italic"
                    >nahshatras,</hi> though of purely Indian origin, became modified by the
                    successive adoption of Greek and Chinese rectifications and supposed
                    improvements; while the <hi rend="italic">manazil</hi> constituted a frankly
                    eclectic system, in which elements from all quarters were combined. It was
                    adopted by Turks, Tartars, and Persians, and forms part of the astronomical
                    paraphernalia of the <hi rend="italic">Bundehish.</hi> The <hi rend="italic"
                    >sieu,</hi> on the other hand, were early naturalized in Japan.</p>
                <p>The refined system of astrological prediction based upon the solar zodiac was
                    invented in Chaldaea, obtained a second home and added elaborations in Egypt,
                    and spread irresistibly westward about the beginning of our era. For
                    genethliacal purposes the signs were divided into six solar and six lunar, the
                    former counted onward from Leo, the “house” of the sun, the latter backward from
                    the moon’s domicile in Cancer. Each planet had two houses—a solar and a
                    lunar—distributed according to the order of their revolutions. Thus Mercury, as
                    the planet nearest the sun, obtained Virgo, the sign adjacent to Leo, with the
                    corresponding lunar house in Gemini; Venus had Libra (solar) and Taurus (lunar);
                    and so for the rest. A ram frequently stamped on coins of Antiochus, with head
                    reverted towards the moon and a star (the planet Mars), signified Aries to be
                    the lunar house of Mars. With the respective and relative positions in the
                    zodiac of the sun, moon, and planets, the character of their action on human
                    destiny varied indefinitely. The influence of the signs, though secondary, was
                    hence overmastering: Julian called them <hi rend="italic">θεoῶv
                    δυvάμεις,</hi><note anchored="true" place="bottom" type="authorial"><p>“Orat. in
                    Solem,” <hi rend="italic">Op.,</hi> vol. i. p. 148, ed. 1696.</p></note> and
                    they were the objects of a corresponding veneration. Cities and kingdoms were
                    allotted to their several patronage on a system fully expounded by Manilius :—
                    Hos erit in fines orbis pontusque notandus, Quem Deus in partes per singula
                    dividit astra,</p>
                <p>Ac sua cuique dedit tutelae regna per orbem, Et proprias gentes atque urbes
                    addidit altas, In quibus exercent praestantia sidera vires.<note anchored="true"
                    place="bottom" type="authorial"><p><hi rend="italic">Astr.,</hi> bk. iv., ver.
                    696 <hi rend="italic">sq.</hi></p></note></p>
                <p>Syria was assigned to Aries, and Syrian coins frequently bear the effigy of a
                    rani; Scythia and Arabia fell to Taurus, India to Gemini. Palmyra, judging from
                    numismatic evidence, claimed the favour of Libra, Zeugma that of Capricorn; Leo
                    protected Miletus, Sagittarius Singara.<note anchored="true" place="bottom"
                    type="authorial"><p>Eckhel, <hi rend="italic">Descriptio Nummorum Antiochus
                    Syriae,</hi> pp. 18, 25.</p></note> The “power of the signs” was similarly
                    distributed among the parts of the human body :—</p>
                <p>Et quanquam communis eat tutela per omne Corpus, et in proprium divisis artubus
                    exit: Namque aries capiti, taurus cervicibus haeret; Brachia sub geminis
                    censentur, pectora cancro.<note anchored="true" place="bottom" type="authorial"
                    ><p>Manilius, <hi rend="italic">Astr.,</hi> bk. iv. ver. 702-5.</p></note></p>
                <p>Warnings were uttered against surgical treatment of a member through whose sign
                    the moon happened to be passing;<note anchored="true" place="bottom"
                    type="authorial"><p>A. J. Peirce, <hi rend="italic">Science of the Stars,</hi>
                    p. 84.</p></note> and zodiacal anatomy was an indispensable branch of the
                    healing art in the Middle Ages. Some curious memorials of the superstition have
                    survived in rings and amulets, engraven with the various signs, and worn as a
                    kind of astral defensive armour. Many such, of the 14th and 15th centuries, have
                    been recovered from the Thames.<note anchored="true" place="bottom"
                    type="authorial"><p><hi rend="italic">Journ. Arch. Soc.,</hi> xiii. pp. 254,
                    310, and xx. p. 80.</p></note> Individuals, too, adopted zodiacal emblems.
                    Capricornus was impressed upon the coins of Augustus, Libra on those of
                    Pythodoris, queen of Pontus; a sultan of Iconium displayed Leo as his
                    “horoscope” and mark of sovereignty; Stephen of England chose the protection of
                    Sagittarius.</p>
                <p>In Egypt celestial influences were considered as emanating mainly from the
                    thirty-six “decans” of the signs. They were called the “media of the whole
                    circle of the zodiac;”<note anchored="true" place="bottom" type="authorial"
                    ><p>In a fragment of <hi rend="italic">Hermes</hi> translated by Th. Taylor at
                    p. 362 of his version of Iamblichus.</p></note> each ten-day period of the
                    Egyptian year was consecrated to the decanal god whose section of the ecliptic
                    rose at its commencement; the body was correspondingly apportioned, and disease
                    was cured by invoking the zodiacal regent of the part affected.<note
                    anchored="true" place="bottom" type="authorial"><p>Pettigrew, <hi rend="italic"
                    >Superstitions Connected with Hist. of Medicine,</hi> p. 30.</p></note> As early
                    as the 14th century <hi rend="smallcaps">b.c.</hi> a complete list of the decans
                    was placed among the hieroglyphs adorning the tomb of Sethos I.; they figured
                    again in the temple of Rameses II.,<note anchored="true" place="bottom"
                    type="authorial"><p>Lepsius, <hi rend="italic">Chronologie der Aegypter,</hi>
                    part i. p. 68.</p></note> and characterize every Egyptian astrological monument.
                    Both the famous zodiacs of Dendera display their symbols, unmistakably
                    identified by Lepsius. The late origin of these interesting representations was
                    established by the detection upon them of the cartouches of Tiberius and Nero.
                    As the date of inception of the circular one now at Paris the year 46 <hi
                    rend="smallcaps">b.c.</hi> has, however, been suggested with high probability,
                    from (among other indications) the position among the signs of the emblem of the
                    planet Jupiter.<note anchored="true" place="bottom" type="authorial"><p><hi
                    rend="italic">Ibid.,</hi> p. 102.</p></note> Its design was most likely to serve
                    as a sort of <hi rend="italic">thema coeli</hi> at the time of the birth of
                    Caesarion. The companion rectangular zodiac still <hi rend="italic">in situ</hi>
                    on the portico of the temple of Isis at Dendera suits, as to constellational
                    arrangements, the date 29 <hi rend="smallcaps">a.d.</hi> It set forth, there is
                    reason to believe, the natal scheme, not of the emperor Tiberius, as had been
                    conjectured by Lauth,<note anchored="true" place="bottom" type="authorial"
                    ><p><hi rend="italic">Les Zodiaques de Denderah,</hi> p. 78.</p></note> but of
                    the building it served to decorate. The Greek signs of the zodiac, including
                    Libra, are obvious upon both these monuments, which have thrown some useful
                    light upon the calendar system and method of stellar grouping of the ancient
                    Egyptians.<note anchored="true" place="bottom" type="authorial"><p>See Riel’s
                    <hi rend="italic">Das feste Jahr von Denderah,</hi> 1878.</p></note></p>
                <p>An Egypto-Greek planisphere, first described by Bianchini,<note anchored="true"
                    place="bottom" type="authorial"><p><hi rend="italic">Mém. de l’Acad.,</hi>
                    Paris, 1708, Hist., p. 110; see also Humboldt, <hi rend="italic">Vues des
                    Cordillères,</hi> p. 170; Lepsius, <hi rend="italic">op. cit.,</hi> p. 83;
                    Fröhner, <hi rend="italic">Sculpture du Louvre,</hi> p. 17.</p></note> resembles
                    in its general plan the circular zodiac of Dendera. The decans are ranged on the
                    outermost of its five concentric zones; the planets and the Greek zodiac in
                    duplicate occupy the next three; while the inner circle is unaccountably
                    reserved for the Chinese cyclical animals. The relic was dug up on the Aventine
                    in 1705, and is now in the Louvre. It dates from the 2d or 3d century of our
                    era. The Tartar zodiac is not unfrequently found engraven on Chinese mirrors in
                    polished bronze or steel of the 7th century, and figured on the “plateau of the
                    twelve hours” in the treasury of the emperors of the Tang dynasty.<note
                    anchored="true" place="bottom" type="authorial"><p>Schlegel, <hi rend="italic"
                    >Ur. Chin.,</hi> p. 561; Pettigrew, <hi rend="italic">Jour. Arch. Soc.,</hi>
                    vol. viii. p. 21.</p></note></p>
                <p>Probably the most ancient zodiacal representation in existence is a fragment of a
                    Chaldaean planisphere in the British Museum, once inscribed with the names of
                    the twelve months and their governing signs. Two only now remain.<note
                    anchored="true" place="bottom" type="authorial"><p>Fox Talbot, <hi rend="italic"
                    >Trans. Soc. Bibl. Archaeol.,</hi> vol. iv. p. 260.</p></note> A zodiac on the
                    “astrological altar of Gabies” in the Louvre illustrates the apportionment of
                    the signs among the inmates of the Roman Pantheon;<note anchored="true"
                    place="bottom" type="authorial"><p>Ménard, <hi rend="italic">La Mythologie dans
                    l'Art,</hi> p. 388.</p></note> and they occur <pb break="no"
                    facs="ia:encyclopediabrit24newyrich/page/n845/mode/1up"
                    xml:id="kp-eb0924-0845-0796"/> as a classical reminiscence in the mosaic
                    pavements of San Miniato and the baptistery at Florence, the cathedral of Lyons,
                    and the crypt of San Savino at Piacenza.<note anchored="true" place="bottom"
                    type="authorial"><p>Fowler, <hi rend="italic">Archaeologia,</hi> vol. xliv. p.
                    172.</p></note> Zodiacal symbolism became conspicuous in mediaeval art. Nearly
                    all the French cathedrals of the 12th and 13th centuries exhibit on their
                    portals a species of rural calendar, in which each month and sign has its
                    corresponding labour. The zodiac of Notre Dame of Paris, opening with Aquarius,
                    is a noted instance.<note anchored="true" place="bottom" type="authorial"
                    ><p>Viollet-le-Duc, <hi rend="italic">Dict. de l'Arch. Française,</hi> vol. ix.
                    p. 551; Le Gentil, <hi rend="italic">Mém. de l'Acad.,</hi> Paris, 1785, p.
                    20.</p></note> A similar series, in which sculptured figures of Christ and the
                    Apostles are associated with the signs, is to be seen in perfect preservation on
                    the chief doorway of the abbey church at Vézelay. The cathedrals of Amiens,
                    Sens, and Rheims are decorated in the same way. In Italy the signs and works
                    survive fragmentarily in the baptistery at Parma, completely on the porch of the
                    cathedral of Cremona and on the west doorway of St Mark’s at Venice. They are
                    less common in England; but St Margaret’s, York, and the church of Iffley in
                    Oxfordshire offer good specimens. In the zodiac of Merton College, Oxford, Libra
                    is represented by a judge in his robes and Pisces by the dolphin of Fitzjames,
                    warden of the college, 1482-1507.<note anchored="true" place="bottom"
                    type="authorial"><p>Fowler, <hi rend="italic">Archaeologia,</hi> vol. xliv. p.
                    150.</p></note> The great rose-windows of the Early Gothic period were
                    frequently painted with zodiacal emblems; and some frescos in the cathedral of
                    Cologne contain the signs, each with an attendant angel, just as they were
                    depicted on the vault of the church at Mount Athos. Giotto’s zodiac at Padua was
                    remarkable (in its undisturbed condition) for the arrangement of the signs so as
                    to be struck in turns, during the corresponding months, by the sun’s rays.<note
                    anchored="true" place="bottom" type="authorial"><p><hi rend="italic">Ibid.,</hi>
                    p. 175.</p></note> The “zodiac of labours” was replaced in French castles and
                    hôtels by a “zodiac of pleasures,” in which hunting, hawking, fishing, and
                    dancing were substituted for hoeing, planting, reaping, and ploughing.<note
                    anchored="true" place="bottom" type="authorial"><p>Viollet-le-Duc, <hi
                    rend="italic">Dict. de l’Arch.,</hi> vol. ix. p. 551.</p></note></p>
                <p>It is curious to find the same sequence of symbols employed for the same
                    decorative purposes in India as in Europe. A perfect set of signs was copied in
                    1764 from a pagoda at Verdapettah near Cape Comorin, and one equally complete
                    existed at the same period on the ceiling of a temple near Mindurah.<note
                    anchored="true" place="bottom" type="authorial"><p>John Call, <hi rend="italic"
                    >Phil. Trans.,</hi> vol. lxii. p. 353. Comp. Houzeau, <hi rend="italic"
                    >Bibliographie Astronomique,</hi> vol. i. pt i. p. 136, where a useful sketch of
                    the general results of zodiacal research will be found.</p></note></p>
                <p>The hieroglyphs representing the signs of the zodiac in astronomical works are of
                    late introduction. They are found in manuscripts of about the 10th century, but
                    in carvings not until the 15th or 16th.<note anchored="true" place="bottom"
                    type="authorial"><p>R. Brown, <hi rend="italic">Archaeologia,</hi> vol. xlvii.
                    p. 341; Sayce, in <hi rend="italic">Nature,</hi> vol. XXV. p. 525.</p></note>
                    Their origin is unknown; but some, if not all of them, have antique
                    associations. The hieroglyph of Leo, for instance, occurs among the symbols of
                    the Mithraic worship.<note anchored="true" place="bottom" type="authorial"
                    ><p>See Lajard, <hi rend="italic">Culte de Mithra,</hi> pl. xxvii. fig. 5,
                    &amp;c.</p></note> (A. Μ. C.)</p>
            </div>
        </body>
    </text>
</TEI>
