<?xml version="1.0" encoding="utf-8"?><?xml-model  href="https://TU-plogan.github.io/code/odd/tei_kp1.rng" type="application/xml" schematypens="http://relaxng.org/ns/structure/1.0"?>
<TEI xml:id="kp-eb0913-0858-0825-05" xml:lang="en" xmlns="http://www.tei-c.org/ns/1.0">
    <teiHeader>
        <fileDesc>
            <titleStmt xml:id="eb07_v1.0">
                <title level="a" type="main">KAKAPO (9th edition, volume 13, page 825)</title>
                <title level="m" type="main">Encyclopaedia Britannica, 9th edition</title>
                <title level="m" type="sub">A machine-readable transcription</title>
                <editor>Edited by <persName ref="https://orcid.org/0000-0003-2362-8282"
                    role="editor" xml:id="pml">Peter Melville Logan</persName></editor>
                <respStmt>
                    <orgName xml:id="kp">Nineteenth-Century Knowledge Project Staff,
                        <affiliation>Temple University</affiliation></orgName>
                    <resp>OCR transcription and data management</resp>
                </respStmt>
                <respStmt>
                    <persName ref="https://orcid.org/0000-0001-7819-5360" xml:id="jg">Jane
                        Greenberg, <affiliation>Metadata Research Center, Drexel
                        University</affiliation></persName>
                    <resp>metadata development</resp>
                </respStmt>
                <respStmt>
                    <persName xml:id="dk">Don Kretz, <affiliation>Distributed
                        Proofreading</affiliation></persName>
                    <resp>data management</resp>
                </respStmt>
                <funder><orgName ref="http://viaf.org/viaf/137796012" xml:id="neh">National
                    Endowment for the Humanities</orgName></funder>
                <funder><orgName ref="http://viaf.org/viaf/121974598" xml:id="imls">Institute of
                    Museum and Library Services</orgName></funder>
                <funder><orgName ref="http://viaf.org/viaf/127396206" xml:id="tu">Temple
                    University</orgName></funder>
                <sponsor><orgName ref="http://viaf.org/viaf/3653147665869560670009" xml:id="cci"
                    >Drexel University, College of Computing &amp; Informatics</orgName></sponsor>
            </titleStmt>
            <editionStmt>
                <edition n="1.0">Version 1.0, initial release <date when="2023"
                    >2023</date></edition>
            </editionStmt>
            <extent>387 MB; 17,772 XML files in 47 folders </extent>
            <publicationStmt>
                <publisher corresp="kp"><orgName corresp="kp">Nineteenth-Century Knowledge
                    Project</orgName><email>nckp@temple.edu</email><link
                    target="https://tu-plogan.github.io/index.html"/></publisher>
                <availability status="free">
                    <p>Licensed under a Creative Commons Attribution 4.0 International License.</p>
                    <licence target="https://creativecommons.org/licenses/by/4.0/"> CC BY 4.0
                    </licence>
                </availability>
                <date when="2020">2023</date>
            </publicationStmt>
            <seriesStmt>
                <title level="s">Encyclopaedia Britannica: A machine-readable text
                    transcription</title>
                <editor corresp="pml">Peter Melville Logan</editor>
            </seriesStmt>
            <sourceDesc>
                <biblFull xml:lang="en">
                    <titleStmt>
                        <title level="m">Encyclopaedia Britannica</title>
                        <editor><persName ref="http://viaf.org/viaf/12465694" xml:id="mn">Baynes, T.
                            Spencer (Thomas Spencer), <date from="1823" to="1887"
                            >1823-1887</date></persName></editor>
                    </titleStmt>
                    <editionStmt>
                        <edition>Ninth Edition</edition>
                    </editionStmt>
                    <extent><measure quantity="25" unit="vol">25 volumes</measure></extent>
                    <publicationStmt>
                        <publisher>Charles Scribner's Sons</publisher>
                        <authority>Authorized reprint from Edinburgh plates</authority>
                        <pubPlace>New York</pubPlace>
                        <date from="1875" to="1889">1875-1889</date>
                    </publicationStmt>
                    <sourceDesc>
                        <bibl xml:id="ia-uc"><title>Encyclopaedia Britannica: a dictionary of arts,
                            sciences, and general literature</title><publisher><orgName
                            ref="https://archive.org/">Internet Archive</orgName><orgName
                            ref="https://archive.org/details/cdl">University of California
                            Libraries, California Digital Library</orgName></publisher><date
                            when="2019">2006</date><idno type="OCLC">592355607</idno><idno
                            type="ark">13960/t0ks6j612</idno><availability>
                            <p>Internet Archive: NOT_IN_COPYRIGHT</p>
                            </availability></bibl>
                    </sourceDesc>
                </biblFull>
                <listBibl>
                    <head>Alternate image sources for this edition:</head>
                    <desc>Alternate images of the same print editions were substituted when the
                        primary source had unusable images for those pages.</desc>
                    <bibl xml:id="um-ht">Hathi Trust, from print source at the University of
                        Michigan: vol. 14, pp. 34-35; vol. 15, pp. 170-171.</bibl>
                </listBibl>
            </sourceDesc>
        </fileDesc>
        <encodingDesc>
            <editorialDecl>
                <correction method="markup" status="low">
                    <p>This electronic text file was created by optical character recognition (OCR).
                        OCR errors have not been corrected.</p>
                    <p>Illegible text in the original is indicated using <gi>unclear</gi> or
                        <gi>gap</gi>, as appropriate. If corrected, the reference source is
                        indicated with <gi>supplied</gi>.</p>
                </correction>
                <normalization method="silent">
                    <p>Original spelling is preserved. When noticed, obvious misspellings are
                        combined with the correct spelling as <gi>choice</gi> in the TEI. Ligatures
                        are reproduced as multiple letters. Original footnote and marginal note
                        sigla are replaced with sequential numbers for each entry.</p>
                </normalization>
                <punctuation marks="some">
                    <p>Extra space around punctuation marks is removed.</p>
                </punctuation>
                <quotation marks="some">
                    <p>Quotation marks are retained as content in the text. Redundant open quotation
                        marks at the start of lines inside block quotes are silently removed.</p>
                </quotation>
                <hyphenation eol="hard">
                    <p>Soft hyphens are removed silently.</p>
                </hyphenation>
                <segmentation>
                    <p>The <tag>div type="entry"</tag> element divides the text into individual
                        entries.</p>
                    <p>The <tag>div type="section"</tag> and <tag>div type="subsection"</tag>
                        elements are reserved for future entry subsections.</p>
                </segmentation>
                <ab><list rend="bulleted" type="basic">
                    <item>Encoding uses the recommendations for Level 3 of the TEI in Libraries
                        Guidelines.</item>
                    <item>Individual entries and page-breaks are encoded, but column breaks are
                        omitted.</item>
                    <item>Running headers and side descriptions are not included.</item>
                    <item>Some font formatting is preserved: italic, small caps, strike-through,
                        subscript, superscript, underline. The following formatting is ignored:
                        bold, font size, typeface.</item>
                    </list></ab>
            </editorialDecl>
            <tagsDecl>
                <namespace name="http://www.tei-c.org/ns/1.0">
                    <tagUsage gi="div">Unnumbered divs used.</tagUsage>
                </namespace>
            </tagsDecl>
            <projectDesc>
                <p>All text was encoded for the Nineteenth-Century Knowledge Project to provide a
                    machine-readable edition of the Encyclopedia Britannica to analyze.</p>
                <p>Subject-level metadata was added to each entry using the HIVE automated
                    vocabulary server created by the Metadata Research Center at Drexel University
                    (<link target="https://hive2.cci.drexel.edu"/>https://hive2.cci.drexel.edu).</p>
            </projectDesc>
            <samplingDecl>
                <p>The first release is a reproduction of text matter for all entries. It does not
                    include images, tables, formulae, front- or back-matter. It omits volume 1,
                    which consists of "Dissertations" rather than entries.</p>
            </samplingDecl>
            <listPrefixDef>
                <prefixDef ident="fast" matchPattern="(\d+)"
                    replacementPattern="http://id.worldcat.org/fast/$1">
                    <p>URIs with the prefix <code>fast:</code> point to terms in the OCLC FAST
                        (Faceted Application of Subject Terminology) subject heading schema derived
                        from the Library of Congress Subject Headings (LCSH).</p>
                </prefixDef>
                <prefixDef ident="lcsh1910" matchPattern="(\w+)"
                    replacementPattern="https://n2t.net/ark:/99152/$1">
                    <p>URIs with the prefix <code>lcsh1910:</code> point to subject terms in the
                        volume <hi rend="italic">Subject Headings Used in the Dictionary Catalogues
                        of the Library of Congress</hi>, 7 vols., Library of Congress, 1910.</p>
                </prefixDef>
                <prefixDef ident="ht" matchPattern="([\w\-\.;=\&#34;&amp;]+)"
                    replacementPattern="https://babel.hathitrust.org/cgi/pt?id=$1">
                    <p>URIs with the prefix <code>ht:</code> point to page images in the Hathi
                        Trust.</p>
                </prefixDef>
                <prefixDef ident="ia" matchPattern="(\w+)"
                    replacementPattern="https://archive.org/details/$1">
                    <p>URIs with the prefix <code>ia:</code> point to page images in the Internet
                        Archive.</p>
                </prefixDef>
                <prefixDef ident="nls" matchPattern="([\w?\=]+)"
                    replacementPattern="https://digital.nls.uk/encyclopaedia-britannica/archive/$1">
                    <p>URIs with the prefix <code>nls:</code> point to page images in the National
                        Library of Scotland.</p>
                </prefixDef>
            </listPrefixDef>
        </encodingDesc>
        <profileDesc>
            <textClass>
                <keywords scheme="http://id.worldcat.org/fast/">
                    <term ref="fast:985762">Kakapo</term>
                    <term ref="fast:1053920">Parrots</term>
                    <term ref="fast:1030128">Museums</term>
                    <term ref="fast:910709">English</term>
                    <term ref="fast:839044">British</term>
                    <term ref="fast:1155984">Trees</term>
                    <term ref="fast:832970">Birds</term>
                    <term ref="fast:1037627">Night</term>
                </keywords>
                <keywords scheme="https://id.cci.drexel.edu/">
                    <term ref="lcsh1910:b45717n5r">Parrots</term>
                    <term ref="lcsh1910:b4028pk7k">Museums</term>
                    <term ref="lcsh1910:b47s7hz60">Maoris</term>
                    <term ref="lcsh1910:b4zk55m9h">Birds</term>
                    <term ref="lcsh1910:b46m33b7w">Ravens</term>
                    <term ref="lcsh1910:b4s17ss11">Trees</term>
                    <term ref="lcsh1910:b4kh0dz4g">Owls</term>
                    <term ref="lcsh1910:b4n58cn85">Habit</term>
                </keywords>
                <keywords scheme="http://id.worldcat.org/fast/">
                    <term ref="fast:1219920">England</term>
                </keywords>
            </textClass>
        </profileDesc>
        <revisionDesc status="published">
            <change status="public" when="2023-02-28" who="#pml">v.1 published</change>
            <change status="public" when="2023-02-27" who="#pml">v.1 teiHeader XSL finished</change>
        </revisionDesc>
    </teiHeader>
    <text>
        <body>
            <div facs="ia:encyclopediabrit13newyrich/page/n858/mode/1up" type="entry">
                <p><label type="entry">KAKAPO</label>, the Maori name, signifying “Night-Parrot,”
                    and frequently adopted by English writers, of a bird, commonly called by British
                    colonists in New Zealand the “Ground-Parrot” or “Owl-Parrot.” The existence of
                    this singular form was first made known in 1843 by Dieffenbach <hi rend="italic"
                    >(Travels in N. Zealand,</hi> ii. p. 194), from some of its tailfeathers
                    obtained by him in the interior of that country, and he suggested that it was
                    one of the <hi rend="italic">Cuculidx,</hi> possibly belonging to the genus <hi
                    rend="italic">Centropus,</hi> but he added that it was becoming scarce, and that
                    no example had been seen for many years. The late Mr G. R. Gray, noticing it in
                    June 1845 <hi rend="italic">(Zool. Voy. “ .Erebus” and “Terrorf</hi> part ix. p.
                    9), was able to say little more of it, but very soon afterwards a skin was
                    received at the British Museum, of which, in the following September, he
                    published a figure <hi rend="italic">(Ceη. Birds,</hi> part xvii.), naming it
                    <hi rend="italic">Strigoρs</hi><note anchored="true" place="bottom"
                    type="authorial"><p>This generic term was subsequently altered by Van der
                    Hoeven, rather pedantically, to <hi rend="italic">Striηgοps,</hi> a spelling now
                    generally adopted.</p></note><hi rend="italic">habroptilus,</hi> and rightly
                    placing it among the Parrots, but he did not describe it technically for another
                    eighteen months <hi rend="italic">(Proc. Zool. Society,</hi> 1847, p. 61), by
                    which time some further information concerning it had been furnished by Sir
                    George Grey <hi rend="italic">(Ann. Nat. History,</hi> xviii. p. 427) and the
                    late Mr Strange <hi rend="italic">(Proc. Zool. Society,</hi> 1847, p. 50); while
                    in the same year Jules Verreaux sent an example, with an account of its habits,
                    to the museum of Paris, which was published by Dr Pucheran <hi rend="italic"
                    >(Rev. Zooloyique,</hi> 1847, p. 385). Various observers, among whom must be
                    especially named Drs Lyall <hi rend="italic">(Proc. Zool. Society,</hi> 1852, p.
                    31) and Haast <hi rend="italic">(Verh. zool.-bot. Gesellsch. Wien,</hi> 1863, p.
                    1115) supplied other particulars, and many specimens have now been received in
                    Europe, so that it is represented in most museums, and at least half a dozen
                    examples have reached England alive. Yet, though much has been written about it,
                    there is no detailed description of its internal structure, which fact is the
                    more to be regretted since the bird is obviously doomed to early extinction, and
                    the opportunity of solving several zoological problems of great interest, which
                    a minute examination of its anatomy might afford, will be lost if some one does
                    not speedily take the matter in hand. Few existing birds offer a better subject
                    for a monographer, and it is to be hoped that, if perish the genus and species
                    must, posterity will not have to lament the want of an exhaustive treatise on
                    its many and wonderful characteristics.</p>
                <p>In habits the Kakapo is almost wholly nocturnal,<note anchored="true"
                    place="bottom" type="authorial"><p>It has, however, been occasionally observed
                    abroad by day; and, in captivity, one example at least is said to have been just
                    as active by day as by night.</p></note> hiding in holes (which in some
                    instances it seems to make for itself) under the roots of trees or rocks during
                    the daytime, and only issuing forth about sunset to seek its food, which is
                    solely vegetable in kind, and consists of the twigs, leaves, seeds, and fruits
                    of trees, grass, and fern-roots— some observers say mosses also. It sometimes
                    climbs trees, but generally remains on the ground, only using its comparatively
                    short wings to balance itself in running, or to break its fall when it drops
                    from a tree—though not always then—being apparently quite incapable of real
                    flight. It thus becomes an easy prey to the marauding creatures—cats, rats, and
                    so forth—which European colonists have let loose in New Zealand, so disastrously
                    for its indigenous inhabitants. Sir G. Grey says it had been, within the memory
                    of old people, abundant in every part of that country, but (writing in 1854) was
                    then found only in the unsettled districts. But as the latter are continually
                    suffering from encroachment, so are the haunts of the Kakapo, and it is <pb
                    break="no" facs="ia:encyclopediabrit13newyrich/page/n859/mode/1up"
                    xml:id="kp-eb0913-0859-0826"/> to be remarked that, from some cause unknown to
                    us, there are localities which, though unsettled, it does not seem to inhabit,
                    and thus little hope can be entertained of its surviving much longer.</p>
                <p>The Kakapo is about the size of a Raven, of a green or brownish-green colour,
                    thickly freckled and irregularly barred with dark brown, and dashed here and
                    there with longitudinal stripes of light yellow. Examples are subject to much
                    variation in colour<note anchored="true" place="bottom" type="authorial"><p>A
                    specimen in the British Museum <hi rend="italic">(Ζοοl. Vοy. “Breims” and
                    “Terrοrfρt,</hi> xxii. pl. 7) has the prevailing green tint replaced by blue of
                    several shades, and has been described as a distinct species, <hi rend="italic"
                    >S. greyi;</hi> but it is obviously in an abnormal condition, and its specific
                    distinctness cannot be maintained without further evidence.</p></note> and
                    shade, and in some the lower parts are deeply tinged with yellow. Externally the
                    most striking feature of the bird is its head, armed with a powerful beak, that
                    it well knows how to use, and its face clothed with hairs and elongated feathers
                    that sufficiently resemble the physiognomy of an Owl to justify the generic name
                    bestowed upon it. Of its internal structure little has been described, and that
                    not always correctly. Its furcula has been said <hi rend="italic">{Proc. Zool.
                    Society,</hi> 1874, p. 594) to be “lost,” whereas the clavicles, which in most
                    birds unite to form that bone, are present, though they do not meet, while in
                    like manner the bird has been declared <hi rend="italic">{op. cit.,</hi> 1867,
                    p. 624, note) to furnish among the <hi rend="italic">Carinatae</hi> “the only
                    apparent exception to the presence of a keel” to the sternum. The keel, however,
                    is undoubtedly there, as remarked by MM. Blanchard <hi rend="italic">{Ann. Nat.
                    Sc.,</hi><hi rend="italic">Zoologie,</hi> ser. 4, xi. p. 83) and A. Milne
                    Edwards <hi rend="italic">{Ois. Foss, de la France,</hi> ii. p. 516), and,
                    though much reduced in size, is nearly as much developed as in the <hi
                    rend="smallcaps">Dodo</hi> and the <hi rend="smallcaps">Weka</hi><hi
                    rend="italic">{&lt;ppvf.</hi> The aborted condition of this process can hardly
                    be regarded but in connexion with the incapacity of the bird for flight, and may
                    very likely be, as some have supposed, the result of disuse. There can be
                    scarcely any doubt as to the propriety of considering this genus the type of a
                    separate Family of <hi rend="italic">Psittaci</hi>; but whether it stands alone,
                    or some other forms <hi rend="italic">{Pezoporus</hi> or <hi rend="italic"
                    >Geopsittacus,</hi> for example, which in coloration and habits present some
                    curious analogies) should be placed with it, must await future determination. In
                    captivity the Kakapo is said to shew much intelligence, as well as an
                    affectionate and playful disposition, soon attaching itself to its master and
                    taking pleasure in caressing him and being caressed in turn. Unfortunately it
                    does not seem to share the longevity characteristic of most Parrots, and none
                    that have been held in confinement appear to have long survived, while many
                    succumb speedily. For further details the reader may be referred to Gould’s <hi
                    rend="italic">Pirds of Australia</hi> (ii. p. 247) and <hi rend="italic"
                    >Handbook</hi> (ii. p. 539), Dr Finsch’s <hi rend="italic">Die</hi><hi
                    rend="italic">Papageien</hi> (i. p. 241), and Mr Buller’s <hi rend="italic"
                    >Birds of New Zealand</hi> (p. 26)— in which last work nearly all the
                    information hitherto recorded is to be found. <hi rend="smallcaps">(a.
                    n.)</hi></p>
            </div>
        </body>
    </text>
</TEI>
