<?xml version="1.0" encoding="utf-8"?><?xml-model  href="https://TU-plogan.github.io/code/odd/tei_kp1.rng" type="application/xml" schematypens="http://relaxng.org/ns/structure/1.0"?>
<TEI xml:id="kp-eb0712-1078-0252-02" xml:lang="en" xmlns="http://www.tei-c.org/ns/1.0">
    <teiHeader>
        <fileDesc>
            <titleStmt xml:id="eb07_v3.0">
                <title level="a" type="main">IMAGE</title>
                <title level="m" type="main">Encyclopaedia Britannica: A machine-readable
                    transcription</title>
                <title level="m" type="sub">7th edition, volume 12, page 252</title>
                <editor>Edited by <persName ref="https://orcid.org/0000-0003-2362-8282"
                    role="editor" xml:id="pml">Peter Melville Logan</persName></editor>
                <respStmt>
                    <orgName xml:id="kp">Nineteenth-Century Knowledge Project Staff,
                        <affiliation>Temple University</affiliation></orgName>
                    <resp>OCR transcription and data management</resp>
                </respStmt>
                <respStmt>
                    <persName ref="https://orcid.org/0000-0001-7819-5360" xml:id="jg">Jane
                        Greenberg, <affiliation>Metadata Research Center, Drexel
                        University</affiliation></persName>
                    <resp>metadata development</resp>
                </respStmt>
                <respStmt>
                    <persName xml:id="dk">Don Kretz, <affiliation>Distributed
                        Proofreading</affiliation></persName>
                    <resp>data management</resp>
                </respStmt>
                <funder><orgName ref="http://viaf.org/viaf/137796012" xml:id="neh">National
                    Endowment for the Humanities</orgName></funder>
                <funder><orgName ref="http://viaf.org/viaf/121974598" xml:id="imls">Institute of
                    Museum and Library Services</orgName></funder>
                <funder><orgName ref="http://viaf.org/viaf/127396206" xml:id="tu">Temple
                    University</orgName></funder>
                <sponsor><orgName ref="http://viaf.org/viaf/3653147665869560670009" xml:id="cci"
                    >Drexel University, College of Computing &amp; Informatics</orgName></sponsor>
            </titleStmt>
            <editionStmt>
                <edition n="3.0">Version 3.0<date when="2024">2024</date></edition>
            </editionStmt>
            <extent>464 MB; 21,116 XML files </extent>
            <publicationStmt>
                <publisher corresp="kp"><orgName corresp="kp">Nineteenth-Century Knowledge
                    Project</orgName><email>nckp@temple.edu</email><link
                    target="https://github.com/TU-plogan/KnowledgeProject"/></publisher>
                <availability status="free">
                    <p>Licensed under a Creative Commons Attribution 4.0 International License.</p>
                    <licence target="https://creativecommons.org/licenses/by/4.0/"> CC BY 4.0
                    </licence>
                </availability>
                <date when="2024">2024</date>
            </publicationStmt>
            <seriesStmt>
                <title level="s">Encyclopaedia Britannica: A machine-readable transcription</title>
                <editor corresp="pml">Peter Melville Logan</editor>
            </seriesStmt>
            <sourceDesc>
                <biblFull xml:lang="en">
                    <titleStmt>
                        <title level="m">Encyclopaedia Britannica</title>
                        <editor><persName ref="http://viaf.org/viaf/79392506" xml:id="mn">Napier,
                            Macvey, 1776-1847</persName></editor>
                    </titleStmt>
                    <editionStmt>
                        <edition>Seventh Edition</edition>
                    </editionStmt>
                    <extent><measure quantity="21" unit="vol">21 volumes</measure></extent>
                    <publicationStmt>
                        <publisher>Adam and Charles Black</publisher>
                        <pubPlace>Edinburgh</pubPlace>
                        <date from="1830" to="1842">1830-1842</date>
                    </publicationStmt>
                    <sourceDesc>
                        <bibl xml:id="NLS"><title>Seventh edition - Encyclopaedia Britannica
                            [190218838]</title><publisher><orgName
                            ref="https://digital.nls.uk/encyclopaedia-britannica/archive/190218838"
                            >National Library of Scotland</orgName></publisher><date when="2019"
                            >2019</date><idno type="DOI">https://doi.org/10.34812/cg4r-dn40</idno><availability>
                            <p>National Library of Scotland License: CC BY 4.0</p>
                            <licence target="https://creativecommons.org/licenses/by/4.0/">CC BY 4.0
                            </licence>
                            </availability></bibl>
                    </sourceDesc>
                </biblFull>
                <listBibl>
                    <head>Alternate image sources for this edition:</head>
                    <bibl xml:id="UW-HT">Hathi Trust, from print source at the University of
                        Wisconsin: vol. 9, pp. 29, 31, 32, 36, 37, 39, 41, 48, 50-55, 57, 59, 62,
                        63, 66, 67, 69-71, 76, 88; vol. 19 (all).</bibl>
                    <bibl xml:id="UCH-HT">Hathi Trust, from print source at the University of
                        Chicago: vol. 10, pp. 7-10; vols. 20, 21 (all).</bibl>
                </listBibl>
            </sourceDesc>
        </fileDesc>
        <encodingDesc>
            <editorialDecl>
                <ab><list rend="bulleted" type="basic">
                    <item>Encoding has been done using the recommendations for Level 3 of the "TEI
                        in Libraries Guidelines."</item>
                    <item>Individual entries and page-breaks are encoded, but column breaks are
                        omitted.</item>
                    <item>Print page headers and side descriptions are not included.</item>
                    <item>OCR successfully reproduced simple tables, but complex tabular data is not
                        captured dependably and the results should not be relied upon.</item>
                    <item>OCR was not able to successfully reproduce math and chemical formulas. The
                        uncorrected results remain in the text.</item>
                    <item>Some font formatting is preserved: <val>italic</val>,
                        <val>smallcaps</val>, <val>strikethrough</val>, <val>subscript</val>,
                        <val>superscript</val>, <val>underline</val>. The following print styles are
                        ignored: bold, font size, typeface.</item>
                    </list></ab>
                <correction method="markup" status="low">
                    <p>This electronic text file was created by optical character recognition (OCR).
                        Some OCR errors have been corrected.</p>
                    <p>Illegible text in the original is indicated using <gi>unclear</gi> or
                        <gi>gap</gi>, as appropriate. If corrected, the reference source is
                        indicated with <gi>supplied</gi>.</p>
                    <p>Some volumes of the print edition substituted "c" for "e" letters across
                        multiple pages. These are silently corrected.</p>
                </correction>
                <normalization method="silent">
                    <p>Original spelling is preserved. When noticed, obvious misspellings are
                        combined with the correct spelling as <gi>choice</gi> in the TEI. Ligatures
                        are reproduced as multiple letters. Original footnote and marginal note
                        sigla are replaced with sequential numbers for each entry.</p>
                </normalization>
                <punctuation marks="some">
                    <p>Extra space around punctuation marks is removed.</p>
                    <p>Ordinal numbers, such as 1st, 2ndly, etc., are inconsistently italicized in
                        the printed text; they are normalized as roman throughout.</p>
                </punctuation>
                <quotation marks="some">
                    <p>Quotation marks are retained as content in the text. Redundant open quotation
                        marks at the start of lines inside block quotes are silently removed.</p>
                </quotation>
                <hyphenation eol="hard">
                    <p>Soft hyphens are silently removed.</p>
                </hyphenation>
                <segmentation>
                    <p>The <tag>div type="entry"</tag> element divides the text into individual
                        entries.</p>
                    <p>The <tag>div type="section"</tag> and <tag>div type="subsection"</tag>
                        elements are reserved for entry subsections, but their inclusion is largely
                        aspirational.</p>
                </segmentation>
            </editorialDecl>
            <tagsDecl>
                <namespace name="http://www.tei-c.org/ns/1.0">
                    <tagUsage gi="div">Unnumbered <gi>div</gi> tags are used throughout.</tagUsage>
                </namespace>
            </tagsDecl>
            <projectDesc>
                <p>All text was encoded for the Nineteenth-Century Knowledge Project to provide a
                    machine-readable edition of the Encyclopedia Britannica to analyze using
                    machine-learning methods.</p>
                <p>Subject keywords are added to <gi>teiHeader</gi> for each entry; they were
                    generated by the HIVE2 automated vocabulary server, created by the Metadata
                    Research Center at Drexel University (<link
                    target="https://hive2.cci.drexel.edu"/>https://hive2.cci.drexel.edu).</p>
            </projectDesc>
            <samplingDecl>
                <p>This release reproduces the text matter for all entries. It does not include
                    images, front- or back-matter. It omits volume 1, which consists of
                    "Dissertations" rather than entries. The reproduction of tables and formulae is
                    unreliable. </p>
            </samplingDecl>
            <listPrefixDef>
                <prefixDef ident="fastgeo" matchPattern="(\d+)"                     replacementPattern="http://id.worldcat.org/fast/$1">                     <p>URIs with the prefix <code>fastgeo:</code> point to terms in the OCLC FAST
                        (Faceted Application of Subject Terminology) Geographical subject heading
                        schema derived from the Library of Congress Subject Headings (LCSH).</p>
                </prefixDef>
                <prefixDef ident="fastgeo" matchPattern="(\d+)"
                    replacementPattern="http://id.worldcat.org/fast/$1">
                    <p>URIs with the prefix <code>fasttopic:</code> point to terms in the OCLC FAST
                        (Faceted Application of Subject Terminology) Topical subject heading schema
                        derived from the Library of Congress Subject Headings (LCSH).</p>
                </prefixDef>
                <prefixDef ident="lcsh1910" matchPattern="(\w+)"
                    replacementPattern="https://n2t.net/ark:/99152/$1">
                    <p>URIs with the prefix <code>lcsh1910:</code> point to subject terms in <hi
                        rend="italic">Subject Headings Used in the Dictionary Catalogues of the
                        Library of Congress</hi>, 2 vols., Library of Congress, 1910.</p>
                </prefixDef>
                <prefixDef ident="ht" matchPattern="([\w\-\.;=\&#34;&amp;]+)"
                    replacementPattern="https://babel.hathitrust.org/cgi/pt?id=$1">
                    <p>URIs with the prefix <code>ht:</code> point to page images in the Hathi
                        Trust.</p>
                </prefixDef>
                <prefixDef ident="ia" matchPattern="(\w+)"
                    replacementPattern="https://archive.org/details/$1">
                    <p>URIs with the prefix <code>ia:</code> point to page images in the Internet
                        Archive.</p>
                </prefixDef>
                <prefixDef ident="nls" matchPattern="([\w?\=]+)"
                    replacementPattern="https://digital.nls.uk/encyclopaedia-britannica/archive/$1">
                    <p>URIs with the prefix <code>nls:</code> point to page images in the National
                        Library of Scotland.</p>
                </prefixDef>
            </listPrefixDef>
        </encodingDesc>
        <profileDesc>
            <textClass default="false">
                <keywords scheme="http://id.worldcat.org/fast/">
                    <term n="7" ref="fasttopic:1181450">Worship</term>
                    <term n="3" ref="fasttopic:1739388">Womanism</term>
                    <term n="3" ref="fasttopic:1895887">Womanizers</term>
                    <term n="3" ref="fasttopic:987598">Kindness</term>
                    <term n="2" ref="fasttopic:860364">Church</term>
                    <term n="2" ref="fasttopic:859599">Christianity</term>
                    <term n="2" ref="fasttopic:859760">Christians</term>
                    <term n="1" ref="fasttopic:1100116">Romans</term>
                    <term n="1" ref="fasttopic:983135">Jews</term>
                    <term n="1" ref="fasttopic:1004072">Lutherans</term>
                </keywords>
                <keywords scheme="https://id.cci.drexel.edu/">
                    <term n="7" ref="lcsh1910:b41v5bg0t">Worship</term>
                    <term n="3" ref="lcsh1910:b49c6s11w">Woman</term>
                    <term n="3" ref="lcsh1910:b4dz0341g">Customs</term>
                    <term n="3" ref="lcsh1910:b4x63b58d">Kindness</term>
                    <term n="2" ref="lcsh1910:b4r49gb4d">Church</term>
                    <term n="2" ref="lcsh1910:b49c6s277">Christianity</term>
                    <term n="1" ref="lcsh1910:b4x34mt4n">Jews</term>
                    <term n="1" ref="lcsh1910:b4sq8qk1s">Christ</term>
                </keywords>
            </textClass>
        </profileDesc>
        <revisionDesc status="published">
            <listChange>
                <change n="3.0" status="public" when="2024-12-06" who="#pml">v3.0. Includes
                    significant corrections to the OCR text, predominantly in cases of confusing "c"
                    and "e." Isolates 90 entries that were mistakenly included at the end of prior
                    entries in v1 and v2. Normalizes ordinal numbers. Separates metadata in
                    <gi>teiHeader</gi> into two separate facets: FAST Topical and FAST Geographical.
                    Moves commas following <gi>pb</gi> in the text to preceding it and removes extra
                    space around the <gi>pb</gi> tag. Where a word is hyphenated at a <gi>pb</gi>,
                    the end fragment is now joined to the start fragment, making a machine-readable
                    word.</change>
                <change n="2.0" status="public" when="2023-10-11" who="#pml">v2.0. Isolates 42
                    entries that were mistakenly included at the end of prior entries in v1. Removes
                    <att>xml:id</att> from the <gi>div</gi> for the entry and adds it to the
                    <gi>TEI</gi> tag. Adds schema link to all files.</change>
                <change n="1.0" status="public" when="2022-11-28" who="#pml">v1.0. Initial
                    release.</change>
            </listChange>
        </revisionDesc>
    </teiHeader>
    <text>
        <body>
            <div facs="nls:192941078" type="entry">
                <p><label type="entry">IMAGE</label>, in a religious sense, is an artificial
                    representation or similitude of some person or thing, used either by way of
                    decoration and ornament, or as an object of religious worship and adoration. In
                    the last sense it is used indifferently with the word idol.</p>
                <p>• The noble Romans preserved with great care the images <pb break="no"
                    facs="nls:192941091" xml:id="kp-eb0712-1091-0253"/><hi rend="italic">of</hi>
                    their ancestors, which were commonly made of Wax or wood, though sometimes of
                    marble or brass, and had them carried in procession at their funerals and
                    triumphs. They placed these images in the vestibules of their houses, where they
                    remained, even if the houses happened to be sold, it being accounted impious to
                    displace them. It was not, however, permitted to all who had the images of their
                    ancestors in their houses, to have them carried at their funerals. This was a
                    distinction granted to such alone as had honourably discharged their offices;
                    for those who failed in this respect forfeited their privilege, and in case they
                    had been guilty of any great crime, their images were broken in pieces.</p>
                <p>The Jews absolutely condemned all images, and did not suffer any statues or
                    figures to be placed in their houses, much less in their synagogues or places of
                    worship.</p>
                <p>The use and adoration of images are subjects which have long been controverted in
                    the world. It appears, from the practice of the primitive church, recorded by
                    the earlier fathers, that Christians, during the first three centuries after
                    Christ, and the greater part of the fourth, neither worshipped images nor used
                    them in worship. However, the greater part of the Roman Catholic divines
                    maintain that the use and worship of images are as ancient as the Christian
                    religion itself; and to prove this, they allege a decree, said to have been made
                    in a council held by the apostles at Antioch, commanding the faithful, that they
                    might not err about the object of their worship, to make images of Christ, and
                    worship them. (Baron, <hi rend="italic">ad Ann.</hi> 102.) But no notice is
                    taken of this decree till seven hundred years after the apostolic times, when
                    the dispute about images had commenced. The first instance which occurs in any
                    credible author, of images amongst Christians, is that recorded by Tertullian
                    <hi rend="italic">(De</hi><hi rend="italic">Pudicitia,</hi> c. 10), of certain
                    cups or chalices, as Bellarmine pretends, on which was represented the parable
                    of the good shepherd carrying the lost sheep on his shoulders. But this instance
                    only proves that the church at that time did not think emblematical figures
                    unlawful ornaments of cups or chalices. Another instance is taken from Eusebius
                    <hi rend="italic">(Hist. Eccl,</hi> lib. vii. cap. 18), who says, that in his
                    time there were to be seen two brass statues in the city of Paneas or Caesarea
                    Philippi; the one of a woman on her knees, with her arms stretched out; the
                    other of a man over against her, with his hand extended to receive her. These
                    statues were said to be the images of our Saviour and of the woman whom he cured
                    of an issue of blood. From the foot of the statue representing our Saviour, says
                    the historian, sprung up an exotic plant, which, as soon as it grew to touch the
                    border of his garment, was said to cure all sorts of distempers. Eusebius,
                    however, vouches for none of these things; nay, he supposes that the woman who
                    erected this statue of our Saviour was a pagan, and ascribes it to a pagan
                    custom. The primitive Christians abstained from the worship of images, not, as
                    the Romanists pretend, from tenderness to heathen idolaters, but because they
                    thought it unlawful in itself to make any images of the Deity. (Justin Mart. <hi
                    rend="italic">Apol.</hi> ii. p. 44; Clem. Alex. <hi rend="italic">Strom.</hi> 5,
                    <hi rend="italic">Strom.</hi> 1, and <hi rend="italic">Protr.</hi> p. 46; Aug.
                    <hi rend="italic">de</hi><hi rend="italic">Civit.</hi><hi rend="italic"
                    >Dei,</hi> lib. vii. c. 5, and lib. iv. c. 32; Id. <hi rend="italic">de
                    Fide</hi><hi rend="italic">et</hi><hi rend="italic">Syrnb.</hi> c. 7; Lactant,
                    lib. ii. c. 3; Tertull. <hi rend="italic">Apol.</hi> c. 12; Arnob. lib. vi. p.
                    202.) Some of the fathers, as Tertullian, Clemens Alexandrinus, and Origen, were
                    of opinion that, by the second commandment, the arts of painting and engraving
                    were rendered unlawful to a Christian. The custom of admitting pictures of
                    saints and martyrs into the churches was rare in the latter end of the fourth
                    century; but it became common in the fifth, and in the following century the
                    custom of thus adorning churches became almost universal, both in the east and
                    the west.</p>
                <p>The Lutherans censure the Calvinists for breaking the images in the churches of
                    the Catholics, looking on it as a kind of sacrilege; and yet they condemn the
                    Romanists as idolaters.</p>
                <p>The Mahommedans have a perfect aversion to images, which has led them to destroy
                    most of the beautiful monuments of antiquity, both sacred and profane, at
                    Constantinople.</p>
                <p><hi rend="smallcaps">Image,</hi> in <hi rend="italic">Rhetoric,</hi> signifies a
                    lively representation of any thing in discourse. Images, in discourse, are,
                    according to Longinus, any thoughts proper to produce expressions, which present
                    a kind of picture to the mind. But, in the more limited sense, images are such
                    expressions as fall from us when, by a kind of enthusiasm, or an extraordinary
                    emotion of the soul, we seem to see the things of which we speak, and present
                    them before the eyes of those who hear us.</p>
            </div>
        </body>
    </text>
</TEI>
