<?xml version="1.0" encoding="utf-8"?><?xml-model  href="https://TU-plogan.github.io/code/odd/tei_kp1.rng" type="application/xml" schematypens="http://relaxng.org/ns/structure/1.0"?>
<TEI xml:id="kp-eb0712-1052-0250-04" xml:lang="en" xmlns="http://www.tei-c.org/ns/1.0">
    <teiHeader>
        <fileDesc>
            <titleStmt xml:id="eb07_v3.0">
                <title level="a" type="main">ILLYRIA, or Illyricum</title>
                <title level="m" type="main">Encyclopaedia Britannica: A machine-readable
                    transcription</title>
                <title level="m" type="sub">7th edition, volume 12, page 250</title>
                <editor>Edited by <persName ref="https://orcid.org/0000-0003-2362-8282"
                    role="editor" xml:id="pml">Peter Melville Logan</persName></editor>
                <respStmt>
                    <orgName xml:id="kp">Nineteenth-Century Knowledge Project Staff,
                        <affiliation>Temple University</affiliation></orgName>
                    <resp>OCR transcription and data management</resp>
                </respStmt>
                <respStmt>
                    <persName ref="https://orcid.org/0000-0001-7819-5360" xml:id="jg">Jane
                        Greenberg, <affiliation>Metadata Research Center, Drexel
                        University</affiliation></persName>
                    <resp>metadata development</resp>
                </respStmt>
                <respStmt>
                    <persName xml:id="dk">Don Kretz, <affiliation>Distributed
                        Proofreading</affiliation></persName>
                    <resp>data management</resp>
                </respStmt>
                <funder><orgName ref="http://viaf.org/viaf/137796012" xml:id="neh">National
                    Endowment for the Humanities</orgName></funder>
                <funder><orgName ref="http://viaf.org/viaf/121974598" xml:id="imls">Institute of
                    Museum and Library Services</orgName></funder>
                <funder><orgName ref="http://viaf.org/viaf/127396206" xml:id="tu">Temple
                    University</orgName></funder>
                <sponsor><orgName ref="http://viaf.org/viaf/3653147665869560670009" xml:id="cci"
                    >Drexel University, College of Computing &amp; Informatics</orgName></sponsor>
            </titleStmt>
            <editionStmt>
                <edition n="3.0">Version 3.0<date when="2024">2024</date></edition>
            </editionStmt>
            <extent>464 MB; 21,116 XML files </extent>
            <publicationStmt>
                <publisher corresp="kp"><orgName corresp="kp">Nineteenth-Century Knowledge
                    Project</orgName><email>nckp@temple.edu</email><link
                    target="https://github.com/TU-plogan/KnowledgeProject"/></publisher>
                <availability status="free">
                    <p>Licensed under a Creative Commons Attribution 4.0 International License.</p>
                    <licence target="https://creativecommons.org/licenses/by/4.0/"> CC BY 4.0
                    </licence>
                </availability>
                <date when="2024">2024</date>
            </publicationStmt>
            <seriesStmt>
                <title level="s">Encyclopaedia Britannica: A machine-readable transcription</title>
                <editor corresp="pml">Peter Melville Logan</editor>
            </seriesStmt>
            <sourceDesc>
                <biblFull xml:lang="en">
                    <titleStmt>
                        <title level="m">Encyclopaedia Britannica</title>
                        <editor><persName ref="http://viaf.org/viaf/79392506" xml:id="mn">Napier,
                            Macvey, 1776-1847</persName></editor>
                    </titleStmt>
                    <editionStmt>
                        <edition>Seventh Edition</edition>
                    </editionStmt>
                    <extent><measure quantity="21" unit="vol">21 volumes</measure></extent>
                    <publicationStmt>
                        <publisher>Adam and Charles Black</publisher>
                        <pubPlace>Edinburgh</pubPlace>
                        <date from="1830" to="1842">1830-1842</date>
                    </publicationStmt>
                    <sourceDesc>
                        <bibl xml:id="NLS"><title>Seventh edition - Encyclopaedia Britannica
                            [190218838]</title><publisher><orgName
                            ref="https://digital.nls.uk/encyclopaedia-britannica/archive/190218838"
                            >National Library of Scotland</orgName></publisher><date when="2019"
                            >2019</date><idno type="DOI">https://doi.org/10.34812/cg4r-dn40</idno><availability>
                            <p>National Library of Scotland License: CC BY 4.0</p>
                            <licence target="https://creativecommons.org/licenses/by/4.0/">CC BY 4.0
                            </licence>
                            </availability></bibl>
                    </sourceDesc>
                </biblFull>
                <listBibl>
                    <head>Alternate image sources for this edition:</head>
                    <bibl xml:id="UW-HT">Hathi Trust, from print source at the University of
                        Wisconsin: vol. 9, pp. 29, 31, 32, 36, 37, 39, 41, 48, 50-55, 57, 59, 62,
                        63, 66, 67, 69-71, 76, 88; vol. 19 (all).</bibl>
                    <bibl xml:id="UCH-HT">Hathi Trust, from print source at the University of
                        Chicago: vol. 10, pp. 7-10; vols. 20, 21 (all).</bibl>
                </listBibl>
            </sourceDesc>
        </fileDesc>
        <encodingDesc>
            <editorialDecl>
                <ab><list rend="bulleted" type="basic">
                    <item>Encoding has been done using the recommendations for Level 3 of the "TEI
                        in Libraries Guidelines."</item>
                    <item>Individual entries and page-breaks are encoded, but column breaks are
                        omitted.</item>
                    <item>Print page headers and side descriptions are not included.</item>
                    <item>OCR successfully reproduced simple tables, but complex tabular data is not
                        captured dependably and the results should not be relied upon.</item>
                    <item>OCR was not able to successfully reproduce math and chemical formulas. The
                        uncorrected results remain in the text.</item>
                    <item>Some font formatting is preserved: <val>italic</val>,
                        <val>smallcaps</val>, <val>strikethrough</val>, <val>subscript</val>,
                        <val>superscript</val>, <val>underline</val>. The following print styles are
                        ignored: bold, font size, typeface.</item>
                    </list></ab>
                <correction method="markup" status="low">
                    <p>This electronic text file was created by optical character recognition (OCR).
                        Some OCR errors have been corrected.</p>
                    <p>Illegible text in the original is indicated using <gi>unclear</gi> or
                        <gi>gap</gi>, as appropriate. If corrected, the reference source is
                        indicated with <gi>supplied</gi>.</p>
                    <p>Some volumes of the print edition substituted "c" for "e" letters across
                        multiple pages. These are silently corrected.</p>
                </correction>
                <normalization method="silent">
                    <p>Original spelling is preserved. When noticed, obvious misspellings are
                        combined with the correct spelling as <gi>choice</gi> in the TEI. Ligatures
                        are reproduced as multiple letters. Original footnote and marginal note
                        sigla are replaced with sequential numbers for each entry.</p>
                </normalization>
                <punctuation marks="some">
                    <p>Extra space around punctuation marks is removed.</p>
                    <p>Ordinal numbers, such as 1st, 2ndly, etc., are inconsistently italicized in
                        the printed text; they are normalized as roman throughout.</p>
                </punctuation>
                <quotation marks="some">
                    <p>Quotation marks are retained as content in the text. Redundant open quotation
                        marks at the start of lines inside block quotes are silently removed.</p>
                </quotation>
                <hyphenation eol="hard">
                    <p>Soft hyphens are silently removed.</p>
                </hyphenation>
                <segmentation>
                    <p>The <tag>div type="entry"</tag> element divides the text into individual
                        entries.</p>
                    <p>The <tag>div type="section"</tag> and <tag>div type="subsection"</tag>
                        elements are reserved for entry subsections, but their inclusion is largely
                        aspirational.</p>
                </segmentation>
            </editorialDecl>
            <tagsDecl>
                <namespace name="http://www.tei-c.org/ns/1.0">
                    <tagUsage gi="div">Unnumbered <gi>div</gi> tags are used throughout.</tagUsage>
                </namespace>
            </tagsDecl>
            <projectDesc>
                <p>All text was encoded for the Nineteenth-Century Knowledge Project to provide a
                    machine-readable edition of the Encyclopedia Britannica to analyze using
                    machine-learning methods.</p>
                <p>Subject keywords are added to <gi>teiHeader</gi> for each entry; they were
                    generated by the HIVE2 automated vocabulary server, created by the Metadata
                    Research Center at Drexel University (<link
                    target="https://hive2.cci.drexel.edu"/>https://hive2.cci.drexel.edu).</p>
            </projectDesc>
            <samplingDecl>
                <p>This release reproduces the text matter for all entries. It does not include
                    images, front- or back-matter. It omits volume 1, which consists of
                    "Dissertations" rather than entries. The reproduction of tables and formulae is
                    unreliable. </p>
            </samplingDecl>
            <listPrefixDef>
                <prefixDef ident="fastgeo" matchPattern="(\d+)"                     replacementPattern="http://id.worldcat.org/fast/$1">                     <p>URIs with the prefix <code>fastgeo:</code> point to terms in the OCLC FAST
                        (Faceted Application of Subject Terminology) Geographical subject heading
                        schema derived from the Library of Congress Subject Headings (LCSH).</p>
                </prefixDef>
                <prefixDef ident="fastgeo" matchPattern="(\d+)"
                    replacementPattern="http://id.worldcat.org/fast/$1">
                    <p>URIs with the prefix <code>fasttopic:</code> point to terms in the OCLC FAST
                        (Faceted Application of Subject Terminology) Topical subject heading schema
                        derived from the Library of Congress Subject Headings (LCSH).</p>
                </prefixDef>
                <prefixDef ident="lcsh1910" matchPattern="(\w+)"
                    replacementPattern="https://n2t.net/ark:/99152/$1">
                    <p>URIs with the prefix <code>lcsh1910:</code> point to subject terms in <hi
                        rend="italic">Subject Headings Used in the Dictionary Catalogues of the
                        Library of Congress</hi>, 2 vols., Library of Congress, 1910.</p>
                </prefixDef>
                <prefixDef ident="ht" matchPattern="([\w\-\.;=\&#34;&amp;]+)"
                    replacementPattern="https://babel.hathitrust.org/cgi/pt?id=$1">
                    <p>URIs with the prefix <code>ht:</code> point to page images in the Hathi
                        Trust.</p>
                </prefixDef>
                <prefixDef ident="ia" matchPattern="(\w+)"
                    replacementPattern="https://archive.org/details/$1">
                    <p>URIs with the prefix <code>ia:</code> point to page images in the Internet
                        Archive.</p>
                </prefixDef>
                <prefixDef ident="nls" matchPattern="([\w?\=]+)"
                    replacementPattern="https://digital.nls.uk/encyclopaedia-britannica/archive/$1">
                    <p>URIs with the prefix <code>nls:</code> point to page images in the National
                        Library of Scotland.</p>
                </prefixDef>
            </listPrefixDef>
        </encodingDesc>
        <profileDesc>
            <textClass default="false">
                <keywords scheme="http://id.worldcat.org/fast/">
                    <term n="9" ref="fasttopic:1110395">Seas</term>
                    <term n="8" ref="fasttopic:865801">Coasts</term>
                    <term n="8" ref="fasttopic:1028334">Mountaineering</term>
                    <term n="8" ref="fasttopic:1028364">Mountaineers</term>
                    <term n="8" ref="fasttopic:1028366">Mountains</term>
                    <term n="4" ref="fasttopic:1100116">Romans</term>
                    <term n="3" ref="fasttopic:967439">Illyrians</term>
                    <term n="2" ref="fasttopic:887231">Dalmatians</term>
                    <term n="1" ref="fasttopic:947546">Greeks</term>
                    <term n="1" ref="fasttopic:1150279">Thracians</term>
                </keywords>
                <keywords scheme="https://id.cci.drexel.edu/">
                    <term n="9" ref="lcsh1910:b4kk94m4s">Sea</term>
                    <term n="8" ref="lcsh1910:b4862bd3v">Coasts</term>
                    <term n="8" ref="lcsh1910:b43n20j3f">Mountains</term>
                    <term n="8" ref="lcsh1910:b4wm1410b">Mountaineering</term>
                    <term n="5" ref="lcsh1910:b4dr2p79d">Land</term>
                    <term n="1" ref="lcsh1910:b48g8fh7d">Greeks</term>
                    <term n="1" ref="lcsh1910:b4599z984">Thracians</term>
                    <term n="1" ref="lcsh1910:b45m62b4v">Germans</term>
                    <term n="1" ref="lcsh1910:b4bk16r27">Protestantism</term>
                    <term n="1" ref="lcsh1910:b4x34mt4n">Jews</term>
                </keywords>
                <keywords scheme="http://id.worldcat.org/fast/">
                    <term n="3" ref="fastgeo:1239717">Alps</term>
                    <term n="3" ref="fastgeo:1212674">Croatia</term>
                    <term n="2" ref="fastgeo:1204901">Austria</term>
                    <term n="1" ref="fastgeo:1754964">Rome</term>
                </keywords>
            </textClass>
        </profileDesc>
        <revisionDesc status="published">
            <listChange>
                <change n="3.0" status="public" when="2024-12-06" who="#pml">v3.0. Includes
                    significant corrections to the OCR text, predominantly in cases of confusing "c"
                    and "e." Isolates 90 entries that were mistakenly included at the end of prior
                    entries in v1 and v2. Normalizes ordinal numbers. Separates metadata in
                    <gi>teiHeader</gi> into two separate facets: FAST Topical and FAST Geographical.
                    Moves commas following <gi>pb</gi> in the text to preceding it and removes extra
                    space around the <gi>pb</gi> tag. Where a word is hyphenated at a <gi>pb</gi>,
                    the end fragment is now joined to the start fragment, making a machine-readable
                    word.</change>
                <change n="2.0" status="public" when="2023-10-11" who="#pml">v2.0. Isolates 42
                    entries that were mistakenly included at the end of prior entries in v1. Removes
                    <att>xml:id</att> from the <gi>div</gi> for the entry and adds it to the
                    <gi>TEI</gi> tag. Adds schema link to all files.</change>
                <change n="1.0" status="public" when="2022-11-28" who="#pml">v1.0. Initial
                    release.</change>
            </listChange>
        </revisionDesc>
    </teiHeader>
    <text>
        <body>
            <div facs="nls:192941052" type="entry">
                <p><label type="entry">ILLYRIA, or <hi rend="smallcaps">Illyricum</hi></label>, <hi
                    rend="smallcaps">Ancient,</hi> a country situated on the east coast of the
                    Adriatic, the limits of which were at no time distinctly marked. In its most
                    restricted sense it may be considered as extending from Dalmatia on the north,
                    to Epirus on the south, from which it was separated by the Acroceraunian range
                    of mountains. To the east it was separated from Macedonia by a lofty chain of
                    mountains, which was known under the several names of Bertiscus, Scardus, <hi
                    rend="italic">Tschar Dagh,</hi> and Bernus. When the Romans conquered the
                    country, they added to it the Dalmatians, Japydes, and other petty tribes; and,
                    under the emperors, so widely were the frontiers of Illyria extended, that it
                    comprehended the great districts of Pannonia, Rhaetia, Noricum, and Moesia
                    (Appian, <hi rend="italic">Illyr.</hi> 6). In the third century we find <hi
                    rend="italic">Duces</hi><hi rend="italic">totius Illyrici</hi> mentioned, under
                    whose command were placed not only the troops of the above-mentioned countries,
                    but also those of Thrace. When the Roman empire was divided into two parts, they
                    each received a portion of Illyria. The western portion comprehended Dalmatia,
                    Pannonia, and Noricum, and belong-ed<pb break="no" facs="nls:192941065"
                    xml:id="kp-eb0712-1065-0251"/> to the <hi rend="italic">Prcefectus prectorio
                    Italiae.</hi> It is remarked by Strabo (vii. 317), that the coast of Illyria
                    presented everywhere good harbours, whilst the opposite side of Italy was
                    entirely devoid of them. The climate was excellent, and the soil in general such
                    as to produce olive trees and vines. In the interior, however, the country is
                    mountainous, and covered with snow during a great part of the year.</p>
                <p>Illyria was inhabited by a great number of different tribes, of whom we shall
                    mention the principal. In the north were the Japydes, the Liburni, celebrated as
                    a maritime people, and the Dalmatae, whose chief city was Salon, now <hi
                    rend="italic">Salona.</hi> The Scordisci, it would appear, were an Illyrian
                    people, reaching as far as the river Danube. More to the south were the Dardani,
                    who occupied the upper valleys of the river Drilo, and extended to the frontiers
                    of Paeonia and Macedonia. The most interesting part, however, of Illyria was
                    that which extended along the coast for nearly ninety miles, from the Gulf of
                    Drino and the vicinity of Lissus, to the Acroceraunian Mountains and the
                    confines of Chaonia. There we find the important towns of Epidamnus, Apollonia,
                    Oricum, and in the interior the Atin-tanes, and the Dassaretii with their
                    capital Lychnidus, situated on a great lake of the same name. Its chief rivers
                    were the Drilo, formed by two branches, which rise nearly two hundred miles
                    apart, and the northern branch of which is now called the <hi rend="italic"
                    >White</hi><hi rend="italic">Drino,</hi> whilst the southern, rising in the lake
                    Lychnitis, is called the <hi rend="italic">Black</hi><hi rend="italic"
                    >Drino</hi><hi rend="italic">;</hi> the Apsus, now <hi rend="italic"
                    >Crevasta</hi> or <hi rend="italic">Beratino</hi><hi rend="italic">;</hi> the
                    Aous, <hi rend="italic">Voioussa,</hi> which rises in the range of Pindus, on
                    the confines of Thessaly and Macedonia, and which separated Epirus from
                    Illyria.</p>
                <p>Respecting the origin of the Illyrian people we have little information on which
                    we can depend. Their vicinity to the Thracians, and the peculiar practice of
                    tatooing their bodies, would lead us to connect them with that important people;
                    yet it is curious that ancient writers always distinguish them, and when they
                    both served as light troops in the army of Alexander they formed separate
                    bodies. Of their early history we know nothing, nor are they mentioned till the
                    reign of Amyntas, king of Macedonia, <hi rend="smallcaps">b. c.</hi> 383, when
                    we find Bardylis, a leader oì banditti, elected king by his followers. His power
                    increased daily, and he at last included within his kingdom all that part of
                    Illyria which lies along the sea-coast. He attacked Macedonia, and defeating its
                    king Amyntas, took several of its cities (Diodor. XV. 15, 19); and again, <hi
                    rend="smallcaps">b. c.</hi> 359, we find him at war with Perdiccas, who fell in
                    an engagement with the Illyrians (xvi. 2). The same year, however, he was
                    defeated by Philip, the father of Alexander the Great, who succeeded on the
                    death of Perdiccas, and was obliged to surrender all the cities and districts
                    which he had taken from Macedonia (xvi. 4). Bardylis was succeeded by his son
                    Clitus, who made an unsuccessful attempt to recover from Alexander that portion
                    of Macedonia which his father had been compelled to give up (Arrian, i. 5).
                    Clitus was succeeded by his son Pleuratus, and he again by Agron, a powerful
                    prince, who ruled over the Dalmatians, the Greek colonies in the islands Issa,
                    Corcyra, and Melaena, and also some of the Greek cities in Epirus. The Greeks,
                    however, were by no means willing to be subject to one whom they considered as a
                    barbarian, and they applied for assistance to the Romans, who were at that time
                    beginning to interfere in the affairs of Greece. Besides, the Roman merchants
                    had suffered considerably from the piracy of the Illyrians. The remonstrances of
                    the Romans were little attended to, and whilst preparations were making for an
                    effective attack, Agron died, and was succeeded in the government of Illyria by
                    his queen Teuta. The year B. c. 229, the Romans first landed on the coast of
                    Illyria, and before the end of the year they had so humbled the pride of the
                    Illyrians that they were glad to sue for peace, which was granted on condition
                    that they should give up the greater portion of the coast, and agree that no
                    armed vessel should sail south of the Gulf of Lissus. The islands were declared
                    free, and the country taken from the Illyrians was made over to Demetrius, whose
                    treachery had proved the principal means of the success of the Romans. The
                    Illyrian princes seem to have lived quietly within the bounds which the Romans
                    had assigned them, nor do they appear to have made any attempt to recover their
                    dominions, till the reign of Gentius, great-grandson of Agron, who was induced
                    to join Perseus, king of Macedonia, <hi rend="smallcaps">b. c.</hi> 168, in his
                    attack on the Romans. Thirty days were sufficient to finish the war with the
                    Illyrians; and Gentius, with his whole family, having fallen into the hands of
                    the conqueror, was sent to Rome to grace the praetor’s triumph. From that time
                    Illyria was considered as a Roman province, and though some portion of the
                    country was at times rebellious, it generally submitted to the power of the
                    Romans. (Appian, <hi rend="italic">Illyrica,</hi> Liv. xliv.)</p>
                <p><hi rend="smallcaps">Illyria,</hi><hi rend="italic">Modern,</hi> a province of
                    the empire of Austria, which in the nomenclature of the government is classed by
                    the name of a kingdom. When the Romans had made themselves masters of the
                    Danube, the Save, and the Drave, they united all the country to the south of
                    Noricum and Pannonia into a province, to which they gave the name of Illyricum.
                    When the western Roman empire fell to pieces, and, through the pressure of the
                    northern invaders, Byzantium was deprived of its outworks, that province lost
                    its name, and was only distinguished by the Austrians as the Hungarian provinces
                    to the south of the Drave.</p>
                <p>By the peace of Presburg in 1809, these portions of country were ceded to
                    Bonaparte, and with them also Villach, Friuli, Istria, and a part of Tyrol, to
                    which afterwards Dalmatia was added; and they were constituted a portion of his
                    vast empire, under the name of the Illyrian Provinces. The campaigns of 1813 and
                    1814, with the treaty of Vienna which .followed as the consequence of these,
                    gave back these provinces to the ancient ruler. Dalmatia, the military frontier,
                    and the Tyrol, were detached from them; and in 1822 they were further diminished
                    by the erection of Croatia into a separate government.</p>
                <p>This kingdom is, for political purposes, divided into two parts, with separate
                    chiefs; one in the north, denominated, from its capital, Laybach; and the other
                    in the south, from the same cause called Trieste, but sometimes distinguished as
                    the division of the sea-shore.</p>
                <p>This kingdom extends in north latitude from 44° 59' to 47° 8', and in east
                    longitude from 12° 36'to 16° 27'. It is bounded on the north by the Austrian
                    province of the Upper Ens, by Steyermark, and Civil Croatia; on the east by
                    Military Croatia; on the south by the Adriatic Sea; and on the west by Venetian
                    Lombardy and the Tyrol. The extent and population of the several districts
                    are,—</p>
                <table>
                    <row cols="1" role="data" rows="1">
                        <cell cols="1" role="data" rows="1"><p>In the North.</p></cell>
                        <cell cols="1" role="data" rows="1"><p>Extent in Square Miles.</p></cell>
                        <cell cols="1" role="data" rows="1"><p>Population in 1833.</p></cell>
                    </row>
                    <row cols="1" role="data" rows="1">
                        <cell cols="1" role="data" rows="1"><p>Klagenfurth</p></cell>
                        <cell cols="1" role="data" rows="1"><p>1560</p></cell>
                        <cell cols="1" role="data" rows="1"><p>174,600</p></cell>
                    </row>
                    <row cols="1" role="data" rows="1">
                        <cell cols="1" role="data" rows="1"><p>Villach</p></cell>
                        <cell cols="1" role="data" rows="1"><p>1760</p></cell>
                        <cell cols="1" role="data" rows="1"><p>131,200</p></cell>
                    </row>
                    <row cols="1" role="data" rows="1">
                        <cell cols="1" role="data" rows="1"><p>Laybach</p></cell>
                        <cell cols="1" role="data" rows="1"><p>1364</p></cell>
                        <cell cols="1" role="data" rows="1"><p>166,400</p></cell>
                    </row>
                    <row cols="1" role="data" rows="1">
                        <cell cols="1" role="data" rows="1"><p>Neustadt</p></cell>
                        <cell cols="1" role="data" rows="1"><p>1276</p></cell>
                        <cell cols="1" role="data" rows="1"><p>193,90CJ</p></cell>
                    </row>
                    <row cols="1" role="data" rows="1">
                        <cell cols="1" role="data" rows="1"><p>Adelsburg</p></cell>
                        <cell cols="1" role="data" rows="1"><p>1186</p></cell>
                        <cell cols="1" role="data" rows="1"><p>91,500</p></cell>
                    </row>
                    <row cols="1" role="data" rows="1">
                        <cell cols="1" role="data" rows="1"><p>In the South.</p></cell>
                        <cell cols="1" role="data" rows="1"/>
                        <cell cols="1" role="data" rows="1"/>
                    </row>
                    <row cols="1" role="data" rows="1">
                        <cell cols="1" role="data" rows="1"><p>Trieste</p></cell>
                        <cell cols="1" role="data" rows="1"><p>39</p></cell>
                        <cell cols="1" role="data" rows="1"><p>58,200</p></cell>
                    </row>
                    <row cols="1" role="data" rows="1">
                        <cell cols="1" role="data" rows="1"><p>Gorz</p></cell>
                        <cell cols="1" role="data" rows="1"><p>1910</p></cell>
                        <cell cols="1" role="data" rows="1"><p>171,000</p></cell>
                    </row>
                    <row cols="1" role="data" rows="1">
                        <cell cols="1" role="data" rows="1"><p>Istria</p></cell>
                        <cell cols="1" role="data" rows="1"><p>2210</p></cell>
                        <cell cols="1" role="data" rows="1"><p>204,000</p></cell>
                    </row>
                    <row cols="1" role="data" rows="1">
                        <cell cols="1" role="data" rows="1"/>
                        <cell cols="1" role="data" rows="1"><p>11,305</p></cell>
                        <cell cols="1" role="data" rows="1"><p>1,200,800</p></cell>
                    </row>
                </table>
                <p>The surface of the land is penetrated throughout with <pb break="no"
                    facs="nls:192941078" xml:id="kp-eb0712-1078-0252"/>chains of high mountains,
                    having some of their points very lofty, between which are valleys, some of
                    greater, others of less extent. The sea-coast is generally flat and sandy,
                    particularly to the westward, and abounds in morasses. The bay of Trieste on the
                    east, and that of Quarnaro on the west, run far up into the land, and thus form
                    the great peninsula of Istria. The valleys in the districts of Villach and
                    Klagenfurth are stony, but have a soil of moderate fertility. In Karlstadt there
                    is an excess of wood. The districts of Laybach, Neustadt, and Adelsburg, are
                    full of stone quarries, marshes, and sand-hills, and are very unproductive. In
                    the districts on the coast, the want of water is sometimes much felt. A range of
                    mountains near Laybach divides the course of the waters, which on the north of
                    it run to the Save and the Drave, and through them to the Black Sea; whilst
                    those rivers in the south of the range discharge their water into the
                    Adriatic.</p>
                <p>The great ranges of mountains already noticed may be divided into three classes,
                    all of which take their direction from east to west. 1sZ, The Noric Alps, which
                    cover the northern parts of the districts of Villach and Klagenfurth. The names
                    of the particular parts are various, but the loftiest portion is the Great
                    Glockner, the highest points of which arc 11,980 feet above the level of the
                    sea, and are covered with snow during the whole year. From it a projection
                    extends to the south, and separates Klagenfurth from the province of Steyermark.
                    2d, The Carinthian Alps. This range is divided into two branches, one of which
                    extends to Stcyermark, and the other terminates with the massive Terklow, from
                    which a lower branch is continued to the river Save. 3d, The Julian Alps. These
                    begin with the Terklow, which is 6500 feet in height, and run quite to the
                    Adriatic Sea. It is a characteristic of these Julian mountains, that they are
                    all of calcareous formation, and are filled with an incredible number of caverns
                    and grottos. From Isonzo to the frontier of Bosnia more than a thousand of these
                    are remarked; and it has been supposed that the whole of the mountains in
                    question are filled with such natural excavations. Many small streams flow under
                    as well as upon the earth; they are visible for a short space, and then bury
                    themselves in the bowels of the earth. The washing of such streams causes a
                    sinking of the land in many parts in the form of a funnel, which has a very
                    remarkable appearance. The whole district, but especially the eastern part, from
                    the peculiar formation, the numerous caverns, the subterranean rivers, the
                    lakes, cascades, and other curiosities, presents many natural phenomena, such as
                    are unknown in any other part of Europe.</p>
                <p>The population consists of several original tribes, mostly of the Sclavonian
                    race. The original language is still retained, but with a great variety of
                    dialects, by which they may still be traced up to the countries whence they
                    emigrated twelve or thirteen centuries ago. They adhere to their ancient
                    customs, dress, food, and amusements, and rarely intermarry with any of the
                    families of German origin. They arc mostly occupied in agriculture, though some
                    are employed in the mines, and a few in the towns and cities in the several
                    kinds of labour. Their number exceeds 800,000 persons. The next are the Germans,
                    some cultivators, others mechanics or traders, who are stated to be rather more
                    than 300,000. Besides, there are about 60,000 Italians, residing chiefly on the
                    Adriatic shores. The far greater proportion adhere to the Roman Catholic
                    communion, and are zealously, or rather bigotedly, attached to it. They are
                    under the ecclesiastical direction of thirteen bishops in the different cities.
                    In the circles of Villach and Klagenfurth there are about 18,000 Lutherans, who
                    have sixteen churches and eighteen chapels. Besides these, there are 200
                    Protestants reformed, 1200 Jews, and 1000 of the Greek church, all of whom have
                    the free exercise of their several religious rites.</p>
                <p>From the nature of the surface, agriculture can be but little productive, though
                    it is well managed in the valleys about Villach and Klagenfurth. The corn
                    produced is, according to Blumenbach, a million quarters of the four principal
                    kinds; and in one year, where actual returns were made, the following products
                    were harvested, viz. wheat 94,300 quarters, rye 185,000, barley 142,500, and
                    oats 350,000 quarters. Though some maize, buck-wheat, and millet are raised, and
                    though potatoes have been introduced and extended in every year, there is a
                    deficiency to be supplied from other districts, which is paid for by the timber
                    and wood-ware which is floated down by the rivers, and the preparation of which
                    furnishes a great portion of the employment of labourers. Flax and hemp are
                    cultivated; and there are in most parts abundance of fruit trees, and in the
                    southern part great plenty of almonds, chestnuts, and walnuts. Some olives grow
                    near Trieste; and about forty cimers, of thirty gallons each, are annually
                    exported. The stock of cattle is small when compared with either the extent of
                    the land or the number of the inhabitants. The northern districts yield no wine;
                    in the south there is abundance, but most of it is of bad quality, and cannot be
                    kept longer than a year.</p>
                <p>The fishery gives considerable employment to the residents on the sea-shore,
                    especially the taking of the large tunny and small sardinias, operations which
                    are carried on by joint-stock companies. Many oysters also are taken, and the
                    city of Vienna is supplied with them by a very expensive land-carriage.</p>
                <p>The mining operations are very numerous, if not very extensive. The chief minés
                    of lead are near .Villach, Adelsburg has the most productive mines of
                    quicksilver, and most of the other districts yield silver, iron, copper,
                    antimony, sal-ammoniac, alum, or vitriol. The iron is chiefly converted into
                    tools or utensils, particularly nails, which are exported. There is abundance of
                    fossil coal in many parts, and some saline springs. The latter do not yield
                    sufficient culinary salt for the consumption, and much is made by the sun on the
                    sea-shore. Whatever shipping trade exists is conducted through the ports of
                    Trieste or Fiume. As there are good roads in all directions, the internal trade
                    with the other dominions of Austria is very extensive, and rapidly
                    increasing.</p>
                <p>The courts of law, both civil and criminal, are held at Klagenfurth, which is
                    also the chief seat of the police, and of the treasury board for the whole
                    kingdom.</p>
            </div>
        </body>
    </text>
</TEI>
