<?xml version="1.0" encoding="utf-8"?><?xml-model  href="https://TU-plogan.github.io/code/odd/tei_kp1.rng" type="application/xml" schematypens="http://relaxng.org/ns/structure/1.0"?>
<TEI xml:id="kp-eb0712-2196-0338-02" xml:lang="en" xmlns="http://www.tei-c.org/ns/1.0">
    <teiHeader>
        <fileDesc>
            <titleStmt xml:id="eb07_v3.0">
                <title level="a" type="main">IONA, or Icolmkill</title>
                <title level="m" type="main">Encyclopaedia Britannica: A machine-readable
                    transcription</title>
                <title level="m" type="sub">7th edition, volume 12, page 338</title>
                <editor>Edited by <persName ref="https://orcid.org/0000-0003-2362-8282"
                    role="editor" xml:id="pml">Peter Melville Logan</persName></editor>
                <respStmt>
                    <orgName xml:id="kp">Nineteenth-Century Knowledge Project Staff,
                        <affiliation>Temple University</affiliation></orgName>
                    <resp>OCR transcription and data management</resp>
                </respStmt>
                <respStmt>
                    <persName ref="https://orcid.org/0000-0001-7819-5360" xml:id="jg">Jane
                        Greenberg, <affiliation>Metadata Research Center, Drexel
                        University</affiliation></persName>
                    <resp>metadata development</resp>
                </respStmt>
                <respStmt>
                    <persName xml:id="dk">Don Kretz, <affiliation>Distributed
                        Proofreading</affiliation></persName>
                    <resp>data management</resp>
                </respStmt>
                <funder><orgName ref="http://viaf.org/viaf/137796012" xml:id="neh">National
                    Endowment for the Humanities</orgName></funder>
                <funder><orgName ref="http://viaf.org/viaf/121974598" xml:id="imls">Institute of
                    Museum and Library Services</orgName></funder>
                <funder><orgName ref="http://viaf.org/viaf/127396206" xml:id="tu">Temple
                    University</orgName></funder>
                <sponsor><orgName ref="http://viaf.org/viaf/3653147665869560670009" xml:id="cci"
                    >Drexel University, College of Computing &amp; Informatics</orgName></sponsor>
            </titleStmt>
            <editionStmt>
                <edition n="3.0">Version 3.0<date when="2024">2024</date></edition>
            </editionStmt>
            <extent>464 MB; 21,116 XML files </extent>
            <publicationStmt>
                <publisher corresp="kp"><orgName corresp="kp">Nineteenth-Century Knowledge
                    Project</orgName><email>nckp@temple.edu</email><link
                    target="https://github.com/TU-plogan/KnowledgeProject"/></publisher>
                <availability status="free">
                    <p>Licensed under a Creative Commons Attribution 4.0 International License.</p>
                    <licence target="https://creativecommons.org/licenses/by/4.0/"> CC BY 4.0
                    </licence>
                </availability>
                <date when="2024">2024</date>
            </publicationStmt>
            <seriesStmt>
                <title level="s">Encyclopaedia Britannica: A machine-readable transcription</title>
                <editor corresp="pml">Peter Melville Logan</editor>
            </seriesStmt>
            <sourceDesc>
                <biblFull xml:lang="en">
                    <titleStmt>
                        <title level="m">Encyclopaedia Britannica</title>
                        <editor><persName ref="http://viaf.org/viaf/79392506" xml:id="mn">Napier,
                            Macvey, 1776-1847</persName></editor>
                    </titleStmt>
                    <editionStmt>
                        <edition>Seventh Edition</edition>
                    </editionStmt>
                    <extent><measure quantity="21" unit="vol">21 volumes</measure></extent>
                    <publicationStmt>
                        <publisher>Adam and Charles Black</publisher>
                        <pubPlace>Edinburgh</pubPlace>
                        <date from="1830" to="1842">1830-1842</date>
                    </publicationStmt>
                    <sourceDesc>
                        <bibl xml:id="NLS"><title>Seventh edition - Encyclopaedia Britannica
                            [190218838]</title><publisher><orgName
                            ref="https://digital.nls.uk/encyclopaedia-britannica/archive/190218838"
                            >National Library of Scotland</orgName></publisher><date when="2019"
                            >2019</date><idno type="DOI">https://doi.org/10.34812/cg4r-dn40</idno><availability>
                            <p>National Library of Scotland License: CC BY 4.0</p>
                            <licence target="https://creativecommons.org/licenses/by/4.0/">CC BY 4.0
                            </licence>
                            </availability></bibl>
                    </sourceDesc>
                </biblFull>
                <listBibl>
                    <head>Alternate image sources for this edition:</head>
                    <bibl xml:id="UW-HT">Hathi Trust, from print source at the University of
                        Wisconsin: vol. 9, pp. 29, 31, 32, 36, 37, 39, 41, 48, 50-55, 57, 59, 62,
                        63, 66, 67, 69-71, 76, 88; vol. 19 (all).</bibl>
                    <bibl xml:id="UCH-HT">Hathi Trust, from print source at the University of
                        Chicago: vol. 10, pp. 7-10; vols. 20, 21 (all).</bibl>
                </listBibl>
            </sourceDesc>
        </fileDesc>
        <encodingDesc>
            <editorialDecl>
                <ab><list rend="bulleted" type="basic">
                    <item>Encoding has been done using the recommendations for Level 3 of the "TEI
                        in Libraries Guidelines."</item>
                    <item>Individual entries and page-breaks are encoded, but column breaks are
                        omitted.</item>
                    <item>Print page headers and side descriptions are not included.</item>
                    <item>OCR successfully reproduced simple tables, but complex tabular data is not
                        captured dependably and the results should not be relied upon.</item>
                    <item>OCR was not able to successfully reproduce math and chemical formulas. The
                        uncorrected results remain in the text.</item>
                    <item>Some font formatting is preserved: <val>italic</val>,
                        <val>smallcaps</val>, <val>strikethrough</val>, <val>subscript</val>,
                        <val>superscript</val>, <val>underline</val>. The following print styles are
                        ignored: bold, font size, typeface.</item>
                    </list></ab>
                <correction method="markup" status="low">
                    <p>This electronic text file was created by optical character recognition (OCR).
                        Some OCR errors have been corrected.</p>
                    <p>Illegible text in the original is indicated using <gi>unclear</gi> or
                        <gi>gap</gi>, as appropriate. If corrected, the reference source is
                        indicated with <gi>supplied</gi>.</p>
                    <p>Some volumes of the print edition substituted "c" for "e" letters across
                        multiple pages. These are silently corrected.</p>
                </correction>
                <normalization method="silent">
                    <p>Original spelling is preserved. When noticed, obvious misspellings are
                        combined with the correct spelling as <gi>choice</gi> in the TEI. Ligatures
                        are reproduced as multiple letters. Original footnote and marginal note
                        sigla are replaced with sequential numbers for each entry.</p>
                </normalization>
                <punctuation marks="some">
                    <p>Extra space around punctuation marks is removed.</p>
                    <p>Ordinal numbers, such as 1st, 2ndly, etc., are inconsistently italicized in
                        the printed text; they are normalized as roman throughout.</p>
                </punctuation>
                <quotation marks="some">
                    <p>Quotation marks are retained as content in the text. Redundant open quotation
                        marks at the start of lines inside block quotes are silently removed.</p>
                </quotation>
                <hyphenation eol="hard">
                    <p>Soft hyphens are silently removed.</p>
                </hyphenation>
                <segmentation>
                    <p>The <tag>div type="entry"</tag> element divides the text into individual
                        entries.</p>
                    <p>The <tag>div type="section"</tag> and <tag>div type="subsection"</tag>
                        elements are reserved for entry subsections, but their inclusion is largely
                        aspirational.</p>
                </segmentation>
            </editorialDecl>
            <tagsDecl>
                <namespace name="http://www.tei-c.org/ns/1.0">
                    <tagUsage gi="div">Unnumbered <gi>div</gi> tags are used throughout.</tagUsage>
                </namespace>
            </tagsDecl>
            <projectDesc>
                <p>All text was encoded for the Nineteenth-Century Knowledge Project to provide a
                    machine-readable edition of the Encyclopedia Britannica to analyze using
                    machine-learning methods.</p>
                <p>Subject keywords are added to <gi>teiHeader</gi> for each entry; they were
                    generated by the HIVE2 automated vocabulary server, created by the Metadata
                    Research Center at Drexel University (<link
                    target="https://hive2.cci.drexel.edu"/>https://hive2.cci.drexel.edu).</p>
            </projectDesc>
            <samplingDecl>
                <p>This release reproduces the text matter for all entries. It does not include
                    images, front- or back-matter. It omits volume 1, which consists of
                    "Dissertations" rather than entries. The reproduction of tables and formulae is
                    unreliable. </p>
            </samplingDecl>
            <listPrefixDef>
                <prefixDef ident="fast" matchPattern="(\d+)"
                    replacementPattern="http://id.worldcat.org/fast/$1">
                    <p>URIs with the prefix <code>fastgeo:</code> point to terms in the OCLC FAST
                        (Faceted Application of Subject Terminology) Geographical subject heading
                        schema derived from the Library of Congress Subject Headings (LCSH).</p>
                </prefixDef>
                <prefixDef ident="fast" matchPattern="(\d+)"
                    replacementPattern="http://id.worldcat.org/fast/$1">
                    <p>URIs with the prefix <code>fasttopic:</code> point to terms in the OCLC FAST
                        (Faceted Application of Subject Terminology) Topical subject heading schema
                        derived from the Library of Congress Subject Headings (LCSH).</p>
                </prefixDef>
                <prefixDef ident="lcsh1910" matchPattern="(\w+)"
                    replacementPattern="https://n2t.net/ark:/99152/$1">
                    <p>URIs with the prefix <code>lcsh1910:</code> point to subject terms in <hi
                        rend="italic">Subject Headings Used in the Dictionary Catalogues of the
                        Library of Congress</hi>, 2 vols., Library of Congress, 1910.</p>
                </prefixDef>
                <prefixDef ident="ht" matchPattern="([\w\-\.;=\&#34;&amp;]+)"
                    replacementPattern="https://babel.hathitrust.org/cgi/pt?id=$1">
                    <p>URIs with the prefix <code>ht:</code> point to page images in the Hathi
                        Trust.</p>
                </prefixDef>
                <prefixDef ident="ia" matchPattern="(\w+)"
                    replacementPattern="https://archive.org/details/$1">
                    <p>URIs with the prefix <code>ia:</code> point to page images in the Internet
                        Archive.</p>
                </prefixDef>
                <prefixDef ident="nls" matchPattern="([\w?\=]+)"
                    replacementPattern="https://digital.nls.uk/encyclopaedia-britannica/archive/$1">
                    <p>URIs with the prefix <code>nls:</code> point to page images in the National
                        Library of Scotland.</p>
                </prefixDef>
            </listPrefixDef>
        </encodingDesc>
        <profileDesc>
            <textClass default="false">
                <keywords scheme="https://id.cci.drexel.edu/">
                    <term n="5" ref="lcsh1910:b41n7xp5n">Columbae</term>
                    <term n="3" ref="lcsh1910:b4tt4fz4p">Irish</term>
                    <term n="2" ref="lcsh1910:b43j3985w">Danes</term>
                    <term n="2" ref="lcsh1910:b4mw28p24">Scotch</term>
                    <term n="1" ref="lcsh1910:b4n58cs8z">Norwegians</term>
                    <term n="5" ref="lcsh1910:b4r49gb4d">Church</term>
                    <term n="5" ref="lcsh1910:b47d2q898">Churches</term>
                    <term n="4" ref="lcsh1910:b4hq3s746">Towns</term>
                    <term n="4" ref="lcsh1910:b4k931f29">Ruins</term>
                    <term n="3" ref="lcsh1910:b4kp7tx0f">Islands</term>
                </keywords>
                <keywords scheme="http://id.worldcat.org/fast/">
                    <term n="3" ref="fasttopic:868816">Columba</term>
                    <term n="3" ref="fasttopic:978902">Irish</term>
                    <term n="2" ref="fasttopic:887617">Danes</term>
                    <term n="1" ref="fasttopic:1039481">Norwegians</term>
                    <term n="5" ref="fasttopic:860364">Church</term>
                    <term n="3" ref="fasttopic:980104">Islands</term>
                    <term n="3" ref="fasttopic:852215">Chapels</term>
                    <term n="2" ref="fasttopic:1133812">Stone</term>
                </keywords>
                <keywords scheme="http://id.worldcat.org/fast/">
                    <term n="2" ref="fastgeo:1206715">Scotland</term>
                    <term n="1" ref="fastgeo:1754964">Rome</term>
                    <term n="1" ref="fastgeo:1205427">Ireland</term>
                    <term n="1" ref="fastgeo:1204556">Norway</term>
                </keywords>
            </textClass>
        </profileDesc>
        <revisionDesc status="published">
            <listChange>
                <change n="3.0" status="public" when="2024-12-06" who="#pml">v3.0. Includes
                    significant corrections to the OCR text, predominantly in cases of confusing "c"
                    and "e." Isolates 90 entries that were mistakenly included at the end of prior
                    entries in v1 and v2. Normalizes ordinal numbers. Separates metadata in
                    <gi>teiHeader</gi> into two separate facets: FAST Topical and FAST Geographical.
                    Moves commas following <gi>pb</gi> in the text to preceding it and removes extra
                    space around the <gi>pb</gi> tag. Where a word is hyphenated at a <gi>pb</gi>,
                    the end fragment is now joined to the start fragment, making a machine-readable
                    word.</change>
                <change n="2.0" status="public" when="2023-10-11" who="#pml">v2.0. Isolates 42
                    entries that were mistakenly included at the end of prior entries in v1. Removes
                    <att>xml:id</att> from the <gi>div</gi> for the entry and adds it to the
                    <gi>TEI</gi> tag. Adds schema link to all files.</change>
                <change n="1.0" status="public" when="2022-11-28" who="#pml">v1.0. Initial
                    release.</change>
            </listChange>
        </revisionDesc>
    </teiHeader>
    <text>
        <body>
            <div facs="nls:192942196" type="entry">
                <p><label type="entry">IONA, or <hi rend="smallcaps">Icolmkill</hi></label>, one of
                    the Hebrides, a small but celebrated island, “once,” as Dr Johnson expresses it,
                    “the luminary of the Caledonian regions, whence savage clans and roving
                    barbarians derived the benefits of knowledge and the blessings of religion.” The
                    name <hi rend="italic">Iona</hi> is derived from the Hebrew word signifying a
                    <hi rend="italic">dove,</hi> in allusion to Columba, who landed here in 565. It
                    is said to have been a seat of the Druids before his arrival, when its name in
                    Irish was <hi rend="italic">Inis Drunish,</hi> or the Druid Island. The Druids
                    being expelled or converted, Columba founded here a cell of canons regular, who,
                    till 716, differed from the church of Rome in the observance of Easter and in
                    the tonsure. After his death the island retained his name, and was called <hi
                    rend="italic">Yeolumb cill</hi> or Columb’s cell, now <hi rend="italic"
                    >Icolmhill.</hi> The Danes dislodged the monks in the seventh century, and the
                    Cluniacs were the next order who settled here.</p>
                <p>This island, which belongs to the parish of Ross, in Mull, is three miles long
                    and one broad. The east side is mostly flat, the middle rises into small hills,
                    the west side is very rude and rocky, and the whole forms a singular mixture of
                    rock and fertility. There is in the whole island only one village, or rather
                    collection of huts, inhabited by a population of about 450 individuals, for
                    whose education and religious improvement a church and schoolhouse have been
                    erected by the Society for the Diffusion of Christian Knowledge. Near the town
                    is the bay of the martyrs who were put to death by the Danes. An oblong
                    enclosure, bounded by a stone dyke, and called <hi rend="italic"
                    >Clach-nan-Druinach,</hi> in which bones have been found, is supposed to have
                    been a burial-place of the Druids, or rather the common cemetery of the town’s
                    people. Beyond the town are the ruins of the nunnery of Austin canonesses,
                    dedicated to St Oran, and said to have been founded by Columba. The church was
                    fifty-eight feet by twenty, and the eastern roof is entire. On the floor,
                    covered deep with cow-dung, is the tomb of the last prioress, with her figure
                    praying to the Virgin Mary, and this inscription on the ledge: <hi rend="italic"
                    >Hic jacet</hi><hi rend="italic">domina</hi><hi rend="italic">Anna Donaldi
                    Eerleti</hi><hi rend="italic">filia,</hi><hi rend="italic">quondam prioressa de
                    Jona, quoe</hi><hi rend="italic">obiit</hi><hi rend="italic">ano m</hi><hi
                    rend="italic superscript"> 0</hi><hi rend="italic">d</hi><hi rend="italic
                    superscript"> 0</hi><hi rend="italic">xi</hi><hi rend="italic superscript">
                    m0</hi><hi rend="italic">ejus</hi><hi rend="italic">animant</hi><hi
                    rend="italic">Altissirno</hi><hi rend="italic">commendamus</hi><hi rend="italic"
                    >;</hi> and another inscribed, <hi rend="italic">Hic Jaext Mαriota</hi><hi
                    rend="italic">filia</hi><hi rend="italic">Joi tan. Lauchlain domini de....</hi>
                    A broad paved way leads hence to the cathedral; and on this way there is a large
                    handsome cross called Macleane’s, the only one that remains of three hundred and
                    sixty which were demolished here at the Reformation. Reilig Ouran, or the
                    burying-place of Oran, is the large enclosure where the kings of Scotland,
                    Ireland, and of the isles, with their descendants, were buried, in three several
                    chapels. The dean of the isles, who travelled in 1549, and whose açcount has
                    been copied by Buchanan, says, that in his time, on one of these chapels, or
                    “tombes <hi rend="italic">of</hi> stain fornfit like little chapels, with ane
                    braid gray marble or quhin stain on the gavil of ilk ane of the tombes,”
                    containing, as the chronicle says, the remains of forty-eight Scotch monarchs,
                    from Fergus II. to Macbeth, sixteen of whom were pretended to be of the race of
                    Alpin, was inscribed <hi rend="italic">Tumulus</hi><hi rend="italic"
                    >regum</hi><hi rend="italic">Scotiae ∙</hi> the next was inscribed <hi
                    rend="italic">Tumulus</hi><hi rend="italic">regum Hibernice</hi> and contained
                    four Irish monarchs; and the third, inscribed <hi rend="italic">Tumulus regum
                    Norwegiae,</hi> contained eight Norwegian princes, or viceroys of the Hebrides,
                    whilst these islands were subject to the crown of Norway. Boecius savs, that
                    Fergus founded this abbey to serve as a burial-píace for his successors, and
                    caused an office to be composed for the funeral ceremony. All that Mr Pennant
                    discovered here, consisted in certain slight remains, built in a rigid form, and
                    arched within, but the inscriptions were lost. These were called <hi
                    rend="italic">Jornaire nan righ,</hi> or “the ridge of the kings.” Amongst those
                    stones are to be seen only two inscriptions, in the Gaelic or Erse language, but
                    written in the ancient Irish characters: <hi rend="italic">Cros Domhail
                    fat'asich,</hi> “the cross of Donald Longshanks,” and that of <hi rend="italic"
                    >Urchυine o Guin;</hi> and another inscribed <hi rend="italic">Hic jacet
                    priores</hi><hi rend="italic">de Ily</hi><hi rend="italic subscript"> i</hi><hi
                    rend="italic">Johannes, Hugenius,</hi><hi rend="italic">Patricius,</hi><hi
                    rend="italic">in decretisolim baccalaureus,</hi><hi rend="italic">qui
                    obiit</hi><hi rend="italic">an.</hi><hi rend="italic">Dom.</hi><hi rend="italic"
                    >milles</hi><hi rend="italic superscript"> mο</hi><hi rend="italic"
                    >quingentesimo.</hi> About three hundred inscriptions were collected here by Mr
                    Sacheverel in 1688, and given to the Earl of Argyll, but afterwards lost in the
                    troubles of the family. The place is in a manner filled with grave-stones, but
                    so overgrown with weeds that few or none are at present to be seen, far less can
                    any inscriptions be read. Here also stands the chapel of St Oran, the first
                    building commenced by Columba, which the evil spirits would not suffer to stand
                    till some human victim had been buried alive; a service for which Oran offered
                    himself, and his red grave-stone is still to be seen near the door. In this
                    chapel are tombs of several chiefs, and others. A little north-west of the door
                    is the pedestal of a cross, on which are certain stones that seem to have been
                    the supporters of a tomb. Numbers who visit this island think it incumbent on
                    them to turn each of these thrice round, according to the course of the sun.
                    They are denominated <hi rend="italic">Clachabrath</hi><hi rend="italic">;</hi>
                    for it is thought that the <hi rend="italic">brath,</hi> or end of the world,
                    will not arrive till the pedestal on which they stand is worn through. Mr
                    Sacheverel informs us, that originally there were here three noble globes of
                    white marble, placed on three stone basons, and that these were turned round;
                    but the synod ordered them and sixty crosses to be thrown into the sea. The
                    present stones are probably substituted instead of these globes. The precinct of
                    these tombs was held sacred, and enjoyed the privileges of a girth or sanctuary.
                    These places of retreat were, by the ancient Scotch law, not designed to shelter
                    indiscriminately every offender, as was the case in more bigoted times in
                    Catholic countries; for here all atrocious criminals were excluded, and none but
                    the unfortunate delinquent or the penitent sinner was shielded from the instant
                    stroke of rigorous justice. A little to the northward of this enclosure stands
                    the cathedral, built in the form of a cross, 115 feet long by twenty-three
                    broad, and the transept seventy feet; the pillars of the choir have their
                    capitals charged with scriptural and other histories; and near to the altar are
                    the tombs of two abbots and a knight. A fragment remains of the altar stone, of
                    white marble veined with gray. This church is ascribed to Maid win, in the
                    seventh century; but the present structure is far too magnificent for that age.
                    Most of the walls are built of red granite, from the Nun’s Island in the Sound.
                    Two parallel walls of a covered way, about twelve feet high and ten wide, reach
                    from the south-east corner to the sea· In the church-yard is a fine cross of a
                    single piece of red granite, fourteen feet high, twenty-two inches broad, and
                    ten inches thick. Near to the south-east end is Marys <pb break="no"
                    facs="nls:192942209" xml:id="kp-eb0712-2209-0339"/>chapel. The monastery is
                    behind the chapel, of which only a piece of the cloister remains, and some
                    sacred black stones in a corner, on which contracts and alliances were made and
                    oaths sworn. To the east of it were the abbot’s gardens and offices; and to the
                    north was the palace of the bishop of the islcs after the separation from them
                    ofMan. This see was endowed with thirteen islands, several of which were
                    frequently taken away by the chieftains. The title of <hi rend="italic"
                    >Soder,</hi> which some explained as Zwrng, <hi rend="italic">Soter,</hi> the
                    name of Christ, or Soder an imaginary town, is really derived from the
                    distinction of the diocese into the northern islands or Nordereys, that is, all
                    to the north of Ardnamurchan Point, and the Southern or Sudcreys; which last
                    being the most important, the Isle of Man retained both titles.</p>
                <p>Other ruins of monastic buildings and offices may be traced, as well as some
                    druidical sepulchral remains. Several abbeys were derived from this, which, with
                    the island, was governed by an abbot-presbyter, who had rule even over bishops.
                    The place where St Columba landed is a pebbly beach, where a heap of earth
                    represents the form of his ship. Near it is a hill with a circle of stones
                    called <hi rend="italic">Cnoe∙nan aimgeal,</hi> or “the hill of angels,” with
                    whom the saint held conference; and on Michaelmas day the inhabitants coursed
                    their horses round it, a relic of the custom of bringing them there to be
                    blessed. In former times this island was the place where the archives of
                    Scotland and many valuable old manuscripts were kept. Of these most are supposed
                    to have been destroyed at the Reformation; but many, it is said, were carried to
                    the Scotch college at Douay in France, and it is hoped some of them may still be
                    recovered. In 1830 an intelligent antiquary cleared away the rubbish from the
                    ruins of the religious edifices, for the purpose of bringing to light every
                    relic that might remain. In this search, besides the advantages resulting from
                    disentombing these interesting ruins, and exposing them to the eye of the
                    visitor, a great many statues and monuments were discovered.</p>
            </div>
        </body>
    </text>
</TEI>
