<?xml version="1.0" encoding="utf-8"?><?xml-model  href="https://TU-plogan.github.io/code/odd/tei_kp1.rng" type="application/xml" schematypens="http://relaxng.org/ns/structure/1.0"?>
<TEI xml:id="kp-eb0712-1299-0269-05" xml:lang="en" xmlns="http://www.tei-c.org/ns/1.0">
    <teiHeader>
        <fileDesc>
            <titleStmt xml:id="eb07_v3.0">
                <title level="a" type="main">INDUS</title>
                <title level="m" type="main">Encyclopaedia Britannica: A machine-readable
                    transcription</title>
                <title level="m" type="sub">7th edition, volume 12, page 269</title>
                <editor>Edited by <persName ref="https://orcid.org/0000-0003-2362-8282"
                    role="editor" xml:id="pml">Peter Melville Logan</persName></editor>
                <respStmt>
                    <orgName xml:id="kp">Nineteenth-Century Knowledge Project Staff,
                        <affiliation>Temple University</affiliation></orgName>
                    <resp>OCR transcription and data management</resp>
                </respStmt>
                <respStmt>
                    <persName ref="https://orcid.org/0000-0001-7819-5360" xml:id="jg">Jane
                        Greenberg, <affiliation>Metadata Research Center, Drexel
                        University</affiliation></persName>
                    <resp>metadata development</resp>
                </respStmt>
                <respStmt>
                    <persName xml:id="dk">Don Kretz, <affiliation>Distributed
                        Proofreading</affiliation></persName>
                    <resp>data management</resp>
                </respStmt>
                <funder><orgName ref="http://viaf.org/viaf/137796012" xml:id="neh">National
                    Endowment for the Humanities</orgName></funder>
                <funder><orgName ref="http://viaf.org/viaf/121974598" xml:id="imls">Institute of
                    Museum and Library Services</orgName></funder>
                <funder><orgName ref="http://viaf.org/viaf/127396206" xml:id="tu">Temple
                    University</orgName></funder>
                <sponsor><orgName ref="http://viaf.org/viaf/3653147665869560670009" xml:id="cci"
                    >Drexel University, College of Computing &amp; Informatics</orgName></sponsor>
            </titleStmt>
            <editionStmt>
                <edition n="3.0">Version 3.0<date when="2024">2024</date></edition>
            </editionStmt>
            <extent>464 MB; 21,116 XML files </extent>
            <publicationStmt>
                <publisher corresp="kp"><orgName corresp="kp">Nineteenth-Century Knowledge
                    Project</orgName><email>nckp@temple.edu</email><link
                    target="https://github.com/TU-plogan/KnowledgeProject"/></publisher>
                <availability status="free">
                    <p>Licensed under a Creative Commons Attribution 4.0 International License.</p>
                    <licence target="https://creativecommons.org/licenses/by/4.0/"> CC BY 4.0
                    </licence>
                </availability>
                <date when="2024">2024</date>
            </publicationStmt>
            <seriesStmt>
                <title level="s">Encyclopaedia Britannica: A machine-readable transcription</title>
                <editor corresp="pml">Peter Melville Logan</editor>
            </seriesStmt>
            <sourceDesc>
                <biblFull xml:lang="en">
                    <titleStmt>
                        <title level="m">Encyclopaedia Britannica</title>
                        <editor><persName ref="http://viaf.org/viaf/79392506" xml:id="mn">Napier,
                            Macvey, 1776-1847</persName></editor>
                    </titleStmt>
                    <editionStmt>
                        <edition>Seventh Edition</edition>
                    </editionStmt>
                    <extent><measure quantity="21" unit="vol">21 volumes</measure></extent>
                    <publicationStmt>
                        <publisher>Adam and Charles Black</publisher>
                        <pubPlace>Edinburgh</pubPlace>
                        <date from="1830" to="1842">1830-1842</date>
                    </publicationStmt>
                    <sourceDesc>
                        <bibl xml:id="NLS"><title>Seventh edition - Encyclopaedia Britannica
                            [190218838]</title><publisher><orgName
                            ref="https://digital.nls.uk/encyclopaedia-britannica/archive/190218838"
                            >National Library of Scotland</orgName></publisher><date when="2019"
                            >2019</date><idno type="DOI">https://doi.org/10.34812/cg4r-dn40</idno><availability>
                            <p>National Library of Scotland License: CC BY 4.0</p>
                            <licence target="https://creativecommons.org/licenses/by/4.0/">CC BY 4.0
                            </licence>
                            </availability></bibl>
                    </sourceDesc>
                </biblFull>
                <listBibl>
                    <head>Alternate image sources for this edition:</head>
                    <bibl xml:id="UW-HT">Hathi Trust, from print source at the University of
                        Wisconsin: vol. 9, pp. 29, 31, 32, 36, 37, 39, 41, 48, 50-55, 57, 59, 62,
                        63, 66, 67, 69-71, 76, 88; vol. 19 (all).</bibl>
                    <bibl xml:id="UCH-HT">Hathi Trust, from print source at the University of
                        Chicago: vol. 10, pp. 7-10; vols. 20, 21 (all).</bibl>
                </listBibl>
            </sourceDesc>
        </fileDesc>
        <encodingDesc>
            <editorialDecl>
                <ab><list rend="bulleted" type="basic">
                    <item>Encoding has been done using the recommendations for Level 3 of the "TEI
                        in Libraries Guidelines."</item>
                    <item>Individual entries and page-breaks are encoded, but column breaks are
                        omitted.</item>
                    <item>Print page headers and side descriptions are not included.</item>
                    <item>OCR successfully reproduced simple tables, but complex tabular data is not
                        captured dependably and the results should not be relied upon.</item>
                    <item>OCR was not able to successfully reproduce math and chemical formulas. The
                        uncorrected results remain in the text.</item>
                    <item>Some font formatting is preserved: <val>italic</val>,
                        <val>smallcaps</val>, <val>strikethrough</val>, <val>subscript</val>,
                        <val>superscript</val>, <val>underline</val>. The following print styles are
                        ignored: bold, font size, typeface.</item>
                    </list></ab>
                <correction method="markup" status="low">
                    <p>This electronic text file was created by optical character recognition (OCR).
                        Some OCR errors have been corrected.</p>
                    <p>Illegible text in the original is indicated using <gi>unclear</gi> or
                        <gi>gap</gi>, as appropriate. If corrected, the reference source is
                        indicated with <gi>supplied</gi>.</p>
                    <p>Some volumes of the print edition substituted "c" for "e" letters across
                        multiple pages. These are silently corrected.</p>
                </correction>
                <normalization method="silent">
                    <p>Original spelling is preserved. When noticed, obvious misspellings are
                        combined with the correct spelling as <gi>choice</gi> in the TEI. Ligatures
                        are reproduced as multiple letters. Original footnote and marginal note
                        sigla are replaced with sequential numbers for each entry.</p>
                </normalization>
                <punctuation marks="some">
                    <p>Extra space around punctuation marks is removed.</p>
                    <p>Ordinal numbers, such as 1st, 2ndly, etc., are inconsistently italicized in
                        the printed text; they are normalized as roman throughout.</p>
                </punctuation>
                <quotation marks="some">
                    <p>Quotation marks are retained as content in the text. Redundant open quotation
                        marks at the start of lines inside block quotes are silently removed.</p>
                </quotation>
                <hyphenation eol="hard">
                    <p>Soft hyphens are silently removed.</p>
                </hyphenation>
                <segmentation>
                    <p>The <tag>div type="entry"</tag> element divides the text into individual
                        entries.</p>
                    <p>The <tag>div type="section"</tag> and <tag>div type="subsection"</tag>
                        elements are reserved for entry subsections, but their inclusion is largely
                        aspirational.</p>
                </segmentation>
            </editorialDecl>
            <tagsDecl>
                <namespace name="http://www.tei-c.org/ns/1.0">
                    <tagUsage gi="div">Unnumbered <gi>div</gi> tags are used throughout.</tagUsage>
                </namespace>
            </tagsDecl>
            <projectDesc>
                <p>All text was encoded for the Nineteenth-Century Knowledge Project to provide a
                    machine-readable edition of the Encyclopedia Britannica to analyze using
                    machine-learning methods.</p>
                <p>Subject keywords are added to <gi>teiHeader</gi> for each entry; they were
                    generated by the HIVE2 automated vocabulary server, created by the Metadata
                    Research Center at Drexel University (<link
                    target="https://hive2.cci.drexel.edu"/>https://hive2.cci.drexel.edu).</p>
            </projectDesc>
            <samplingDecl>
                <p>This release reproduces the text matter for all entries. It does not include
                    images, front- or back-matter. It omits volume 1, which consists of
                    "Dissertations" rather than entries. The reproduction of tables and formulae is
                    unreliable. </p>
            </samplingDecl>
            <listPrefixDef>
                <prefixDef ident="fast" matchPattern="(\d+)"
                    replacementPattern="http://id.worldcat.org/fast/$1">
                    <p>URIs with the prefix <code>fastgeo:</code> point to terms in the OCLC FAST
                        (Faceted Application of Subject Terminology) Geographical subject heading
                        schema derived from the Library of Congress Subject Headings (LCSH).</p>
                </prefixDef>
                <prefixDef ident="fast" matchPattern="(\d+)"
                    replacementPattern="http://id.worldcat.org/fast/$1">
                    <p>URIs with the prefix <code>fasttopic:</code> point to terms in the OCLC FAST
                        (Faceted Application of Subject Terminology) Topical subject heading schema
                        derived from the Library of Congress Subject Headings (LCSH).</p>
                </prefixDef>
                <prefixDef ident="lcsh1910" matchPattern="(\w+)"
                    replacementPattern="https://n2t.net/ark:/99152/$1">
                    <p>URIs with the prefix <code>lcsh1910:</code> point to subject terms in <hi
                        rend="italic">Subject Headings Used in the Dictionary Catalogues of the
                        Library of Congress</hi>, 2 vols., Library of Congress, 1910.</p>
                </prefixDef>
                <prefixDef ident="ht" matchPattern="([\w\-\.;=\&#34;&amp;]+)"
                    replacementPattern="https://babel.hathitrust.org/cgi/pt?id=$1">
                    <p>URIs with the prefix <code>ht:</code> point to page images in the Hathi
                        Trust.</p>
                </prefixDef>
                <prefixDef ident="ia" matchPattern="(\w+)"
                    replacementPattern="https://archive.org/details/$1">
                    <p>URIs with the prefix <code>ia:</code> point to page images in the Internet
                        Archive.</p>
                </prefixDef>
                <prefixDef ident="nls" matchPattern="([\w?\=]+)"
                    replacementPattern="https://digital.nls.uk/encyclopaedia-britannica/archive/$1">
                    <p>URIs with the prefix <code>nls:</code> point to page images in the National
                        Library of Scotland.</p>
                </prefixDef>
            </listPrefixDef>
        </encodingDesc>
        <profileDesc>
            <textClass default="false">
                <keywords scheme="https://id.cci.drexel.edu/">
                    <term n="8" ref="lcsh1910:b4kk94m4s">Sea</term>
                    <term n="6" ref="lcsh1910:b46q1sk44">Deltas</term>
                    <term n="4" ref="lcsh1910:b4tt4fw6r">East</term>
                    <term n="4" ref="lcsh1910:b4513v11w">Water</term>
                    <term n="3" ref="lcsh1910:b43n20j3f">Mountains</term>
                    <term n="2" ref="lcsh1910:b44f1mm3n">Courts</term>
                    <term n="1" ref="lcsh1910:b45m62g2p">Sikhs</term>
                    <term n="1" ref="lcsh1910:b4xd0r400">Memoirs</term>
                    <term n="1" ref="lcsh1910:b4g15tc6x">Maps</term>
                </keywords>
                <keywords scheme="http://id.worldcat.org/fast/">
                    <term n="2" ref="fasttopic:881747">Courts</term>
                    <term n="1" ref="fasttopic:1118436">Sikhs</term>
                    <term n="1" ref="fasttopic:1008726">Maps</term>
                    <term n="8" ref="fasttopic:1110395">Seas</term>
                    <term n="6" ref="fasttopic:890004">Deltas</term>
                    <term n="4" ref="fasttopic:1171139">Water</term>
                    <term n="3" ref="fasttopic:1028334">Mountaineering</term>
                    <term n="3" ref="fasttopic:1028364">Mountaineers</term>
                </keywords>
            </textClass>
        </profileDesc>
        <revisionDesc status="published">
            <listChange>
                <change n="3.0" status="public" when="2024-12-06" who="#pml">v3.0. Includes
                    significant corrections to the OCR text, predominantly in cases of confusing "c"
                    and "e." Isolates 90 entries that were mistakenly included at the end of prior
                    entries in v1 and v2. Normalizes ordinal numbers. Separates metadata in
                    <gi>teiHeader</gi> into two separate facets: FAST Topical and FAST Geographical.
                    Moves commas following <gi>pb</gi> in the text to preceding it and removes extra
                    space around the <gi>pb</gi> tag. Where a word is hyphenated at a <gi>pb</gi>,
                    the end fragment is now joined to the start fragment, making a machine-readable
                    word.</change>
                <change n="2.0" status="public" when="2023-10-11" who="#pml">v2.0. Isolates 42
                    entries that were mistakenly included at the end of prior entries in v1. Removes
                    <att>xml:id</att> from the <gi>div</gi> for the entry and adds it to the
                    <gi>TEI</gi> tag. Adds schema link to all files.</change>
                <change n="1.0" status="public" when="2022-11-28" who="#pml">v1.0. Initial
                    release.</change>
            </listChange>
        </revisionDesc>
    </teiHeader>
    <text>
        <body>
            <div facs="nls:192941299" type="entry">
                <p><label type="entry">INDUS</label>, also called the <hi rend="smallcaps"
                    >Nilab</hi> and the <hi rend="smallcaps">Sinde.</hi> This great river has its
                    rise in the mountains of Tartary, lying between the 38 and 39 degrees of N.
                    Lat., and is formed by two great branches, which join at the town of Dras, about
                    100 miles N.E. from Cashmeer. The left of these branches is seventy yards broad
                    a little above the junction, and excessively rapid; it comes from the north of
                    east, and runs west after being joined by the branch which passes the city of
                    Lechdack in Thibet. According to information given to Mr Elphinstone by a
                    Cashmerian, these head branches of the Indus joined about twenty-four miles
                    above Dras, and at or below that town, the river divided into two branches, the
                    lesser one running south to Cashmeer, but the greater one he knew little about,
                    excepting that it was called the great Sinde. After passing the city of Lechdack
                    in Thibet, it takes a south-westerly course, and forcing its way through the
                    mountains called the Hindoo Coosh, it enters Hindostan about Lat. 33° 15' N.
                    Here, about sixty miles from its source, it is joined by the Cabul or Attock
                    from the west; and it increases both in breadth and in depth, being about
                    three-quarters of a mile in breadth in the month of July, and no longer
                    fordable. Forty miles above <pb break="no" facs="nls:192941312"
                    xml:id="kp-eb0712-1312-0270"/>the fort of Attock east-north-east, it is confined
                    between high mountains as far as Torbela, where it enters the valley of Clinch,
                    spreading and forming innumerable islands till it reaches the fort of Attock,
                    where it again enters between the hills. At the fort it is only 260 yards broad,
                    and both deep and rapid. It enters a plain five miles south of Attack, and is
                    again confined between hills at Nilah, ten miles south of Attack, and continues
                    to wind amongst deep groups of mountains on to Harrabah, latitude 33° 7', where
                    it enters the rich valley of the Esa Khels in four great branches, and is not
                    again interrupted in its course by hills. From this point to where it is joined
                    by the fine rivers of the Punjab, and flows in one stream, its course is
                    south-east; and it enters the province of Sinde between the 25th and 26th
                    degrees of N. Lat. Mr Elphinstone crossed the Indus in lat. 31° 28' in January
                    1809, when the stream was at the lowest, and found its breadth to be 1905 yards.
                    The depth of the channel at its deepest part was not above twelve feet; and an
                    elephant ten and a half feet in height, had not a hundred yards to swim; the
                    main channel being here reduced by several large branches which separate from
                    it, and run in a parallel course, one 200 yards, another 500 yards, and a third
                    50 yards broad. Major Rennell estimates the delta of the Indus to be about 150
                    miles in length along the sea-coast; and about 115 in depth, from the place of
                    separation of the superior branches of the river, to the most prominent point of
                    the sea-coast. There is here water for vessels of nearly 200 tons burden, from
                    the Gulf of Cutch to Lahore, a distance of 7β0 geographical miles. About 170
                    miles from the sea, by the course of the river, the Indus divides into two
                    branches, of which the westernmost is by much the larger; and, after a course of
                    about fifty miles to the south-west, as it approaches the sea, it is again
                    subdivided into several other branches and creeks. The lower part of the delta
                    is intersected by rivers and creeks in almost every direction, like the delta of
                    the Ganges; but it so far differs from the latter, that it has no trees on its
                    surface, the dry parts being covered with brushwood, and the remainder, by much
                    the largest part, being noisome swamps or muddy lakes. It is remarkable that the
                    influence of the tides is not felt at a greater distance than sixty or
                    sixty-five miles from the sea. At the mouths of the different branches, the rush
                    or influx of the tide is high and dangerous, running, as has been estimated, at
                    the rate of four miles an hour, though varying greatly at different places. From
                    the sea up to Hyderabad, the Indus is in general about a mile in breadth,
                    varying in depth from two to five fathoms. The river begins to swell in the
                    middle of July, from the melting of the snows, and continues to increase until
                    the end of August. The length of the Indus is estimated by Mr Elphinstone, on
                    the best data that he could collect, to be from Lechdack to Rodack, a place
                    where wool is brought, or sheep·, through a hilly country, to Cashmeer, to be
                    manufactured into shawls, 250 miles; thence to the fort of Attack, 4-00 miles;
                    and 700 to the sea; in all 1350 miles.<note anchored="true" place="bottom"
                    type="authorial"><p>Elphinstone’s <hi rend="italic">Account of the Kingdom of
                    Cabul.</hi> Appendix, p. 653.</p></note> The Indus admits of an uninterrupted
                    navigation from Tatta, the capital of Sinde, to Moul tan and Lahore, for vessels
                    of 200 tons, and a very extensive trade was carried on between these places in
                    the time of Aurungzebe; and it is mentioned by Mr Bumes, in his visit to the
                    Court of Sinde in 1828, that above Bunosa, which is thirty miles below
                    Hyderabad, the river is nearly a mile broad, studded with boats, filling its
                    channel from bank to bank, and moving majestically forward, at the rate of about
                    three miles an hour.<note anchored="true" place="bottom" type="authorial"
                    ><p>Rennell, <hi rend="italic">Memoir of a Map of Hindustan,</hi> p.
                    181.</p></note> But the trade has been frequently interrupted by the disorderly
                    state of the country, owing to the bad government of Sinde, and the predatory
                    incursions of the Sikhs and petty chiefs, who possess the countries of Moultan
                    and Lahore, or the banditti who live under their precarious authority. The upper
                    part of the delta is well cultivated, yielding abundance of rice,<note
                    anchored="true" place="bottom" type="authorial"><p>Burnes, <hi rend="italic"
                    >Narrative of a Visit to the Court of</hi><hi rend="italic">Sindo,</hi> p.
                    40.</p></note> and Mr Burnes, in his journey across it from Cutch, describes the
                    extensive cultivation and richness of the soil from Burce to Toorta, as every
                    where remarkable. He had every where to cross a number of canals dug for the
                    purposes of agriculture, from the branches of the Indus, and over many of which
                    small brick bridges were thrown, on which draw-wells were constantly at work
                    irrigating the fields; and he observed a strong contrast between the parched
                    deserts of Cutch and the exuberance of vegetable life exhibited in the delta of
                    the Indus. This great river is named the Sindhis or Sindhus in Sanscrit, and Aub
                    Sinde, or the water of Sinde, by the Persians. It is called by the natives
                    Attack, from that place downwards to Moultan, and farther down to Soor or Shoor,
                    until it separates in the Delta. The Asiatics generally distinguish it by the
                    name of Sinde. It forms a strong barrier on the west of Hindostan for nearly 900
                    miles, and, if the country were resolutely defended, it would be a formidable
                    obstacle to an invading army. The bed of the Indus is sand, with a small
                    quantity of mud, and the water is wholesome, and quite fresh. Mr Burnes
                    estimates that the Indus pours into the sea about four times as much water as
                    the Ganges.</p>
            </div>
        </body>
    </text>
</TEI>
