<?xml version="1.0" encoding="utf-8"?><?xml-model  href="https://TU-plogan.github.io/code/odd/tei_kp1.rng" type="application/xml" schematypens="http://relaxng.org/ns/structure/1.0"?>
<TEI xml:id="kp-eb0712-1156-0258-11" xml:lang="en" xmlns="http://www.tei-c.org/ns/1.0">
    <teiHeader>
        <fileDesc>
            <titleStmt xml:id="eb07_v3.0">
                <title level="a" type="main">INCOMMENSURABLE</title>
                <title level="m" type="main">Encyclopaedia Britannica: A machine-readable
                    transcription</title>
                <title level="m" type="sub">7th edition, volume 12, page 258</title>
                <editor>Edited by <persName ref="https://orcid.org/0000-0003-2362-8282"
                    role="editor" xml:id="pml">Peter Melville Logan</persName></editor>
                <respStmt>
                    <orgName xml:id="kp">Nineteenth-Century Knowledge Project Staff,
                        <affiliation>Temple University</affiliation></orgName>
                    <resp>OCR transcription and data management</resp>
                </respStmt>
                <respStmt>
                    <persName ref="https://orcid.org/0000-0001-7819-5360" xml:id="jg">Jane
                        Greenberg, <affiliation>Metadata Research Center, Drexel
                        University</affiliation></persName>
                    <resp>metadata development</resp>
                </respStmt>
                <respStmt>
                    <persName xml:id="dk">Don Kretz, <affiliation>Distributed
                        Proofreading</affiliation></persName>
                    <resp>data management</resp>
                </respStmt>
                <funder><orgName ref="http://viaf.org/viaf/137796012" xml:id="neh">National
                    Endowment for the Humanities</orgName></funder>
                <funder><orgName ref="http://viaf.org/viaf/121974598" xml:id="imls">Institute of
                    Museum and Library Services</orgName></funder>
                <funder><orgName ref="http://viaf.org/viaf/127396206" xml:id="tu">Temple
                    University</orgName></funder>
                <sponsor><orgName ref="http://viaf.org/viaf/3653147665869560670009" xml:id="cci"
                    >Drexel University, College of Computing &amp; Informatics</orgName></sponsor>
            </titleStmt>
            <editionStmt>
                <edition n="3.0">Version 3.0<date when="2024">2024</date></edition>
            </editionStmt>
            <extent>464 MB; 21,116 XML files </extent>
            <publicationStmt>
                <publisher corresp="kp"><orgName corresp="kp">Nineteenth-Century Knowledge
                    Project</orgName><email>nckp@temple.edu</email><link
                    target="https://github.com/TU-plogan/KnowledgeProject"/></publisher>
                <availability status="free">
                    <p>Licensed under a Creative Commons Attribution 4.0 International License.</p>
                    <licence target="https://creativecommons.org/licenses/by/4.0/"> CC BY 4.0
                    </licence>
                </availability>
                <date when="2024">2024</date>
            </publicationStmt>
            <seriesStmt>
                <title level="s">Encyclopaedia Britannica: A machine-readable transcription</title>
                <editor corresp="pml">Peter Melville Logan</editor>
            </seriesStmt>
            <sourceDesc>
                <biblFull xml:lang="en">
                    <titleStmt>
                        <title level="m">Encyclopaedia Britannica</title>
                        <editor><persName ref="http://viaf.org/viaf/79392506" xml:id="mn">Napier,
                            Macvey, 1776-1847</persName></editor>
                    </titleStmt>
                    <editionStmt>
                        <edition>Seventh Edition</edition>
                    </editionStmt>
                    <extent><measure quantity="21" unit="vol">21 volumes</measure></extent>
                    <publicationStmt>
                        <publisher>Adam and Charles Black</publisher>
                        <pubPlace>Edinburgh</pubPlace>
                        <date from="1830" to="1842">1830-1842</date>
                    </publicationStmt>
                    <sourceDesc>
                        <bibl xml:id="NLS"><title>Seventh edition - Encyclopaedia Britannica
                            [190218838]</title><publisher><orgName
                            ref="https://digital.nls.uk/encyclopaedia-britannica/archive/190218838"
                            >National Library of Scotland</orgName></publisher><date when="2019"
                            >2019</date><idno type="DOI">https://doi.org/10.34812/cg4r-dn40</idno><availability>
                            <p>National Library of Scotland License: CC BY 4.0</p>
                            <licence target="https://creativecommons.org/licenses/by/4.0/">CC BY 4.0
                            </licence>
                            </availability></bibl>
                    </sourceDesc>
                </biblFull>
                <listBibl>
                    <head>Alternate image sources for this edition:</head>
                    <bibl xml:id="UW-HT">Hathi Trust, from print source at the University of
                        Wisconsin: vol. 9, pp. 29, 31, 32, 36, 37, 39, 41, 48, 50-55, 57, 59, 62,
                        63, 66, 67, 69-71, 76, 88; vol. 19 (all).</bibl>
                    <bibl xml:id="UCH-HT">Hathi Trust, from print source at the University of
                        Chicago: vol. 10, pp. 7-10; vols. 20, 21 (all).</bibl>
                </listBibl>
            </sourceDesc>
        </fileDesc>
        <encodingDesc>
            <editorialDecl>
                <ab><list rend="bulleted" type="basic">
                    <item>Encoding has been done using the recommendations for Level 3 of the "TEI
                        in Libraries Guidelines."</item>
                    <item>Individual entries and page-breaks are encoded, but column breaks are
                        omitted.</item>
                    <item>Print page headers and side descriptions are not included.</item>
                    <item>OCR successfully reproduced simple tables, but complex tabular data is not
                        captured dependably and the results should not be relied upon.</item>
                    <item>OCR was not able to successfully reproduce math and chemical formulas. The
                        uncorrected results remain in the text.</item>
                    <item>Some font formatting is preserved: <val>italic</val>,
                        <val>smallcaps</val>, <val>strikethrough</val>, <val>subscript</val>,
                        <val>superscript</val>, <val>underline</val>. The following print styles are
                        ignored: bold, font size, typeface.</item>
                    </list></ab>
                <correction method="markup" status="low">
                    <p>This electronic text file was created by optical character recognition (OCR).
                        Some OCR errors have been corrected.</p>
                    <p>Illegible text in the original is indicated using <gi>unclear</gi> or
                        <gi>gap</gi>, as appropriate. If corrected, the reference source is
                        indicated with <gi>supplied</gi>.</p>
                    <p>Some volumes of the print edition substituted "c" for "e" letters across
                        multiple pages. These are silently corrected.</p>
                </correction>
                <normalization method="silent">
                    <p>Original spelling is preserved. When noticed, obvious misspellings are
                        combined with the correct spelling as <gi>choice</gi> in the TEI. Ligatures
                        are reproduced as multiple letters. Original footnote and marginal note
                        sigla are replaced with sequential numbers for each entry.</p>
                </normalization>
                <punctuation marks="some">
                    <p>Extra space around punctuation marks is removed.</p>
                    <p>Ordinal numbers, such as 1st, 2ndly, etc., are inconsistently italicized in
                        the printed text; they are normalized as roman throughout.</p>
                </punctuation>
                <quotation marks="some">
                    <p>Quotation marks are retained as content in the text. Redundant open quotation
                        marks at the start of lines inside block quotes are silently removed.</p>
                </quotation>
                <hyphenation eol="hard">
                    <p>Soft hyphens are silently removed.</p>
                </hyphenation>
                <segmentation>
                    <p>The <tag>div type="entry"</tag> element divides the text into individual
                        entries.</p>
                    <p>The <tag>div type="section"</tag> and <tag>div type="subsection"</tag>
                        elements are reserved for entry subsections, but their inclusion is largely
                        aspirational.</p>
                </segmentation>
            </editorialDecl>
            <tagsDecl>
                <namespace name="http://www.tei-c.org/ns/1.0">
                    <tagUsage gi="div">Unnumbered <gi>div</gi> tags are used throughout.</tagUsage>
                </namespace>
            </tagsDecl>
            <projectDesc>
                <p>All text was encoded for the Nineteenth-Century Knowledge Project to provide a
                    machine-readable edition of the Encyclopedia Britannica to analyze using
                    machine-learning methods.</p>
                <p>Subject keywords are added to <gi>teiHeader</gi> for each entry; they were
                    generated by the HIVE2 automated vocabulary server, created by the Metadata
                    Research Center at Drexel University (<link
                    target="https://hive2.cci.drexel.edu"/>https://hive2.cci.drexel.edu).</p>
            </projectDesc>
            <samplingDecl>
                <p>This release reproduces the text matter for all entries. It does not include
                    images, front- or back-matter. It omits volume 1, which consists of
                    "Dissertations" rather than entries. The reproduction of tables and formulae is
                    unreliable. </p>
            </samplingDecl>
            <listPrefixDef>
                <prefixDef ident="fast" matchPattern="(\d+)"
                    replacementPattern="http://id.worldcat.org/fast/$1">
                    <p>URIs with the prefix <code>fastgeo:</code> point to terms in the OCLC FAST
                        (Faceted Application of Subject Terminology) Geographical subject heading
                        schema derived from the Library of Congress Subject Headings (LCSH).</p>
                </prefixDef>
                <prefixDef ident="fast" matchPattern="(\d+)"
                    replacementPattern="http://id.worldcat.org/fast/$1">
                    <p>URIs with the prefix <code>fasttopic:</code> point to terms in the OCLC FAST
                        (Faceted Application of Subject Terminology) Topical subject heading schema
                        derived from the Library of Congress Subject Headings (LCSH).</p>
                </prefixDef>
                <prefixDef ident="lcsh1910" matchPattern="(\w+)"
                    replacementPattern="https://n2t.net/ark:/99152/$1">
                    <p>URIs with the prefix <code>lcsh1910:</code> point to subject terms in <hi
                        rend="italic">Subject Headings Used in the Dictionary Catalogues of the
                        Library of Congress</hi>, 2 vols., Library of Congress, 1910.</p>
                </prefixDef>
                <prefixDef ident="ht" matchPattern="([\w\-\.;=\&#34;&amp;]+)"
                    replacementPattern="https://babel.hathitrust.org/cgi/pt?id=$1">
                    <p>URIs with the prefix <code>ht:</code> point to page images in the Hathi
                        Trust.</p>
                </prefixDef>
                <prefixDef ident="ia" matchPattern="(\w+)"
                    replacementPattern="https://archive.org/details/$1">
                    <p>URIs with the prefix <code>ia:</code> point to page images in the Internet
                        Archive.</p>
                </prefixDef>
                <prefixDef ident="nls" matchPattern="([\w?\=]+)"
                    replacementPattern="https://digital.nls.uk/encyclopaedia-britannica/archive/$1">
                    <p>URIs with the prefix <code>nls:</code> point to page images in the National
                        Library of Scotland.</p>
                </prefixDef>
            </listPrefixDef>
        </encodingDesc>
        <profileDesc>
            <textClass default="false">
                <keywords scheme="https://id.cci.drexel.edu/">
                    <term n="10" ref="lcsh1910:b43j39307">Equality</term>
                    <term n="7" ref="lcsh1910:b43775w28">Books</term>
                    <term n="3" ref="lcsh1910:b4b27pq8k">Numbers</term>
                    <term n="3" ref="lcsh1910:b4b853m90">Processions</term>
                    <term n="3" ref="lcsh1910:b4930p29x">Process</term>
                </keywords>
                <keywords scheme="http://id.worldcat.org/fast/">
                    <term n="10" ref="fasttopic:914456">Equality</term>
                    <term n="7" ref="fasttopic:836401">Books</term>
                    <term n="4" ref="fasttopic:1093581">Relationism</term>
                    <term n="3" ref="fasttopic:1078061">Processions</term>
                    <term n="3" ref="fasttopic:1078016">Process</term>
                </keywords>
            </textClass>
        </profileDesc>
        <revisionDesc status="published">
            <listChange>
                <change n="3.0" status="public" when="2024-12-06" who="#pml">v3.0. Includes
                    significant corrections to the OCR text, predominantly in cases of confusing "c"
                    and "e." Isolates 90 entries that were mistakenly included at the end of prior
                    entries in v1 and v2. Normalizes ordinal numbers. Separates metadata in
                    <gi>teiHeader</gi> into two separate facets: FAST Topical and FAST Geographical.
                    Moves commas following <gi>pb</gi> in the text to preceding it and removes extra
                    space around the <gi>pb</gi> tag. Where a word is hyphenated at a <gi>pb</gi>,
                    the end fragment is now joined to the start fragment, making a machine-readable
                    word.</change>
                <change n="2.0" status="public" when="2023-10-11" who="#pml">v2.0. Isolates 42
                    entries that were mistakenly included at the end of prior entries in v1. Removes
                    <att>xml:id</att> from the <gi>div</gi> for the entry and adds it to the
                    <gi>TEI</gi> tag. Adds schema link to all files.</change>
                <change n="1.0" status="public" when="2022-11-28" who="#pml">v1.0. Initial
                    release.</change>
            </listChange>
        </revisionDesc>
    </teiHeader>
    <text>
        <body>
            <div facs="nls:192941156" type="entry">
                <p><label type="entry">INCOMMENSURABLE</label>, in <hi rend="italic">Geometry,</hi>
                    is a term applied to homogeneous magnitudes which have no common measure, or
                    whereof one cannot be denoted as either multiple, aliquot part, or aliquot
                    parts, of the other, or whose ratio cannot be represented by numbers.</p>
                <p>The great Σror&gt;∕ε∕ωnj5 of the ancients has not expressly called attention to
                    this negative relation of magnitudes earlier than in the tenth book of his <hi
                    rend="italic">Elements</hi><hi rend="italic">;</hi> but he has kept it steadily
                    in view in the preceding parts of the work. Hence he has two distinct treatises
                    of proportion; the one of proportion in <hi rend="italic">magnitudes,</hi> the
                    other of proportion in <hi rend="italic">numbers.</hi></p>
                <p>In the second proposition of the tenth book it is shown, that if from the greater
                    of two magnitudes we take the less, or the highest multiple of the less which it
                    contains, then take from the less the remainder, or the highest multiple of the
                    remainder which is contained in it, and so on continually; whenever this process
                    becomes interminable, the magnitudes have no common measure.</p>
                <p>The simplest instance of this interminable process to which we can refer, is in
                    the case of a straight line and the greater segment of the same divided in
                    extreme and mean ratio. For, by proposition 5, book xiii. it appears, that when
                    the greater segment is taken from the whole, the remainder (that is, the less
                    segment) has exactly the same relation to this greater segment which the greater
                    has to the whole, and so on for ever.</p>
                <p>If we begin a similar process with the diagonal and side of a square, at the end
                    of every two operations the two lines with which we have to proceed have the
                    same <hi rend="italic">relative</hi> magnitude as the two with which we began;
                    and thus we should never come to an end. If, therefore, the side of a square be
                    one foot, we cannot possibly express the diagonal in feet or parts of a
                    foot.</p>
                <p>In fact, although, in ultimate practice, every quantity with which the
                    mathematician has to deal is represented by numbers, whole or fractional, the
                    cases where this representation is not metaphysically accurate are far more
                    numerous than where it is perfect.</p>
                <p>Take, for instance, the vulgar logarithms of the natural <hi rend="italic">p</hi>
                    numbers. Let^ be the logarithm of the number N (where <hi rend="italic">p,
                    q,</hi> and the other general characters which we shall use, p denote integer
                    numbers). Then N = 10 <hi rend="superscript"> y</hi>, whence N <hi
                    rend="superscript"> ¢</hi> &gt; = 10 <hi rend="superscript"> p</hi> = 2 <hi
                    rend="superscript"> p</hi> × <hi rend="italic">5</hi><hi rend="italic
                    superscript"> p</hi><hi rend="italic">.</hi> And, since the <hi rend="italic"
                    >q</hi> power of N contains no prime factors but 2 and 5, N itself can contain
                    no other. Let N = <hi rend="italic">2</hi><hi rend="italic superscript"> r</hi>
                    × 5 <hi rend="superscript"> i</hi>. We have now <hi rend="italic">2</hi><hi
                    rend="italic superscript"> qr</hi> × 5 <hi rend="superscript"> Çf</hi> = 2 <hi
                    rend="superscript"> p</hi> × 5 <hi rend="superscript"> P</hi>; so that <hi
                    rend="italic">qr</hi> and <hi rend="italic">qs</hi> being each equal to <hi
                    rend="italic">p,</hi> we have <hi rend="italic">ĩ- = r,</hi> and N = 10 <hi
                    rend="superscript"> r</hi>. Thus^ is necessarily integer, consequently not one
                    logarithm of the series can be properly a fraction; and those which are integer
                    succeed only at intervals, of which each is ten times as great as the
                    preceding.</p>
                <p>We have said that the impossibility of reducing the relation of concrete
                    magnitudes to that of numbers, in an infinity of cases, has caused Euclid to
                    form two distinct treatises of proportion. And it is easy to see by what
                    considerations he has passed from the simpler to the more complex, though this
                    last has priority in the order of the <hi rend="italic">Elements.</hi></p>
                <p>Two numbers are called proportional to two other, or “the first is said to have
                    to the second the same ratio which the third has to the fourth, when the first
                    is the same multiple (aliquot) part or parts of the second which the third is of
                    the fourth.” But we have seen that there may be <hi rend="italic">magnitudes
                    of</hi> the same kind, whereof one is neither multiple, part, nor parts of
                    another; in other words, that have no common measure, no numerical ratio. ìet we
                    may conceive two such magnitudes to be related to each other κατα Ω∙^λ∕zorjjra,
                    exactly like other two.</p>
                <p>If D and S be the diagonal and side of a square; and Δ and Σ the diagonal and
                    side of another square; and if S and Σ be divided into the same number of equal
                    parts, however great the number and small the parts, we may <pb break="no"
                    facs="nls:192941169" xml:id="kp-eb0712-1169-0259"/>conceive and easily prove,
                    that whenever D is greater than <hi rend="italic">m</hi> of the parts of S, but
                    less than <hi rend="italic">m</hi> + 1, Δ is also greater than <hi rend="italic"
                    >m</hi> of the parts of S, but less than <hi rend="italic">m</hi> + 1. So that,
                    amongst incommensurable magnitudes, the first mi&lt;dit be said to have the same
                    ratio to the second which the third has to the fourth, when, “according as the
                    first is greater or less than any multiple, part, or parts whatsoever of the
                    second, the third is greater or less than the same multiple, part, or parts of
                    the fourth.” And both commensurable and incommensurable magnitudes might be
                    brought under the following definition: “The first of four magnitudes has the
                    same ratio to the second which the third has to the fourth, when, according as
                    the first is greater than any multiple, part, or parts whatsoever of the second,
                    equal to it, or less, the third is greater than the same multiple, part, or
                    parts of the fourth, equal to it, or less.”</p>
                <p>7Z . .</p>
                <p>Thus, if — B signify <hi rend="italic">n</hi> of the magnitudes, of which B
                    contains rn, we might say, A has the same ratio to B which C has to D, if,
                    according as A is greater than —B,</p>
                <p>72</p>
                <p>equal to it, or less, C is greater than —D, equal to it, or less;anand <hi
                    rend="italic">η</hi> being not particular numbers, but any whatsoever. But if A
                    = —B, we have <hi rend="italic">mA</hi> = nB; and <hi rend="italic">m</hi>
                    thence, according as A is greater than - B, equal to it, or less, we have <hi
                    rend="italic">mA</hi> greater than <hi rend="italic">nB,</hi> equal to it, or
                    less; and similarly, <hi rend="italic">rnC</hi> greater than <hi rend="italic"
                    >nD,</hi> equal to it, or less. Thus we are brought to Euclid’s definition (book
                    v. def. 5), Ev <hi rend="italic">τlji</hi><hi rend="italic">αυτψ</hi><hi
                    rend="italic">λογω</hi><hi rend="italic">μεγεάη</hi> asysτα∕ <hi rend="italic"
                    >eivai, tfξωτ(</hi> ∣ <hi rend="italic">v</hi> ffgog <hi rend="italic">δsursξοt
                    ×ai</hi><hi rend="italic">τρίτον</hi><hi rend="italic">∙~ξος τετaξτοv</hi><hi
                    rend="italic superscript"> ,</hi><hi rend="italic">orav</hi><hi rend="italic">τά
                    του</hi><hi rend="italic">nfi&gt;τoυ xal τξiτoυ</hi><hi rend="italic"
                    >ίσάχις</hi><hi rend="italic">vολλa-</hi><hi rend="italic">τλάΰια των του
                    δίυτίζου καί ητάξτου ισάκις πολλαπλασίων,</hi> καό’ <hi rend="italic">ίπωονουν
                    πολλαπλασιασμόν,</hi><hi rend="italic">sκaτiξoυ</hi><hi rend="italic">άμα
                    ελλείπη,</hi><hi rend="italic">r</hi> ∣ <hi rend="italic">άμα ίσα η, γ
                    άμα</hi><hi rend="italic">i</hi> ∣ <hi rend="italic">πεξεχτ1</hi><hi
                    rend="italic">ληφόίντα κατάλληλα-</hi></p>
                <p>On the foundation of this definition he has constructed, in his sixth book, what
                    appears to us a far more elegant treatise than any by which modern writers of
                    elements have endeavoured to supersede it. That he has been able to accomplish
                    it logically, without even mentioning the existence of incommensurable
                    magnitudes, is the best possible evidence of its perfection.</p>
                <p>His tenth book has often been called a treatise of incommensurables, or of surds.
                    Not that Euclid has any mode of expressing abstract surds; but he treats of
                    lince and areas whose relation could not be signified arithmetically without
                    surds. The extent of his doctrines on this subject, in more than a hundred
                    propositions, only embraces relations expressed by square roots, and their union
                    with integral or fractional numbers, including repeated extractions of square
                    roots, so as to produce biquadratic roots, &amp;c. <hi rend="italic">in
                    infinitum.</hi></p>
                <p>It is manifest that he knew what is expressed in the algebraic formula √A + B = √
                    {⅜(A + √A <hi rend="superscript"> 2</hi> — B <hi rend="superscript"> 2</hi>)}
                    <hi rend="italic">+ √ {⅜ (A</hi> — √A <hi rend="superscript"> 2</hi> — B <hi
                    rend="superscript"> 2</hi>) }; or that, as the same may be expressed implicitly,
                    “the square root of A + B is the sum of the square roots of the numbers whose
                    sum is A and product ⅜B <hi rend="superscript"> 2</hi>;” which gives this
                    geometrical proposition: “The straight line equal in power to the rectangle
                    under a given line, and the sum of two unequal lines, is composed of two
                    straight lines, which are severally equal m power to the rectangles under the
                    given line and those segments of the greater of the unequal lines whose
                    rectangle is a fourth of the square of the less.” He discusses with equal
                    fulness the propositions contained in the kindred formula √AB = √U(A + √A <hi
                    rend="superscript"> 2</hi> — B <hi rend="superscript"> 2</hi>)} — ^{⅜(A — √A <hi
                    rend="superscript"> 2</hi> — B <hi rend="superscript"> 2</hi>)}∙</p>
                <p>This affords a clew to the design of the greater part of the book, and some of
                    the most elegant constructions. In particular, we may discover, in an attentive
                    consideration of these formulae, the origin of those <hi rend="italic"
                    >hexads</hi> of irrational lines, of which he has been obliged to distinguish
                    some by long and rather uncouth names.</p>
                <p>The tenth book of the <hi rend="italic">Elements</hi> is amongst the very finest
                    performances of antiquity, for subtilty, clearness, and elegance. (o. o. o.)</p>
                <p><hi rend="smallcaps">Incommensurable</hi><hi rend="italic">Numbers</hi> are such
                    as have no common divisor that will divide them both equally.</p>
            </div>
        </body>
    </text>
</TEI>
